--
-- DUMP FILE
--
-- Database is ported from MS Access
--------------------------------------------------------------------
-- Created using "MS Access to MSSQL" form http://www.bullzip.com
-- Program Version 5.3.259
--
set nocount on
go

USE [master]
IF EXISTS (SELECT * FROM master.dbo.sysdatabases WHERE name ='DatosSCTFE') ALTER DATABASE [DatosSCTFE] SET SINGLE_USER With ROLLBACK IMMEDIATE
IF EXISTS (SELECT * FROM master.dbo.sysdatabases WHERE name ='DatosSCTFE') DROP DATABASE [DatosSCTFE]
IF NOT EXISTS (SELECT * FROM master.dbo.sysdatabases WHERE name ='DatosSCTFE') CREATE DATABASE [DatosSCTFE]
go
USE [DatosSCTFE]
go
--
-- Table structure for table 'Barrio'
--

IF object_id(N'Barrio', 'U') IS NOT NULL DROP TABLE [Barrio]

CREATE TABLE [Barrio] (
  [COD_BARRIO] INT NOT NULL, 
  [BARRIO] varchar(100), 
  [AREA] FLOAT, 
  [UTM_X] FLOAT, 
  [UTM_Y] FLOAT, 
  [GRAD_X] FLOAT, 
  [GRAD_Y] FLOAT, 
  [Cod_Distrito] INT DEFAULT 0, 
  PRIMARY KEY ([COD_BARRIO])
)
go
--
-- Dumping data for table 'Barrio'
--

INSERT INTO [Barrio] ([COD_BARRIO], [BARRIO], [AREA], [UTM_X], [UTM_Y], [GRAD_X], [GRAD_Y], [Cod_Distrito]) VALUES (1,'LAS ACACIAS', 115146.433906, 376102.041163, 3150273.86055, -16.2656331214, 28.4731858502, 2)
INSERT INTO [Barrio] ([COD_BARRIO], [BARRIO], [AREA], [UTM_X], [UTM_Y], [GRAD_X], [GRAD_Y], [Cod_Distrito]) VALUES (2,'ACORAN', 879896.587594, 372142.946238, 3143981.0926, -16.305369708, 28.416015347, 5)
INSERT INTO [Barrio] ([COD_BARRIO], [BARRIO], [AREA], [UTM_X], [UTM_Y], [GRAD_X], [GRAD_Y], [Cod_Distrito]) VALUES (3,'AFUR', 5354539.93783, 378303.840474, 3159269.1518, -16.2440986156, 28.5545712195, 1)
INSERT INTO [Barrio] ([COD_BARRIO], [BARRIO], [AREA], [UTM_X], [UTM_Y], [GRAD_X], [GRAD_Y], [Cod_Distrito]) VALUES (4,'LA ALEGRIA', 536005.907933, 378274.125345, 3151498.28789, -16.2435788541, 28.4844404103, 1)
INSERT INTO [Barrio] ([COD_BARRIO], [BARRIO], [AREA], [UTM_X], [UTM_Y], [GRAD_X], [GRAD_Y], [Cod_Distrito]) VALUES (5,'ALISIOS', 622403.196042, 371840.745717, 3145416.5761, -16.308613782, 28.4289400841, 5)
INSERT INTO [Barrio] ([COD_BARRIO], [BARRIO], [AREA], [UTM_X], [UTM_Y], [GRAD_X], [GRAD_Y], [Cod_Distrito]) VALUES (6,'ALMACIGA', 7507932.31472, 384816.051031, 3161044.9856, -16.1777133585, 28.5711913507, 1)
INSERT INTO [Barrio] ([COD_BARRIO], [BARRIO], [AREA], [UTM_X], [UTM_Y], [GRAD_X], [GRAD_Y], [Cod_Distrito]) VALUES (7,'AÑAZA', 1290809.51459, 372817.065235, 3144942.55168, -16.2985945874, 28.4247577845, 5)
INSERT INTO [Barrio] ([COD_BARRIO], [BARRIO], [AREA], [UTM_X], [UTM_Y], [GRAD_X], [GRAD_Y], [Cod_Distrito]) VALUES (8,'EL BAILADERO', 119161.996682, 382216.242205, 3158700.85427, -16.2040508507, 28.5498031016, 1)
INSERT INTO [Barrio] ([COD_BARRIO], [BARRIO], [AREA], [UTM_X], [UTM_Y], [GRAD_X], [GRAD_Y], [Cod_Distrito]) VALUES (9,'BALLESTER', 228269.44912, 374815.811957, 3148976.81232, -16.2786285063, 28.4613578515, 3)
INSERT INTO [Barrio] ([COD_BARRIO], [BARRIO], [AREA], [UTM_X], [UTM_Y], [GRAD_X], [GRAD_Y], [Cod_Distrito]) VALUES (10,'BARRANCO GRANDE', 2068455.21733, 371960.959258, 3146112.18049, -16.3074636054, 28.4352292726, 5)
INSERT INTO [Barrio] ([COD_BARRIO], [BARRIO], [AREA], [UTM_X], [UTM_Y], [GRAD_X], [GRAD_Y], [Cod_Distrito]) VALUES (11,'BARRIO NUEVO', 279071.203613, 375864.820195, 3150363.2133, -16.2680655074, 28.473969658, 2)
INSERT INTO [Barrio] ([COD_BARRIO], [BARRIO], [AREA], [UTM_X], [UTM_Y], [GRAD_X], [GRAD_Y], [Cod_Distrito]) VALUES (12,'BUENAVISTA', 126561.569306, 375873.894869, 3149542.78329, -16.2678844314, 28.4665665549, 4)
INSERT INTO [Barrio] ([COD_BARRIO], [BARRIO], [AREA], [UTM_X], [UTM_Y], [GRAD_X], [GRAD_Y], [Cod_Distrito]) VALUES (13,'BUENOS AIRES', 1894066.79436, 375025.993564, 3146902.73488, -16.276255784, 28.4426610577, 3)
INSERT INTO [Barrio] ([COD_BARRIO], [BARRIO], [AREA], [UTM_X], [UTM_Y], [GRAD_X], [GRAD_Y], [Cod_Distrito]) VALUES (14,'EL CABO', 143027.135612, 377699.253189, 3149090.29885, -16.2491949831, 28.4626556007, 4)
INSERT INTO [Barrio] ([COD_BARRIO], [BARRIO], [AREA], [UTM_X], [UTM_Y], [GRAD_X], [GRAD_Y], [Cod_Distrito]) VALUES (15,'LAS CABRITAS', 93231.3095928, 374526.557003, 3147714.77525, -16.281444993, 28.4499408736, 3)
INSERT INTO [Barrio] ([COD_BARRIO], [BARRIO], [AREA], [UTM_X], [UTM_Y], [GRAD_X], [GRAD_Y], [Cod_Distrito]) VALUES (16,'CAMINO DEL HIERRO', 75493.5069188, 374714.979059, 3148551.75077, -16.2796119889, 28.4575122213, 3)
INSERT INTO [Barrio] ([COD_BARRIO], [BARRIO], [AREA], [UTM_X], [UTM_Y], [GRAD_X], [GRAD_Y], [Cod_Distrito]) VALUES (17,'LOS CAMPITOS', 3229602.5822, 376001.852626, 3151604.29357, -16.2667995069, 28.4851829752, 1)
INSERT INTO [Barrio] ([COD_BARRIO], [BARRIO], [AREA], [UTM_X], [UTM_Y], [GRAD_X], [GRAD_Y], [Cod_Distrito]) VALUES (18,'CASAS DE LA CUMBRE', 2694271.22233, 377612.565587, 3156479.59427, -16.2508661288, 28.5293319815, 1)
INSERT INTO [Barrio] ([COD_BARRIO], [BARRIO], [AREA], [UTM_X], [UTM_Y], [GRAD_X], [GRAD_Y], [Cod_Distrito]) VALUES (19,'CESAR CASARIEGO', 156617.816343, 374153.702929, 3148578.35503, -16.2853463998, 28.4576982862, 3)
INSERT INTO [Barrio] ([COD_BARRIO], [BARRIO], [AREA], [UTM_X], [UTM_Y], [GRAD_X], [GRAD_Y], [Cod_Distrito]) VALUES (20,'CHAMBERI', 318773.286084, 375213.563994, 3147708.26501, -16.2744293386, 28.4499480471, 3)
INSERT INTO [Barrio] ([COD_BARRIO], [BARRIO], [AREA], [UTM_X], [UTM_Y], [GRAD_X], [GRAD_Y], [Cod_Distrito]) VALUES (21,'CHAMORGA', 5099268.4235, 387381.00186, 3161455.35592, -16.1515329145, 28.5751197183, 1)
INSERT INTO [Barrio] ([COD_BARRIO], [BARRIO], [AREA], [UTM_X], [UTM_Y], [GRAD_X], [GRAD_Y], [Cod_Distrito]) VALUES (22,'CHAPATAL', 320050.983308, 376126.590828, 3149238.66777, -16.2652710974, 28.463846126, 4)
INSERT INTO [Barrio] ([COD_BARRIO], [BARRIO], [AREA], [UTM_X], [UTM_Y], [GRAD_X], [GRAD_Y], [Cod_Distrito]) VALUES (23,'CHIMISAY', 183879.581434, 374485.529488, 3148484.1969, -16.2819477092, 28.4568805366, 3)
INSERT INTO [Barrio] ([COD_BARRIO], [BARRIO], [AREA], [UTM_X], [UTM_Y], [GRAD_X], [GRAD_Y], [Cod_Distrito]) VALUES (24,'EL CHORRILLO', 1376876.99266, 371011.962167, 3144575.22296, -16.3169805508, 28.421265772, 5)
INSERT INTO [Barrio] ([COD_BARRIO], [BARRIO], [AREA], [UTM_X], [UTM_Y], [GRAD_X], [GRAD_Y], [Cod_Distrito]) VALUES (25,'CRUZ DEL SEÑOR', 115175.488716, 375416.104545, 3149202.38878, -16.2725227451, 28.4634510283, 4)
INSERT INTO [Barrio] ([COD_BARRIO], [BARRIO], [AREA], [UTM_X], [UTM_Y], [GRAD_X], [GRAD_Y], [Cod_Distrito]) VALUES (26,'CUATRO TORRES', 174980.770644, 377320.125245, 3148982.83519, -16.2530552331, 28.4616501823, 4)
INSERT INTO [Barrio] ([COD_BARRIO], [BARRIO], [AREA], [UTM_X], [UTM_Y], [GRAD_X], [GRAD_Y], [Cod_Distrito]) VALUES (27,'CUESTA PIEDRA', 39147.1846867, 374701.42799, 3149672.49553, -16.279872248, 28.4676249895, 4)
INSERT INTO [Barrio] ([COD_BARRIO], [BARRIO], [AREA], [UTM_X], [UTM_Y], [GRAD_X], [GRAD_Y], [Cod_Distrito]) VALUES (28,'CUEVA BERMEJA', 2438575.42502, 380905.064596, 3153301.48924, -16.2168923254, 28.500956923, 1)
INSERT INTO [Barrio] ([COD_BARRIO], [BARRIO], [AREA], [UTM_X], [UTM_Y], [GRAD_X], [GRAD_Y], [Cod_Distrito]) VALUES (29,'LAS DELICIAS', 328581.819292, 374500.066664, 3148002.35829, -16.2817467861, 28.4525335925, 3)
INSERT INTO [Barrio] ([COD_BARRIO], [BARRIO], [AREA], [UTM_X], [UTM_Y], [GRAD_X], [GRAD_Y], [Cod_Distrito]) VALUES (30,'DUGGI', 174575.47195, 376749.901084, 3149481.86761, -16.2589317485, 28.4660999273, 2)
INSERT INTO [Barrio] ([COD_BARRIO], [BARRIO], [AREA], [UTM_X], [UTM_Y], [GRAD_X], [GRAD_Y], [Cod_Distrito]) VALUES (31,'FINCA LA MULTA', 72692.1680095, 373720.546097, 3148334.54215, -16.2897428645, 28.4554561437, 3)
INSERT INTO [Barrio] ([COD_BARRIO], [BARRIO], [AREA], [UTM_X], [UTM_Y], [GRAD_X], [GRAD_Y], [Cod_Distrito]) VALUES (32,'LA GALLEGA', 1575399.19053, 370464.244639, 3145715.87333, -16.322699494, 28.4315053058, 5)
INSERT INTO [Barrio] ([COD_BARRIO], [BARRIO], [AREA], [UTM_X], [UTM_Y], [GRAD_X], [GRAD_Y], [Cod_Distrito]) VALUES (33,'GARCIA ESCAMEZ', 217115.66199, 375223.729652, 3148194.919, -16.2743782422, 28.454340784, 3)
INSERT INTO [Barrio] ([COD_BARRIO], [BARRIO], [AREA], [UTM_X], [UTM_Y], [GRAD_X], [GRAD_Y], [Cod_Distrito]) VALUES (34,'LOS GLADIOLOS', 397502.788477, 375821.50257, 3148851.03195, -16.2683449891, 28.4603188981, 4)
INSERT INTO [Barrio] ([COD_BARRIO], [BARRIO], [AREA], [UTM_X], [UTM_Y], [GRAD_X], [GRAD_Y], [Cod_Distrito]) VALUES (35,'LOS HOTELES', 136301.868908, 377003.509543, 3149927.00205, -16.2563893091, 28.4701409993, 2)
INSERT INTO [Barrio] ([COD_BARRIO], [BARRIO], [AREA], [UTM_X], [UTM_Y], [GRAD_X], [GRAD_Y], [Cod_Distrito]) VALUES (36,'IFARA', 342699.156566, 376929.454644, 3151040.87222, -16.2572646546, 28.4801861419, 2)
INSERT INTO [Barrio] ([COD_BARRIO], [BARRIO], [AREA], [UTM_X], [UTM_Y], [GRAD_X], [GRAD_Y], [Cod_Distrito]) VALUES (37,'IGUESTE DE SAN ANDRES', 11255159.1446, 386027.551245, 3157451.80279, -16.164973018, 28.5388712223, 1)
INSERT INTO [Barrio] ([COD_BARRIO], [BARRIO], [AREA], [UTM_X], [UTM_Y], [GRAD_X], [GRAD_Y], [Cod_Distrito]) VALUES (38,'JUAN XXIII', 33753.3453334, 374085.460262, 3147672.58686, -16.2859443268, 28.4495176527, 3)
INSERT INTO [Barrio] ([COD_BARRIO], [BARRIO], [AREA], [UTM_X], [UTM_Y], [GRAD_X], [GRAD_Y], [Cod_Distrito]) VALUES (39,'LOS LAVADEROS', 25515.4001797, 377401.506688, 3150506.69674, -16.2523863411, 28.4754099419, 2)
INSERT INTO [Barrio] ([COD_BARRIO], [BARRIO], [AREA], [UTM_X], [UTM_Y], [GRAD_X], [GRAD_Y], [Cod_Distrito]) VALUES (40,'LLANO DEL MORO', 1284804.75425, 369726.633832, 3146954.52393, -16.3303693687, 28.442609998, 5)
INSERT INTO [Barrio] ([COD_BARRIO], [BARRIO], [AREA], [UTM_X], [UTM_Y], [GRAD_X], [GRAD_Y], [Cod_Distrito]) VALUES (41,'LOS LLANOS', 1051633.50595, 377045.94662, 3148361.56248, -16.2557888006, 28.4560176668, 4)
INSERT INTO [Barrio] ([COD_BARRIO], [BARRIO], [AREA], [UTM_X], [UTM_Y], [GRAD_X], [GRAD_Y], [Cod_Distrito]) VALUES (42,'LOMO DE LAS BODEGAS', 13652068.8626, 388292.753464, 3159047.75949, -16.141977772, 28.5534710818, 1)
INSERT INTO [Barrio] ([COD_BARRIO], [BARRIO], [AREA], [UTM_X], [UTM_Y], [GRAD_X], [GRAD_Y], [Cod_Distrito]) VALUES (43,'MARIA JIMENEZ', 11339131.225, 379428.304484, 3155009.32143, -16.2321578824, 28.5162345059, 1)
INSERT INTO [Barrio] ([COD_BARRIO], [BARRIO], [AREA], [UTM_X], [UTM_Y], [GRAD_X], [GRAD_Y], [Cod_Distrito]) VALUES (44,'MAYORAZGO', 1142221.20685, 374432.451057, 3146947.6232, -16.2823223036, 28.4430088007, 3)
INSERT INTO [Barrio] ([COD_BARRIO], [BARRIO], [AREA], [UTM_X], [UTM_Y], [GRAD_X], [GRAD_Y], [Cod_Distrito]) VALUES (45,'LAS MIMOSAS', 545086.178776, 376777.269381, 3150374.93566, -16.2587477589, 28.4741620022, 2)
INSERT INTO [Barrio] ([COD_BARRIO], [BARRIO], [AREA], [UTM_X], [UTM_Y], [GRAD_X], [GRAD_Y], [Cod_Distrito]) VALUES (46,'MIRAMAR', 78387.4245936, 374928.11672, 3148234.80351, -16.2774011713, 28.4546723988, 3)
INSERT INTO [Barrio] ([COD_BARRIO], [BARRIO], [AREA], [UTM_X], [UTM_Y], [GRAD_X], [GRAD_Y], [Cod_Distrito]) VALUES (47,'MORADITAS', 1125600.40913, 373686.574957, 3146520.08646, -16.2898910406, 28.4390786123, 3)
INSERT INTO [Barrio] ([COD_BARRIO], [BARRIO], [AREA], [UTM_X], [UTM_Y], [GRAD_X], [GRAD_Y], [Cod_Distrito]) VALUES (48,'NUEVO OBRERO', 179910.220248, 373739.059646, 3147709.33233, -16.2894853554, 28.4498157939, 3)
INSERT INTO [Barrio] ([COD_BARRIO], [BARRIO], [AREA], [UTM_X], [UTM_Y], [GRAD_X], [GRAD_Y], [Cod_Distrito]) VALUES (49,'EL PERU', 296718.413185, 375285.860706, 3149471.37591, -16.2738819386, 28.4658660529, 4)
INSERT INTO [Barrio] ([COD_BARRIO], [BARRIO], [AREA], [UTM_X], [UTM_Y], [GRAD_X], [GRAD_Y], [Cod_Distrito]) VALUES (50,'LAS RETAMAS', 45311.111376, 373957.765278, 3147840.75584, -16.2872665703, 28.4510229497, 3)
INSERT INTO [Barrio] ([COD_BARRIO], [BARRIO], [AREA], [UTM_X], [UTM_Y], [GRAD_X], [GRAD_Y], [Cod_Distrito]) VALUES (51,'ROQUE NEGRO', 4885157.41301, 377543.525858, 3157759.24541, -16.2517080845, 28.540873517, 1)
INSERT INTO [Barrio] ([COD_BARRIO], [BARRIO], [AREA], [UTM_X], [UTM_Y], [GRAD_X], [GRAD_Y], [Cod_Distrito]) VALUES (52,'SALAMANCA', 257251.629464, 376356.004684, 3149882.19449, -16.2629973541, 28.4696753892, 2)
INSERT INTO [Barrio] ([COD_BARRIO], [BARRIO], [AREA], [UTM_X], [UTM_Y], [GRAD_X], [GRAD_Y], [Cod_Distrito]) VALUES (53,'LA SALLE', 512282.194707, 376669.068015, 3148982.97834, -16.259703833, 28.4615900695, 4)
INSERT INTO [Barrio] ([COD_BARRIO], [BARRIO], [AREA], [UTM_X], [UTM_Y], [GRAD_X], [GRAD_Y], [Cod_Distrito]) VALUES (54,'LA SALUD', 687496.359487, 375270.755379, 3150117.13989, -16.2741061392, 28.4716922505, 4)
INSERT INTO [Barrio] ([COD_BARRIO], [BARRIO], [AREA], [UTM_X], [UTM_Y], [GRAD_X], [GRAD_Y], [Cod_Distrito]) VALUES (55,'SAN ANDRES', 21048735.2539, 382790.030893, 3155971.4431, -16.1979077289, 28.5252241884, 1)
INSERT INTO [Barrio] ([COD_BARRIO], [BARRIO], [AREA], [UTM_X], [UTM_Y], [GRAD_X], [GRAD_Y], [Cod_Distrito]) VALUES (56,'SAN ANTONIO', 65610.2988201, 373826.942043, 3148038.91608, -16.2886240827, 28.4527985756, 3)
INSERT INTO [Barrio] ([COD_BARRIO], [BARRIO], [AREA], [UTM_X], [UTM_Y], [GRAD_X], [GRAD_Y], [Cod_Distrito]) VALUES (57,'SAN PIO X', 136826.30335, 374097.394921, 3147526.11872, -16.2858064423, 28.4481970105, 3)
INSERT INTO [Barrio] ([COD_BARRIO], [BARRIO], [AREA], [UTM_X], [UTM_Y], [GRAD_X], [GRAD_Y], [Cod_Distrito]) VALUES (58,'SAN SEBASTIAN', 67595.7437955, 377209.279256, 3149280.04873, -16.2542188663, 28.4643219484, 4)
INSERT INTO [Barrio] ([COD_BARRIO], [BARRIO], [AREA], [UTM_X], [UTM_Y], [GRAD_X], [GRAD_Y], [Cod_Distrito]) VALUES (59,'SANTA CLARA', 285765.703484, 373925.264012, 3148482.6371, -16.287668656, 28.4568124568, 3)
INSERT INTO [Barrio] ([COD_BARRIO], [BARRIO], [AREA], [UTM_X], [UTM_Y], [GRAD_X], [GRAD_Y], [Cod_Distrito]) VALUES (60,'SANTA MARIA DEL MAR', 371299.731589, 371793.991166, 3144842.24507, -16.3090272978, 28.4237524904, 5)
INSERT INTO [Barrio] ([COD_BARRIO], [BARRIO], [AREA], [UTM_X], [UTM_Y], [GRAD_X], [GRAD_Y], [Cod_Distrito]) VALUES (61,'EL SOBRADILLO', 2247013.94256, 370880.683781, 3147067.24675, -16.3185992875, 28.4437416723, 5)
INSERT INTO [Barrio] ([COD_BARRIO], [BARRIO], [AREA], [UTM_X], [UTM_Y], [GRAD_X], [GRAD_Y], [Cod_Distrito]) VALUES (62,'SOMOSIERRA', 192297.82198, 375607.443284, 3148501.94049, -16.2704932103, 28.4571481271, 3)
INSERT INTO [Barrio] ([COD_BARRIO], [BARRIO], [AREA], [UTM_X], [UTM_Y], [GRAD_X], [GRAD_Y], [Cod_Distrito]) VALUES (63,'SUCULUM', 62200.769365, 383634.73187, 3154511.33681, -16.1891283471, 28.5121220274, 1)
INSERT INTO [Barrio] ([COD_BARRIO], [BARRIO], [AREA], [UTM_X], [UTM_Y], [GRAD_X], [GRAD_Y], [Cod_Distrito]) VALUES (64,'EL TABLERO', 2465367.06796, 369321.348841, 3145258.94327, -16.3343155933, 28.4272680067, 5)
INSERT INTO [Barrio] ([COD_BARRIO], [BARRIO], [AREA], [UTM_X], [UTM_Y], [GRAD_X], [GRAD_Y], [Cod_Distrito]) VALUES (65,'TABORNO', 4676378.60119, 376344.762846, 3160130.57629, -16.2642148713, 28.5621603268, 1)
INSERT INTO [Barrio] ([COD_BARRIO], [BARRIO], [AREA], [UTM_X], [UTM_Y], [GRAD_X], [GRAD_Y], [Cod_Distrito]) VALUES (66,'TAGANANA', 10212504.5243, 381201.266891, 3159613.97104, -16.2145193321, 28.5579508284, 1)
INSERT INTO [Barrio] ([COD_BARRIO], [BARRIO], [AREA], [UTM_X], [UTM_Y], [GRAD_X], [GRAD_Y], [Cod_Distrito]) VALUES (67,'TINCER', 408114.140461, 372272.052077, 3147097.41843, -16.3043967708, 28.444150879, 5)
INSERT INTO [Barrio] ([COD_BARRIO], [BARRIO], [AREA], [UTM_X], [UTM_Y], [GRAD_X], [GRAD_Y], [Cod_Distrito]) VALUES (68,'TIO PINO', 87046.7026245, 375344.457185, 3148819.48088, -16.27321304, 28.4599886455, 3)
INSERT INTO [Barrio] ([COD_BARRIO], [BARRIO], [AREA], [UTM_X], [UTM_Y], [GRAD_X], [GRAD_Y], [Cod_Distrito]) VALUES (69,'TOSCAL', 554278.637213, 377710.566485, 3150225.11924, -16.2491998695, 28.472897882, 2)
INSERT INTO [Barrio] ([COD_BARRIO], [BARRIO], [AREA], [UTM_X], [UTM_Y], [GRAD_X], [GRAD_Y], [Cod_Distrito]) VALUES (70,'TRISTAN', 207830.977443, 375043.690167, 3148598.75396, -16.2762604571, 28.4579679316, 3)
INSERT INTO [Barrio] ([COD_BARRIO], [BARRIO], [AREA], [UTM_X], [UTM_Y], [GRAD_X], [GRAD_Y], [Cod_Distrito]) VALUES (71,'URBANIZACION ANAGA', 1069652.7948, 377736.075247, 3151017.18883, -16.2490234842, 28.4800483247, 2)
INSERT INTO [Barrio] ([COD_BARRIO], [BARRIO], [AREA], [UTM_X], [UTM_Y], [GRAD_X], [GRAD_Y], [Cod_Distrito]) VALUES (72,'URUGUAY', 93740.3110211, 375999.11084, 3149814.50832, -16.266634917, 28.46903065, 2)
INSERT INTO [Barrio] ([COD_BARRIO], [BARRIO], [AREA], [UTM_X], [UTM_Y], [GRAD_X], [GRAD_Y], [Cod_Distrito]) VALUES (73,'VALLE TAHODIO', 11158014.4571, 376095.352951, 3154435.96109, -16.2661510213, 28.5107468257, 1)
INSERT INTO [Barrio] ([COD_BARRIO], [BARRIO], [AREA], [UTM_X], [UTM_Y], [GRAD_X], [GRAD_Y], [Cod_Distrito]) VALUES (74,'VALLESECO', 4213360.37635, 378190.303962, 3153405.86594, -16.244637817, 28.5016481037, 1)
INSERT INTO [Barrio] ([COD_BARRIO], [BARRIO], [AREA], [UTM_X], [UTM_Y], [GRAD_X], [GRAD_Y], [Cod_Distrito]) VALUES (75,'LA VICTORIA', 57045.4842277, 376555.542417, 3148713.51326, -16.2608343108, 28.4591475325, 4)
INSERT INTO [Barrio] ([COD_BARRIO], [BARRIO], [AREA], [UTM_X], [UTM_Y], [GRAD_X], [GRAD_Y], [Cod_Distrito]) VALUES (76,'VILLA ASCENSION', 147012.493633, 374968.728161, 3149647.24787, -16.2771396994, 28.4674228129, 4)
INSERT INTO [Barrio] ([COD_BARRIO], [BARRIO], [AREA], [UTM_X], [UTM_Y], [GRAD_X], [GRAD_Y], [Cod_Distrito]) VALUES (77,'VILLA BENITEZ', 223078.283027, 374620.908321, 3149256.86114, -16.2806493116, 28.4638664102, 3)
INSERT INTO [Barrio] ([COD_BARRIO], [BARRIO], [AREA], [UTM_X], [UTM_Y], [GRAD_X], [GRAD_Y], [Cod_Distrito]) VALUES (78,'VISTABELLA', 174911.148915, 374254.257989, 3149052.70889, -16.2843713181, 28.4619887319, 3)
INSERT INTO [Barrio] ([COD_BARRIO], [BARRIO], [AREA], [UTM_X], [UTM_Y], [GRAD_X], [GRAD_Y], [Cod_Distrito]) VALUES (79,'ZONA CENTRO', 767871.195785, 377705.159009, 3149611.07781, -16.249189888, 28.4673559347, 2)
INSERT INTO [Barrio] ([COD_BARRIO], [BARRIO], [AREA], [UTM_X], [UTM_Y], [GRAD_X], [GRAD_Y], [Cod_Distrito]) VALUES (80,'ZONA RAMBLA', 77780.425202, 376764.474049, 3149752.48828, -16.2588118672, 28.4685435188, 2)
INSERT INTO [Barrio] ([COD_BARRIO], [BARRIO], [AREA], [UTM_X], [UTM_Y], [GRAD_X], [GRAD_Y], [Cod_Distrito]) VALUES (81,'ZONA RAMBLA ALTA', 77780.425202, 376764.474049, 3149752.48828, -16.2588118672, 28.4685435188, 2)
INSERT INTO [Barrio] ([COD_BARRIO], [BARRIO], [AREA], [UTM_X], [UTM_Y], [GRAD_X], [GRAD_Y], [Cod_Distrito]) VALUES (82,'VALLEMOJADO', 4213360.37635, 378190.303962, 3153405.86594, -16.244637817, 28.5016481037, 1)
-- 80 records
go
--
-- Table structure for table 'DatosPadron'
--

IF object_id(N'DatosPadron', 'U') IS NOT NULL DROP TABLE [DatosPadron]

CREATE TABLE [DatosPadron] (
  [COD_BARRIO] INT NOT NULL, 
  [ClaveGrupo] varchar(15) NOT NULL, 
  [Valor] INT, 
  PRIMARY KEY ([COD_BARRIO], [ClaveGrupo])
)


--
-- Dumping data for table 'DatosPadron'
--

INSERT INTO [DatosPadron] ([COD_BARRIO], [ClaveGrupo], [Valor]) VALUES (37, N'H0A4', 4)
INSERT INTO [DatosPadron] ([COD_BARRIO], [ClaveGrupo], [Valor]) VALUES (74, N'H0A4', 31)
INSERT INTO [DatosPadron] ([COD_BARRIO], [ClaveGrupo], [Valor]) VALUES (17, N'H0A4', 16)
INSERT INTO [DatosPadron] ([COD_BARRIO], [ClaveGrupo], [Valor]) VALUES (2, N'H0A4', 74)
INSERT INTO [DatosPadron] ([COD_BARRIO], [ClaveGrupo], [Valor]) VALUES (32, N'H0A4', 208)
INSERT INTO [DatosPadron] ([COD_BARRIO], [ClaveGrupo], [Valor]) VALUES (58, N'H0A4', 22)
INSERT INTO [DatosPadron] ([COD_BARRIO], [ClaveGrupo], [Valor]) VALUES (53, N'H0A4', 197)
INSERT INTO [DatosPadron] ([COD_BARRIO], [ClaveGrupo], [Valor]) VALUES (75, N'H0A4', 8)
INSERT INTO [DatosPadron] ([COD_BARRIO], [ClaveGrupo], [Valor]) VALUES (30, N'H0A4', 100)
INSERT INTO [DatosPadron] ([COD_BARRIO], [ClaveGrupo], [Valor]) VALUES (72, N'H0A4', 21)
INSERT INTO [DatosPadron] ([COD_BARRIO], [ClaveGrupo], [Valor]) VALUES (64, N'H0A4', 28)
INSERT INTO [DatosPadron] ([COD_BARRIO], [ClaveGrupo], [Valor]) VALUES (24, N'H0A4', 10)
INSERT INTO [DatosPadron] ([COD_BARRIO], [ClaveGrupo], [Valor]) VALUES (47, N'H0A4', 16)
INSERT INTO [DatosPadron] ([COD_BARRIO], [ClaveGrupo], [Valor]) VALUES (44, N'H0A4', 10)
INSERT INTO [DatosPadron] ([COD_BARRIO], [ClaveGrupo], [Valor]) VALUES (69, N'H0A4', 149)
INSERT INTO [DatosPadron] ([COD_BARRIO], [ClaveGrupo], [Valor]) VALUES (36, N'H0A4', 21)
INSERT INTO [DatosPadron] ([COD_BARRIO], [ClaveGrupo], [Valor]) VALUES (71, N'H0A4', 110)
INSERT INTO [DatosPadron] ([COD_BARRIO], [ClaveGrupo], [Valor]) VALUES (39, N'H0A4', 6)
INSERT INTO [DatosPadron] ([COD_BARRIO], [ClaveGrupo], [Valor]) VALUES (28, N'H0A4', 2)
INSERT INTO [DatosPadron] ([COD_BARRIO], [ClaveGrupo], [Valor]) VALUES (43, N'H0A4', 48)
INSERT INTO [DatosPadron] ([COD_BARRIO], [ClaveGrupo], [Valor]) VALUES (4, N'H0A4', 30)
INSERT INTO [DatosPadron] ([COD_BARRIO], [ClaveGrupo], [Valor]) VALUES (73, N'H0A4', 1)
INSERT INTO [DatosPadron] ([COD_BARRIO], [ClaveGrupo], [Valor]) VALUES (55, N'H0A4', 36)
INSERT INTO [DatosPadron] ([COD_BARRIO], [ClaveGrupo], [Valor]) VALUES (63, N'H0A4', 2)
INSERT INTO [DatosPadron] ([COD_BARRIO], [ClaveGrupo], [Valor]) VALUES (42, N'H0A4', 1)
INSERT INTO [DatosPadron] ([COD_BARRIO], [ClaveGrupo], [Valor]) VALUES (6, N'H0A4', 2)
INSERT INTO [DatosPadron] ([COD_BARRIO], [ClaveGrupo], [Valor]) VALUES (8, N'H0A4', 1)
INSERT INTO [DatosPadron] ([COD_BARRIO], [ClaveGrupo], [Valor]) VALUES (18, N'H0A4', 1)
INSERT INTO [DatosPadron] ([COD_BARRIO], [ClaveGrupo], [Valor]) VALUES (66, N'H0A4', 4)
INSERT INTO [DatosPadron] ([COD_BARRIO], [ClaveGrupo], [Valor]) VALUES (65, N'H0A4', 2)
INSERT INTO [DatosPadron] ([COD_BARRIO], [ClaveGrupo], [Valor]) VALUES (3, N'H0A4', 2)
INSERT INTO [DatosPadron] ([COD_BARRIO], [ClaveGrupo], [Valor]) VALUES (51, N'H0A4', 1)
INSERT INTO [DatosPadron] ([COD_BARRIO], [ClaveGrupo], [Valor]) VALUES (11, N'H0A4', 31)
INSERT INTO [DatosPadron] ([COD_BARRIO], [ClaveGrupo], [Valor]) VALUES (54, N'H0A4', 157)
INSERT INTO [DatosPadron] ([COD_BARRIO], [ClaveGrupo], [Valor]) VALUES (12, N'H0A4', 60)
INSERT INTO [DatosPadron] ([COD_BARRIO], [ClaveGrupo], [Valor]) VALUES (25, N'H0A4', 49)
INSERT INTO [DatosPadron] ([COD_BARRIO], [ClaveGrupo], [Valor]) VALUES (27, N'H0A4', 8)
INSERT INTO [DatosPadron] ([COD_BARRIO], [ClaveGrupo], [Valor]) VALUES (49, N'H0A4', 66)
INSERT INTO [DatosPadron] ([COD_BARRIO], [ClaveGrupo], [Valor]) VALUES (77, N'H0A4', 10)
INSERT INTO [DatosPadron] ([COD_BARRIO], [ClaveGrupo], [Valor]) VALUES (34, N'H0A4', 94)
INSERT INTO [DatosPadron] ([COD_BARRIO], [ClaveGrupo], [Valor]) VALUES (62, N'H0A4', 37)
INSERT INTO [DatosPadron] ([COD_BARRIO], [ClaveGrupo], [Valor]) VALUES (23, N'H0A4', 38)
INSERT INTO [DatosPadron] ([COD_BARRIO], [ClaveGrupo], [Valor]) VALUES (29, N'H0A4', 45)
INSERT INTO [DatosPadron] ([COD_BARRIO], [ClaveGrupo], [Valor]) VALUES (68, N'H0A4', 11)
INSERT INTO [DatosPadron] ([COD_BARRIO], [ClaveGrupo], [Valor]) VALUES (46, N'H0A4', 20)
INSERT INTO [DatosPadron] ([COD_BARRIO], [ClaveGrupo], [Valor]) VALUES (19, N'H0A4', 65)
INSERT INTO [DatosPadron] ([COD_BARRIO], [ClaveGrupo], [Valor]) VALUES (38, N'H0A4', 14)
INSERT INTO [DatosPadron] ([COD_BARRIO], [ClaveGrupo], [Valor]) VALUES (50, N'H0A4', 13)
INSERT INTO [DatosPadron] ([COD_BARRIO], [ClaveGrupo], [Valor]) VALUES (48, N'H0A4', 56)
INSERT INTO [DatosPadron] ([COD_BARRIO], [ClaveGrupo], [Valor]) VALUES (20, N'H0A4', 14)
INSERT INTO [DatosPadron] ([COD_BARRIO], [ClaveGrupo], [Valor]) VALUES (7, N'H0A4', 212)
INSERT INTO [DatosPadron] ([COD_BARRIO], [ClaveGrupo], [Valor]) VALUES (67, N'H0A4', 49)
INSERT INTO [DatosPadron] ([COD_BARRIO], [ClaveGrupo], [Valor]) VALUES (10, N'H0A4', 191)
INSERT INTO [DatosPadron] ([COD_BARRIO], [ClaveGrupo], [Valor]) VALUES (61, N'H0A4', 255)
INSERT INTO [DatosPadron] ([COD_BARRIO], [ClaveGrupo], [Valor]) VALUES (60, N'H0A4', 15)
INSERT INTO [DatosPadron] ([COD_BARRIO], [ClaveGrupo], [Valor]) VALUES (5, N'H0A4', 100)
INSERT INTO [DatosPadron] ([COD_BARRIO], [ClaveGrupo], [Valor]) VALUES (40, N'H0A4', 31)
INSERT INTO [DatosPadron] ([COD_BARRIO], [ClaveGrupo], [Valor]) VALUES (13, N'H0A4', 5)
INSERT INTO [DatosPadron] ([COD_BARRIO], [ClaveGrupo], [Valor]) VALUES (41, N'H0A4', 84)
INSERT INTO [DatosPadron] ([COD_BARRIO], [ClaveGrupo], [Valor]) VALUES (22, N'H0A4', 56)
INSERT INTO [DatosPadron] ([COD_BARRIO], [ClaveGrupo], [Valor]) VALUES (9, N'H0A4', 10)
INSERT INTO [DatosPadron] ([COD_BARRIO], [ClaveGrupo], [Valor]) VALUES (76, N'H0A4', 15)
INSERT INTO [DatosPadron] ([COD_BARRIO], [ClaveGrupo], [Valor]) VALUES (52, N'H0A4', 89)
INSERT INTO [DatosPadron] ([COD_BARRIO], [ClaveGrupo], [Valor]) VALUES (1, N'H0A4', 7)
go
INSERT INTO [DatosPadron] ([COD_BARRIO], [ClaveGrupo], [Valor]) VALUES (45, N'H0A4', 61)
INSERT INTO [DatosPadron] ([COD_BARRIO], [ClaveGrupo], [Valor]) VALUES (70, N'H0A4', 12)
INSERT INTO [DatosPadron] ([COD_BARRIO], [ClaveGrupo], [Valor]) VALUES (16, N'H0A4', 23)
INSERT INTO [DatosPadron] ([COD_BARRIO], [ClaveGrupo], [Valor]) VALUES (33, N'H0A4', 36)
INSERT INTO [DatosPadron] ([COD_BARRIO], [ClaveGrupo], [Valor]) VALUES (15, N'H0A4', 4)
INSERT INTO [DatosPadron] ([COD_BARRIO], [ClaveGrupo], [Valor]) VALUES (57, N'H0A4', 20)
INSERT INTO [DatosPadron] ([COD_BARRIO], [ClaveGrupo], [Valor]) VALUES (56, N'H0A4', 24)
INSERT INTO [DatosPadron] ([COD_BARRIO], [ClaveGrupo], [Valor]) VALUES (31, N'H0A4', 5)
INSERT INTO [DatosPadron] ([COD_BARRIO], [ClaveGrupo], [Valor]) VALUES (59, N'H0A4', 73)
INSERT INTO [DatosPadron] ([COD_BARRIO], [ClaveGrupo], [Valor]) VALUES (78, N'H0A4', 20)
INSERT INTO [DatosPadron] ([COD_BARRIO], [ClaveGrupo], [Valor]) VALUES (26, N'H0A4', 64)
INSERT INTO [DatosPadron] ([COD_BARRIO], [ClaveGrupo], [Valor]) VALUES (14, N'H0A4', 16)
INSERT INTO [DatosPadron] ([COD_BARRIO], [ClaveGrupo], [Valor]) VALUES (35, N'H0A4', 35)
INSERT INTO [DatosPadron] ([COD_BARRIO], [ClaveGrupo], [Valor]) VALUES (80, N'H0A4', 54)
INSERT INTO [DatosPadron] ([COD_BARRIO], [ClaveGrupo], [Valor]) VALUES (79, N'H0A4', 147)
INSERT INTO [DatosPadron] ([COD_BARRIO], [ClaveGrupo], [Valor]) VALUES (37, N'H5A9', 6)
INSERT INTO [DatosPadron] ([COD_BARRIO], [ClaveGrupo], [Valor]) VALUES (74, N'H5A9', 45)
INSERT INTO [DatosPadron] ([COD_BARRIO], [ClaveGrupo], [Valor]) VALUES (17, N'H5A9', 29)
INSERT INTO [DatosPadron] ([COD_BARRIO], [ClaveGrupo], [Valor]) VALUES (2, N'H5A9', 102)
INSERT INTO [DatosPadron] ([COD_BARRIO], [ClaveGrupo], [Valor]) VALUES (32, N'H5A9', 304)
INSERT INTO [DatosPadron] ([COD_BARRIO], [ClaveGrupo], [Valor]) VALUES (58, N'H5A9', 32)
INSERT INTO [DatosPadron] ([COD_BARRIO], [ClaveGrupo], [Valor]) VALUES (53, N'H5A9', 287)
INSERT INTO [DatosPadron] ([COD_BARRIO], [ClaveGrupo], [Valor]) VALUES (75, N'H5A9', 20)
INSERT INTO [DatosPadron] ([COD_BARRIO], [ClaveGrupo], [Valor]) VALUES (30, N'H5A9', 117)
INSERT INTO [DatosPadron] ([COD_BARRIO], [ClaveGrupo], [Valor]) VALUES (72, N'H5A9', 24)
INSERT INTO [DatosPadron] ([COD_BARRIO], [ClaveGrupo], [Valor]) VALUES (64, N'H5A9', 44)
INSERT INTO [DatosPadron] ([COD_BARRIO], [ClaveGrupo], [Valor]) VALUES (24, N'H5A9', 20)
INSERT INTO [DatosPadron] ([COD_BARRIO], [ClaveGrupo], [Valor]) VALUES (47, N'H5A9', 25)
INSERT INTO [DatosPadron] ([COD_BARRIO], [ClaveGrupo], [Valor]) VALUES (44, N'H5A9', 18)
INSERT INTO [DatosPadron] ([COD_BARRIO], [ClaveGrupo], [Valor]) VALUES (69, N'H5A9', 199)
INSERT INTO [DatosPadron] ([COD_BARRIO], [ClaveGrupo], [Valor]) VALUES (36, N'H5A9', 52)
INSERT INTO [DatosPadron] ([COD_BARRIO], [ClaveGrupo], [Valor]) VALUES (71, N'H5A9', 124)
INSERT INTO [DatosPadron] ([COD_BARRIO], [ClaveGrupo], [Valor]) VALUES (39, N'H5A9', 6)
INSERT INTO [DatosPadron] ([COD_BARRIO], [ClaveGrupo], [Valor]) VALUES (28, N'H5A9', 7)
INSERT INTO [DatosPadron] ([COD_BARRIO], [ClaveGrupo], [Valor]) VALUES (43, N'H5A9', 73)
INSERT INTO [DatosPadron] ([COD_BARRIO], [ClaveGrupo], [Valor]) VALUES (4, N'H5A9', 30)
INSERT INTO [DatosPadron] ([COD_BARRIO], [ClaveGrupo], [Valor]) VALUES (73, N'H5A9', 1)
INSERT INTO [DatosPadron] ([COD_BARRIO], [ClaveGrupo], [Valor]) VALUES (55, N'H5A9', 48)
INSERT INTO [DatosPadron] ([COD_BARRIO], [ClaveGrupo], [Valor]) VALUES (63, N'H5A9', 4)
INSERT INTO [DatosPadron] ([COD_BARRIO], [ClaveGrupo], [Valor]) VALUES (21, N'H5A9', 1)
INSERT INTO [DatosPadron] ([COD_BARRIO], [ClaveGrupo], [Valor]) VALUES (6, N'H5A9', 2)
INSERT INTO [DatosPadron] ([COD_BARRIO], [ClaveGrupo], [Valor]) VALUES (18, N'H5A9', 1)
INSERT INTO [DatosPadron] ([COD_BARRIO], [ClaveGrupo], [Valor]) VALUES (66, N'H5A9', 7)
INSERT INTO [DatosPadron] ([COD_BARRIO], [ClaveGrupo], [Valor]) VALUES (65, N'H5A9', 2)
INSERT INTO [DatosPadron] ([COD_BARRIO], [ClaveGrupo], [Valor]) VALUES (11, N'H5A9', 31)
INSERT INTO [DatosPadron] ([COD_BARRIO], [ClaveGrupo], [Valor]) VALUES (54, N'H5A9', 248)
INSERT INTO [DatosPadron] ([COD_BARRIO], [ClaveGrupo], [Valor]) VALUES (12, N'H5A9', 66)
INSERT INTO [DatosPadron] ([COD_BARRIO], [ClaveGrupo], [Valor]) VALUES (25, N'H5A9', 59)
INSERT INTO [DatosPadron] ([COD_BARRIO], [ClaveGrupo], [Valor]) VALUES (27, N'H5A9', 17)
INSERT INTO [DatosPadron] ([COD_BARRIO], [ClaveGrupo], [Valor]) VALUES (49, N'H5A9', 90)
INSERT INTO [DatosPadron] ([COD_BARRIO], [ClaveGrupo], [Valor]) VALUES (77, N'H5A9', 29)
INSERT INTO [DatosPadron] ([COD_BARRIO], [ClaveGrupo], [Valor]) VALUES (34, N'H5A9', 133)
INSERT INTO [DatosPadron] ([COD_BARRIO], [ClaveGrupo], [Valor]) VALUES (62, N'H5A9', 56)
INSERT INTO [DatosPadron] ([COD_BARRIO], [ClaveGrupo], [Valor]) VALUES (23, N'H5A9', 55)
INSERT INTO [DatosPadron] ([COD_BARRIO], [ClaveGrupo], [Valor]) VALUES (29, N'H5A9', 70)
INSERT INTO [DatosPadron] ([COD_BARRIO], [ClaveGrupo], [Valor]) VALUES (68, N'H5A9', 24)
INSERT INTO [DatosPadron] ([COD_BARRIO], [ClaveGrupo], [Valor]) VALUES (46, N'H5A9', 29)
INSERT INTO [DatosPadron] ([COD_BARRIO], [ClaveGrupo], [Valor]) VALUES (19, N'H5A9', 83)
INSERT INTO [DatosPadron] ([COD_BARRIO], [ClaveGrupo], [Valor]) VALUES (38, N'H5A9', 23)
INSERT INTO [DatosPadron] ([COD_BARRIO], [ClaveGrupo], [Valor]) VALUES (50, N'H5A9', 22)
INSERT INTO [DatosPadron] ([COD_BARRIO], [ClaveGrupo], [Valor]) VALUES (48, N'H5A9', 82)
INSERT INTO [DatosPadron] ([COD_BARRIO], [ClaveGrupo], [Valor]) VALUES (20, N'H5A9', 16)
INSERT INTO [DatosPadron] ([COD_BARRIO], [ClaveGrupo], [Valor]) VALUES (7, N'H5A9', 305)
INSERT INTO [DatosPadron] ([COD_BARRIO], [ClaveGrupo], [Valor]) VALUES (67, N'H5A9', 66)
INSERT INTO [DatosPadron] ([COD_BARRIO], [ClaveGrupo], [Valor]) VALUES (10, N'H5A9', 253)
INSERT INTO [DatosPadron] ([COD_BARRIO], [ClaveGrupo], [Valor]) VALUES (61, N'H5A9', 329)
INSERT INTO [DatosPadron] ([COD_BARRIO], [ClaveGrupo], [Valor]) VALUES (60, N'H5A9', 22)
INSERT INTO [DatosPadron] ([COD_BARRIO], [ClaveGrupo], [Valor]) VALUES (5, N'H5A9', 166)
INSERT INTO [DatosPadron] ([COD_BARRIO], [ClaveGrupo], [Valor]) VALUES (40, N'H5A9', 36)
INSERT INTO [DatosPadron] ([COD_BARRIO], [ClaveGrupo], [Valor]) VALUES (13, N'H5A9', 8)
INSERT INTO [DatosPadron] ([COD_BARRIO], [ClaveGrupo], [Valor]) VALUES (41, N'H5A9', 99)
INSERT INTO [DatosPadron] ([COD_BARRIO], [ClaveGrupo], [Valor]) VALUES (22, N'H5A9', 101)
INSERT INTO [DatosPadron] ([COD_BARRIO], [ClaveGrupo], [Valor]) VALUES (9, N'H5A9', 16)
INSERT INTO [DatosPadron] ([COD_BARRIO], [ClaveGrupo], [Valor]) VALUES (76, N'H5A9', 29)
INSERT INTO [DatosPadron] ([COD_BARRIO], [ClaveGrupo], [Valor]) VALUES (52, N'H5A9', 123)
INSERT INTO [DatosPadron] ([COD_BARRIO], [ClaveGrupo], [Valor]) VALUES (1, N'H5A9', 10)
INSERT INTO [DatosPadron] ([COD_BARRIO], [ClaveGrupo], [Valor]) VALUES (45, N'H5A9', 100)
INSERT INTO [DatosPadron] ([COD_BARRIO], [ClaveGrupo], [Valor]) VALUES (70, N'H5A9', 19)
INSERT INTO [DatosPadron] ([COD_BARRIO], [ClaveGrupo], [Valor]) VALUES (16, N'H5A9', 23)
INSERT INTO [DatosPadron] ([COD_BARRIO], [ClaveGrupo], [Valor]) VALUES (33, N'H5A9', 52)
INSERT INTO [DatosPadron] ([COD_BARRIO], [ClaveGrupo], [Valor]) VALUES (15, N'H5A9', 7)
INSERT INTO [DatosPadron] ([COD_BARRIO], [ClaveGrupo], [Valor]) VALUES (57, N'H5A9', 15)
INSERT INTO [DatosPadron] ([COD_BARRIO], [ClaveGrupo], [Valor]) VALUES (56, N'H5A9', 43)
INSERT INTO [DatosPadron] ([COD_BARRIO], [ClaveGrupo], [Valor]) VALUES (31, N'H5A9', 13)
INSERT INTO [DatosPadron] ([COD_BARRIO], [ClaveGrupo], [Valor]) VALUES (59, N'H5A9', 87)
INSERT INTO [DatosPadron] ([COD_BARRIO], [ClaveGrupo], [Valor]) VALUES (78, N'H5A9', 44)
INSERT INTO [DatosPadron] ([COD_BARRIO], [ClaveGrupo], [Valor]) VALUES (26, N'H5A9', 70)
INSERT INTO [DatosPadron] ([COD_BARRIO], [ClaveGrupo], [Valor]) VALUES (14, N'H5A9', 20)
INSERT INTO [DatosPadron] ([COD_BARRIO], [ClaveGrupo], [Valor]) VALUES (35, N'H5A9', 37)
INSERT INTO [DatosPadron] ([COD_BARRIO], [ClaveGrupo], [Valor]) VALUES (80, N'H5A9', 62)
INSERT INTO [DatosPadron] ([COD_BARRIO], [ClaveGrupo], [Valor]) VALUES (79, N'H5A9', 185)
INSERT INTO [DatosPadron] ([COD_BARRIO], [ClaveGrupo], [Valor]) VALUES (37, N'H10A14', 3)
INSERT INTO [DatosPadron] ([COD_BARRIO], [ClaveGrupo], [Valor]) VALUES (74, N'H10A14', 61)
INSERT INTO [DatosPadron] ([COD_BARRIO], [ClaveGrupo], [Valor]) VALUES (17, N'H10A14', 15)
INSERT INTO [DatosPadron] ([COD_BARRIO], [ClaveGrupo], [Valor]) VALUES (2, N'H10A14', 93)
go
INSERT INTO [DatosPadron] ([COD_BARRIO], [ClaveGrupo], [Valor]) VALUES (32, N'H10A14', 289)
INSERT INTO [DatosPadron] ([COD_BARRIO], [ClaveGrupo], [Valor]) VALUES (58, N'H10A14', 29)
INSERT INTO [DatosPadron] ([COD_BARRIO], [ClaveGrupo], [Valor]) VALUES (53, N'H10A14', 303)
INSERT INTO [DatosPadron] ([COD_BARRIO], [ClaveGrupo], [Valor]) VALUES (75, N'H10A14', 5)
INSERT INTO [DatosPadron] ([COD_BARRIO], [ClaveGrupo], [Valor]) VALUES (30, N'H10A14', 103)
INSERT INTO [DatosPadron] ([COD_BARRIO], [ClaveGrupo], [Valor]) VALUES (72, N'H10A14', 19)
INSERT INTO [DatosPadron] ([COD_BARRIO], [ClaveGrupo], [Valor]) VALUES (64, N'H10A14', 67)
INSERT INTO [DatosPadron] ([COD_BARRIO], [ClaveGrupo], [Valor]) VALUES (24, N'H10A14', 16)
INSERT INTO [DatosPadron] ([COD_BARRIO], [ClaveGrupo], [Valor]) VALUES (47, N'H10A14', 28)
INSERT INTO [DatosPadron] ([COD_BARRIO], [ClaveGrupo], [Valor]) VALUES (44, N'H10A14', 30)
INSERT INTO [DatosPadron] ([COD_BARRIO], [ClaveGrupo], [Valor]) VALUES (69, N'H10A14', 192)
INSERT INTO [DatosPadron] ([COD_BARRIO], [ClaveGrupo], [Valor]) VALUES (36, N'H10A14', 42)
INSERT INTO [DatosPadron] ([COD_BARRIO], [ClaveGrupo], [Valor]) VALUES (71, N'H10A14', 131)
INSERT INTO [DatosPadron] ([COD_BARRIO], [ClaveGrupo], [Valor]) VALUES (39, N'H10A14', 3)
INSERT INTO [DatosPadron] ([COD_BARRIO], [ClaveGrupo], [Valor]) VALUES (28, N'H10A14', 8)
INSERT INTO [DatosPadron] ([COD_BARRIO], [ClaveGrupo], [Valor]) VALUES (43, N'H10A14', 52)
INSERT INTO [DatosPadron] ([COD_BARRIO], [ClaveGrupo], [Valor]) VALUES (4, N'H10A14', 29)
INSERT INTO [DatosPadron] ([COD_BARRIO], [ClaveGrupo], [Valor]) VALUES (73, N'H10A14', 3)
INSERT INTO [DatosPadron] ([COD_BARRIO], [ClaveGrupo], [Valor]) VALUES (55, N'H10A14', 56)
INSERT INTO [DatosPadron] ([COD_BARRIO], [ClaveGrupo], [Valor]) VALUES (63, N'H10A14', 10)
INSERT INTO [DatosPadron] ([COD_BARRIO], [ClaveGrupo], [Valor]) VALUES (6, N'H10A14', 4)
INSERT INTO [DatosPadron] ([COD_BARRIO], [ClaveGrupo], [Valor]) VALUES (18, N'H10A14', 1)
INSERT INTO [DatosPadron] ([COD_BARRIO], [ClaveGrupo], [Valor]) VALUES (66, N'H10A14', 10)
INSERT INTO [DatosPadron] ([COD_BARRIO], [ClaveGrupo], [Valor]) VALUES (51, N'H10A14', 2)
INSERT INTO [DatosPadron] ([COD_BARRIO], [ClaveGrupo], [Valor]) VALUES (11, N'H10A14', 23)
INSERT INTO [DatosPadron] ([COD_BARRIO], [ClaveGrupo], [Valor]) VALUES (54, N'H10A14', 266)
INSERT INTO [DatosPadron] ([COD_BARRIO], [ClaveGrupo], [Valor]) VALUES (12, N'H10A14', 66)
INSERT INTO [DatosPadron] ([COD_BARRIO], [ClaveGrupo], [Valor]) VALUES (25, N'H10A14', 70)
INSERT INTO [DatosPadron] ([COD_BARRIO], [ClaveGrupo], [Valor]) VALUES (27, N'H10A14', 7)
INSERT INTO [DatosPadron] ([COD_BARRIO], [ClaveGrupo], [Valor]) VALUES (49, N'H10A14', 74)
INSERT INTO [DatosPadron] ([COD_BARRIO], [ClaveGrupo], [Valor]) VALUES (77, N'H10A14', 23)
INSERT INTO [DatosPadron] ([COD_BARRIO], [ClaveGrupo], [Valor]) VALUES (34, N'H10A14', 136)
INSERT INTO [DatosPadron] ([COD_BARRIO], [ClaveGrupo], [Valor]) VALUES (62, N'H10A14', 66)
INSERT INTO [DatosPadron] ([COD_BARRIO], [ClaveGrupo], [Valor]) VALUES (23, N'H10A14', 58)
INSERT INTO [DatosPadron] ([COD_BARRIO], [ClaveGrupo], [Valor]) VALUES (29, N'H10A14', 67)
INSERT INTO [DatosPadron] ([COD_BARRIO], [ClaveGrupo], [Valor]) VALUES (68, N'H10A14', 27)
INSERT INTO [DatosPadron] ([COD_BARRIO], [ClaveGrupo], [Valor]) VALUES (46, N'H10A14', 29)
INSERT INTO [DatosPadron] ([COD_BARRIO], [ClaveGrupo], [Valor]) VALUES (19, N'H10A14', 105)
INSERT INTO [DatosPadron] ([COD_BARRIO], [ClaveGrupo], [Valor]) VALUES (38, N'H10A14', 29)
INSERT INTO [DatosPadron] ([COD_BARRIO], [ClaveGrupo], [Valor]) VALUES (50, N'H10A14', 13)
INSERT INTO [DatosPadron] ([COD_BARRIO], [ClaveGrupo], [Valor]) VALUES (48, N'H10A14', 86)
INSERT INTO [DatosPadron] ([COD_BARRIO], [ClaveGrupo], [Valor]) VALUES (20, N'H10A14', 21)
INSERT INTO [DatosPadron] ([COD_BARRIO], [ClaveGrupo], [Valor]) VALUES (7, N'H10A14', 274)
INSERT INTO [DatosPadron] ([COD_BARRIO], [ClaveGrupo], [Valor]) VALUES (67, N'H10A14', 74)
INSERT INTO [DatosPadron] ([COD_BARRIO], [ClaveGrupo], [Valor]) VALUES (10, N'H10A14', 232)
INSERT INTO [DatosPadron] ([COD_BARRIO], [ClaveGrupo], [Valor]) VALUES (61, N'H10A14', 334)
INSERT INTO [DatosPadron] ([COD_BARRIO], [ClaveGrupo], [Valor]) VALUES (60, N'H10A14', 19)
INSERT INTO [DatosPadron] ([COD_BARRIO], [ClaveGrupo], [Valor]) VALUES (5, N'H10A14', 175)
INSERT INTO [DatosPadron] ([COD_BARRIO], [ClaveGrupo], [Valor]) VALUES (40, N'H10A14', 40)
INSERT INTO [DatosPadron] ([COD_BARRIO], [ClaveGrupo], [Valor]) VALUES (13, N'H10A14', 6)
INSERT INTO [DatosPadron] ([COD_BARRIO], [ClaveGrupo], [Valor]) VALUES (41, N'H10A14', 65)
INSERT INTO [DatosPadron] ([COD_BARRIO], [ClaveGrupo], [Valor]) VALUES (22, N'H10A14', 81)
INSERT INTO [DatosPadron] ([COD_BARRIO], [ClaveGrupo], [Valor]) VALUES (9, N'H10A14', 11)
INSERT INTO [DatosPadron] ([COD_BARRIO], [ClaveGrupo], [Valor]) VALUES (76, N'H10A14', 41)
INSERT INTO [DatosPadron] ([COD_BARRIO], [ClaveGrupo], [Valor]) VALUES (52, N'H10A14', 115)
INSERT INTO [DatosPadron] ([COD_BARRIO], [ClaveGrupo], [Valor]) VALUES (1, N'H10A14', 11)
INSERT INTO [DatosPadron] ([COD_BARRIO], [ClaveGrupo], [Valor]) VALUES (45, N'H10A14', 72)
INSERT INTO [DatosPadron] ([COD_BARRIO], [ClaveGrupo], [Valor]) VALUES (70, N'H10A14', 22)
INSERT INTO [DatosPadron] ([COD_BARRIO], [ClaveGrupo], [Valor]) VALUES (16, N'H10A14', 24)
INSERT INTO [DatosPadron] ([COD_BARRIO], [ClaveGrupo], [Valor]) VALUES (33, N'H10A14', 53)
INSERT INTO [DatosPadron] ([COD_BARRIO], [ClaveGrupo], [Valor]) VALUES (15, N'H10A14', 11)
INSERT INTO [DatosPadron] ([COD_BARRIO], [ClaveGrupo], [Valor]) VALUES (57, N'H10A14', 19)
INSERT INTO [DatosPadron] ([COD_BARRIO], [ClaveGrupo], [Valor]) VALUES (56, N'H10A14', 63)
INSERT INTO [DatosPadron] ([COD_BARRIO], [ClaveGrupo], [Valor]) VALUES (31, N'H10A14', 19)
INSERT INTO [DatosPadron] ([COD_BARRIO], [ClaveGrupo], [Valor]) VALUES (59, N'H10A14', 87)
INSERT INTO [DatosPadron] ([COD_BARRIO], [ClaveGrupo], [Valor]) VALUES (78, N'H10A14', 30)
INSERT INTO [DatosPadron] ([COD_BARRIO], [ClaveGrupo], [Valor]) VALUES (26, N'H10A14', 70)
INSERT INTO [DatosPadron] ([COD_BARRIO], [ClaveGrupo], [Valor]) VALUES (14, N'H10A14', 24)
INSERT INTO [DatosPadron] ([COD_BARRIO], [ClaveGrupo], [Valor]) VALUES (35, N'H10A14', 37)
INSERT INTO [DatosPadron] ([COD_BARRIO], [ClaveGrupo], [Valor]) VALUES (80, N'H10A14', 59)
INSERT INTO [DatosPadron] ([COD_BARRIO], [ClaveGrupo], [Valor]) VALUES (79, N'H10A14', 151)
INSERT INTO [DatosPadron] ([COD_BARRIO], [ClaveGrupo], [Valor]) VALUES (37, N'H15A19', 7)
INSERT INTO [DatosPadron] ([COD_BARRIO], [ClaveGrupo], [Valor]) VALUES (74, N'H15A19', 49)
INSERT INTO [DatosPadron] ([COD_BARRIO], [ClaveGrupo], [Valor]) VALUES (17, N'H15A19', 22)
INSERT INTO [DatosPadron] ([COD_BARRIO], [ClaveGrupo], [Valor]) VALUES (2, N'H15A19', 63)
INSERT INTO [DatosPadron] ([COD_BARRIO], [ClaveGrupo], [Valor]) VALUES (32, N'H15A19', 197)
INSERT INTO [DatosPadron] ([COD_BARRIO], [ClaveGrupo], [Valor]) VALUES (58, N'H15A19', 31)
INSERT INTO [DatosPadron] ([COD_BARRIO], [ClaveGrupo], [Valor]) VALUES (53, N'H15A19', 280)
INSERT INTO [DatosPadron] ([COD_BARRIO], [ClaveGrupo], [Valor]) VALUES (75, N'H15A19', 19)
INSERT INTO [DatosPadron] ([COD_BARRIO], [ClaveGrupo], [Valor]) VALUES (30, N'H15A19', 90)
INSERT INTO [DatosPadron] ([COD_BARRIO], [ClaveGrupo], [Valor]) VALUES (72, N'H15A19', 23)
INSERT INTO [DatosPadron] ([COD_BARRIO], [ClaveGrupo], [Valor]) VALUES (64, N'H15A19', 48)
INSERT INTO [DatosPadron] ([COD_BARRIO], [ClaveGrupo], [Valor]) VALUES (24, N'H15A19', 16)
INSERT INTO [DatosPadron] ([COD_BARRIO], [ClaveGrupo], [Valor]) VALUES (47, N'H15A19', 28)
INSERT INTO [DatosPadron] ([COD_BARRIO], [ClaveGrupo], [Valor]) VALUES (44, N'H15A19', 47)
INSERT INTO [DatosPadron] ([COD_BARRIO], [ClaveGrupo], [Valor]) VALUES (69, N'H15A19', 198)
INSERT INTO [DatosPadron] ([COD_BARRIO], [ClaveGrupo], [Valor]) VALUES (36, N'H15A19', 28)
INSERT INTO [DatosPadron] ([COD_BARRIO], [ClaveGrupo], [Valor]) VALUES (71, N'H15A19', 149)
INSERT INTO [DatosPadron] ([COD_BARRIO], [ClaveGrupo], [Valor]) VALUES (39, N'H15A19', 3)
INSERT INTO [DatosPadron] ([COD_BARRIO], [ClaveGrupo], [Valor]) VALUES (28, N'H15A19', 7)
INSERT INTO [DatosPadron] ([COD_BARRIO], [ClaveGrupo], [Valor]) VALUES (43, N'H15A19', 50)
INSERT INTO [DatosPadron] ([COD_BARRIO], [ClaveGrupo], [Valor]) VALUES (4, N'H15A19', 21)
INSERT INTO [DatosPadron] ([COD_BARRIO], [ClaveGrupo], [Valor]) VALUES (73, N'H15A19', 3)
INSERT INTO [DatosPadron] ([COD_BARRIO], [ClaveGrupo], [Valor]) VALUES (55, N'H15A19', 48)
INSERT INTO [DatosPadron] ([COD_BARRIO], [ClaveGrupo], [Valor]) VALUES (63, N'H15A19', 9)
INSERT INTO [DatosPadron] ([COD_BARRIO], [ClaveGrupo], [Valor]) VALUES (21, N'H15A19', 1)
go
INSERT INTO [DatosPadron] ([COD_BARRIO], [ClaveGrupo], [Valor]) VALUES (6, N'H15A19', 6)
INSERT INTO [DatosPadron] ([COD_BARRIO], [ClaveGrupo], [Valor]) VALUES (8, N'H15A19', 1)
INSERT INTO [DatosPadron] ([COD_BARRIO], [ClaveGrupo], [Valor]) VALUES (18, N'H15A19', 3)
INSERT INTO [DatosPadron] ([COD_BARRIO], [ClaveGrupo], [Valor]) VALUES (66, N'H15A19', 14)
INSERT INTO [DatosPadron] ([COD_BARRIO], [ClaveGrupo], [Valor]) VALUES (65, N'H15A19', 2)
INSERT INTO [DatosPadron] ([COD_BARRIO], [ClaveGrupo], [Valor]) VALUES (3, N'H15A19', 2)
INSERT INTO [DatosPadron] ([COD_BARRIO], [ClaveGrupo], [Valor]) VALUES (51, N'H15A19', 3)
INSERT INTO [DatosPadron] ([COD_BARRIO], [ClaveGrupo], [Valor]) VALUES (11, N'H15A19', 20)
INSERT INTO [DatosPadron] ([COD_BARRIO], [ClaveGrupo], [Valor]) VALUES (54, N'H15A19', 243)
INSERT INTO [DatosPadron] ([COD_BARRIO], [ClaveGrupo], [Valor]) VALUES (12, N'H15A19', 87)
INSERT INTO [DatosPadron] ([COD_BARRIO], [ClaveGrupo], [Valor]) VALUES (25, N'H15A19', 84)
INSERT INTO [DatosPadron] ([COD_BARRIO], [ClaveGrupo], [Valor]) VALUES (27, N'H15A19', 18)
INSERT INTO [DatosPadron] ([COD_BARRIO], [ClaveGrupo], [Valor]) VALUES (49, N'H15A19', 120)
INSERT INTO [DatosPadron] ([COD_BARRIO], [ClaveGrupo], [Valor]) VALUES (77, N'H15A19', 24)
INSERT INTO [DatosPadron] ([COD_BARRIO], [ClaveGrupo], [Valor]) VALUES (34, N'H15A19', 127)
INSERT INTO [DatosPadron] ([COD_BARRIO], [ClaveGrupo], [Valor]) VALUES (62, N'H15A19', 58)
INSERT INTO [DatosPadron] ([COD_BARRIO], [ClaveGrupo], [Valor]) VALUES (23, N'H15A19', 48)
INSERT INTO [DatosPadron] ([COD_BARRIO], [ClaveGrupo], [Valor]) VALUES (29, N'H15A19', 55)
INSERT INTO [DatosPadron] ([COD_BARRIO], [ClaveGrupo], [Valor]) VALUES (68, N'H15A19', 28)
INSERT INTO [DatosPadron] ([COD_BARRIO], [ClaveGrupo], [Valor]) VALUES (46, N'H15A19', 35)
INSERT INTO [DatosPadron] ([COD_BARRIO], [ClaveGrupo], [Valor]) VALUES (19, N'H15A19', 100)
INSERT INTO [DatosPadron] ([COD_BARRIO], [ClaveGrupo], [Valor]) VALUES (38, N'H15A19', 32)
INSERT INTO [DatosPadron] ([COD_BARRIO], [ClaveGrupo], [Valor]) VALUES (50, N'H15A19', 12)
INSERT INTO [DatosPadron] ([COD_BARRIO], [ClaveGrupo], [Valor]) VALUES (48, N'H15A19', 79)
INSERT INTO [DatosPadron] ([COD_BARRIO], [ClaveGrupo], [Valor]) VALUES (20, N'H15A19', 19)
INSERT INTO [DatosPadron] ([COD_BARRIO], [ClaveGrupo], [Valor]) VALUES (7, N'H15A19', 323)
INSERT INTO [DatosPadron] ([COD_BARRIO], [ClaveGrupo], [Valor]) VALUES (67, N'H15A19', 76)
INSERT INTO [DatosPadron] ([COD_BARRIO], [ClaveGrupo], [Valor]) VALUES (10, N'H15A19', 207)
INSERT INTO [DatosPadron] ([COD_BARRIO], [ClaveGrupo], [Valor]) VALUES (61, N'H15A19', 312)
INSERT INTO [DatosPadron] ([COD_BARRIO], [ClaveGrupo], [Valor]) VALUES (60, N'H15A19', 18)
INSERT INTO [DatosPadron] ([COD_BARRIO], [ClaveGrupo], [Valor]) VALUES (5, N'H15A19', 139)
INSERT INTO [DatosPadron] ([COD_BARRIO], [ClaveGrupo], [Valor]) VALUES (40, N'H15A19', 31)
INSERT INTO [DatosPadron] ([COD_BARRIO], [ClaveGrupo], [Valor]) VALUES (13, N'H15A19', 5)
INSERT INTO [DatosPadron] ([COD_BARRIO], [ClaveGrupo], [Valor]) VALUES (41, N'H15A19', 58)
INSERT INTO [DatosPadron] ([COD_BARRIO], [ClaveGrupo], [Valor]) VALUES (22, N'H15A19', 110)
INSERT INTO [DatosPadron] ([COD_BARRIO], [ClaveGrupo], [Valor]) VALUES (9, N'H15A19', 22)
INSERT INTO [DatosPadron] ([COD_BARRIO], [ClaveGrupo], [Valor]) VALUES (76, N'H15A19', 66)
INSERT INTO [DatosPadron] ([COD_BARRIO], [ClaveGrupo], [Valor]) VALUES (52, N'H15A19', 113)
INSERT INTO [DatosPadron] ([COD_BARRIO], [ClaveGrupo], [Valor]) VALUES (1, N'H15A19', 20)
INSERT INTO [DatosPadron] ([COD_BARRIO], [ClaveGrupo], [Valor]) VALUES (45, N'H15A19', 65)
INSERT INTO [DatosPadron] ([COD_BARRIO], [ClaveGrupo], [Valor]) VALUES (70, N'H15A19', 27)
INSERT INTO [DatosPadron] ([COD_BARRIO], [ClaveGrupo], [Valor]) VALUES (16, N'H15A19', 30)
INSERT INTO [DatosPadron] ([COD_BARRIO], [ClaveGrupo], [Valor]) VALUES (33, N'H15A19', 60)
INSERT INTO [DatosPadron] ([COD_BARRIO], [ClaveGrupo], [Valor]) VALUES (15, N'H15A19', 11)
INSERT INTO [DatosPadron] ([COD_BARRIO], [ClaveGrupo], [Valor]) VALUES (57, N'H15A19', 19)
INSERT INTO [DatosPadron] ([COD_BARRIO], [ClaveGrupo], [Valor]) VALUES (56, N'H15A19', 53)
INSERT INTO [DatosPadron] ([COD_BARRIO], [ClaveGrupo], [Valor]) VALUES (31, N'H15A19', 24)
INSERT INTO [DatosPadron] ([COD_BARRIO], [ClaveGrupo], [Valor]) VALUES (59, N'H15A19', 90)
INSERT INTO [DatosPadron] ([COD_BARRIO], [ClaveGrupo], [Valor]) VALUES (78, N'H15A19', 33)
INSERT INTO [DatosPadron] ([COD_BARRIO], [ClaveGrupo], [Valor]) VALUES (26, N'H15A19', 67)
INSERT INTO [DatosPadron] ([COD_BARRIO], [ClaveGrupo], [Valor]) VALUES (14, N'H15A19', 16)
INSERT INTO [DatosPadron] ([COD_BARRIO], [ClaveGrupo], [Valor]) VALUES (35, N'H15A19', 35)
INSERT INTO [DatosPadron] ([COD_BARRIO], [ClaveGrupo], [Valor]) VALUES (80, N'H15A19', 60)
INSERT INTO [DatosPadron] ([COD_BARRIO], [ClaveGrupo], [Valor]) VALUES (79, N'H15A19', 190)
INSERT INTO [DatosPadron] ([COD_BARRIO], [ClaveGrupo], [Valor]) VALUES (37, N'H20A24', 5)
INSERT INTO [DatosPadron] ([COD_BARRIO], [ClaveGrupo], [Valor]) VALUES (74, N'H20A24', 55)
INSERT INTO [DatosPadron] ([COD_BARRIO], [ClaveGrupo], [Valor]) VALUES (17, N'H20A24', 28)
INSERT INTO [DatosPadron] ([COD_BARRIO], [ClaveGrupo], [Valor]) VALUES (2, N'H20A24', 67)
INSERT INTO [DatosPadron] ([COD_BARRIO], [ClaveGrupo], [Valor]) VALUES (32, N'H20A24', 159)
INSERT INTO [DatosPadron] ([COD_BARRIO], [ClaveGrupo], [Valor]) VALUES (58, N'H20A24', 26)
INSERT INTO [DatosPadron] ([COD_BARRIO], [ClaveGrupo], [Valor]) VALUES (53, N'H20A24', 264)
INSERT INTO [DatosPadron] ([COD_BARRIO], [ClaveGrupo], [Valor]) VALUES (75, N'H20A24', 18)
INSERT INTO [DatosPadron] ([COD_BARRIO], [ClaveGrupo], [Valor]) VALUES (30, N'H20A24', 131)
INSERT INTO [DatosPadron] ([COD_BARRIO], [ClaveGrupo], [Valor]) VALUES (72, N'H20A24', 30)
INSERT INTO [DatosPadron] ([COD_BARRIO], [ClaveGrupo], [Valor]) VALUES (64, N'H20A24', 48)
INSERT INTO [DatosPadron] ([COD_BARRIO], [ClaveGrupo], [Valor]) VALUES (24, N'H20A24', 6)
INSERT INTO [DatosPadron] ([COD_BARRIO], [ClaveGrupo], [Valor]) VALUES (47, N'H20A24', 26)
INSERT INTO [DatosPadron] ([COD_BARRIO], [ClaveGrupo], [Valor]) VALUES (44, N'H20A24', 22)
INSERT INTO [DatosPadron] ([COD_BARRIO], [ClaveGrupo], [Valor]) VALUES (69, N'H20A24', 221)
INSERT INTO [DatosPadron] ([COD_BARRIO], [ClaveGrupo], [Valor]) VALUES (36, N'H20A24', 42)
INSERT INTO [DatosPadron] ([COD_BARRIO], [ClaveGrupo], [Valor]) VALUES (71, N'H20A24', 153)
INSERT INTO [DatosPadron] ([COD_BARRIO], [ClaveGrupo], [Valor]) VALUES (39, N'H20A24', 6)
INSERT INTO [DatosPadron] ([COD_BARRIO], [ClaveGrupo], [Valor]) VALUES (28, N'H20A24', 7)
INSERT INTO [DatosPadron] ([COD_BARRIO], [ClaveGrupo], [Valor]) VALUES (43, N'H20A24', 49)
INSERT INTO [DatosPadron] ([COD_BARRIO], [ClaveGrupo], [Valor]) VALUES (4, N'H20A24', 41)
INSERT INTO [DatosPadron] ([COD_BARRIO], [ClaveGrupo], [Valor]) VALUES (73, N'H20A24', 2)
INSERT INTO [DatosPadron] ([COD_BARRIO], [ClaveGrupo], [Valor]) VALUES (55, N'H20A24', 57)
INSERT INTO [DatosPadron] ([COD_BARRIO], [ClaveGrupo], [Valor]) VALUES (63, N'H20A24', 15)
INSERT INTO [DatosPadron] ([COD_BARRIO], [ClaveGrupo], [Valor]) VALUES (21, N'H20A24', 3)
INSERT INTO [DatosPadron] ([COD_BARRIO], [ClaveGrupo], [Valor]) VALUES (6, N'H20A24', 4)
INSERT INTO [DatosPadron] ([COD_BARRIO], [ClaveGrupo], [Valor]) VALUES (18, N'H20A24', 2)
INSERT INTO [DatosPadron] ([COD_BARRIO], [ClaveGrupo], [Valor]) VALUES (66, N'H20A24', 9)
INSERT INTO [DatosPadron] ([COD_BARRIO], [ClaveGrupo], [Valor]) VALUES (65, N'H20A24', 2)
INSERT INTO [DatosPadron] ([COD_BARRIO], [ClaveGrupo], [Valor]) VALUES (3, N'H20A24', 1)
INSERT INTO [DatosPadron] ([COD_BARRIO], [ClaveGrupo], [Valor]) VALUES (51, N'H20A24', 2)
INSERT INTO [DatosPadron] ([COD_BARRIO], [ClaveGrupo], [Valor]) VALUES (11, N'H20A24', 46)
INSERT INTO [DatosPadron] ([COD_BARRIO], [ClaveGrupo], [Valor]) VALUES (54, N'H20A24', 312)
INSERT INTO [DatosPadron] ([COD_BARRIO], [ClaveGrupo], [Valor]) VALUES (12, N'H20A24', 100)
INSERT INTO [DatosPadron] ([COD_BARRIO], [ClaveGrupo], [Valor]) VALUES (25, N'H20A24', 108)
INSERT INTO [DatosPadron] ([COD_BARRIO], [ClaveGrupo], [Valor]) VALUES (27, N'H20A24', 24)
INSERT INTO [DatosPadron] ([COD_BARRIO], [ClaveGrupo], [Valor]) VALUES (49, N'H20A24', 157)
INSERT INTO [DatosPadron] ([COD_BARRIO], [ClaveGrupo], [Valor]) VALUES (77, N'H20A24', 22)
INSERT INTO [DatosPadron] ([COD_BARRIO], [ClaveGrupo], [Valor]) VALUES (34, N'H20A24', 152)
INSERT INTO [DatosPadron] ([COD_BARRIO], [ClaveGrupo], [Valor]) VALUES (62, N'H20A24', 61)
INSERT INTO [DatosPadron] ([COD_BARRIO], [ClaveGrupo], [Valor]) VALUES (23, N'H20A24', 59)
INSERT INTO [DatosPadron] ([COD_BARRIO], [ClaveGrupo], [Valor]) VALUES (29, N'H20A24', 79)
go
INSERT INTO [DatosPadron] ([COD_BARRIO], [ClaveGrupo], [Valor]) VALUES (68, N'H20A24', 35)
INSERT INTO [DatosPadron] ([COD_BARRIO], [ClaveGrupo], [Valor]) VALUES (46, N'H20A24', 27)
INSERT INTO [DatosPadron] ([COD_BARRIO], [ClaveGrupo], [Valor]) VALUES (19, N'H20A24', 114)
INSERT INTO [DatosPadron] ([COD_BARRIO], [ClaveGrupo], [Valor]) VALUES (38, N'H20A24', 41)
INSERT INTO [DatosPadron] ([COD_BARRIO], [ClaveGrupo], [Valor]) VALUES (50, N'H20A24', 21)
INSERT INTO [DatosPadron] ([COD_BARRIO], [ClaveGrupo], [Valor]) VALUES (48, N'H20A24', 80)
INSERT INTO [DatosPadron] ([COD_BARRIO], [ClaveGrupo], [Valor]) VALUES (20, N'H20A24', 20)
INSERT INTO [DatosPadron] ([COD_BARRIO], [ClaveGrupo], [Valor]) VALUES (7, N'H20A24', 343)
INSERT INTO [DatosPadron] ([COD_BARRIO], [ClaveGrupo], [Valor]) VALUES (67, N'H20A24', 90)
INSERT INTO [DatosPadron] ([COD_BARRIO], [ClaveGrupo], [Valor]) VALUES (10, N'H20A24', 177)
INSERT INTO [DatosPadron] ([COD_BARRIO], [ClaveGrupo], [Valor]) VALUES (61, N'H20A24', 320)
INSERT INTO [DatosPadron] ([COD_BARRIO], [ClaveGrupo], [Valor]) VALUES (60, N'H20A24', 24)
INSERT INTO [DatosPadron] ([COD_BARRIO], [ClaveGrupo], [Valor]) VALUES (5, N'H20A24', 133)
INSERT INTO [DatosPadron] ([COD_BARRIO], [ClaveGrupo], [Valor]) VALUES (40, N'H20A24', 50)
INSERT INTO [DatosPadron] ([COD_BARRIO], [ClaveGrupo], [Valor]) VALUES (13, N'H20A24', 4)
INSERT INTO [DatosPadron] ([COD_BARRIO], [ClaveGrupo], [Valor]) VALUES (41, N'H20A24', 54)
INSERT INTO [DatosPadron] ([COD_BARRIO], [ClaveGrupo], [Valor]) VALUES (22, N'H20A24', 117)
INSERT INTO [DatosPadron] ([COD_BARRIO], [ClaveGrupo], [Valor]) VALUES (9, N'H20A24', 6)
INSERT INTO [DatosPadron] ([COD_BARRIO], [ClaveGrupo], [Valor]) VALUES (76, N'H20A24', 50)
INSERT INTO [DatosPadron] ([COD_BARRIO], [ClaveGrupo], [Valor]) VALUES (52, N'H20A24', 113)
INSERT INTO [DatosPadron] ([COD_BARRIO], [ClaveGrupo], [Valor]) VALUES (1, N'H20A24', 16)
INSERT INTO [DatosPadron] ([COD_BARRIO], [ClaveGrupo], [Valor]) VALUES (45, N'H20A24', 54)
INSERT INTO [DatosPadron] ([COD_BARRIO], [ClaveGrupo], [Valor]) VALUES (70, N'H20A24', 15)
INSERT INTO [DatosPadron] ([COD_BARRIO], [ClaveGrupo], [Valor]) VALUES (16, N'H20A24', 33)
INSERT INTO [DatosPadron] ([COD_BARRIO], [ClaveGrupo], [Valor]) VALUES (33, N'H20A24', 65)
INSERT INTO [DatosPadron] ([COD_BARRIO], [ClaveGrupo], [Valor]) VALUES (15, N'H20A24', 11)
INSERT INTO [DatosPadron] ([COD_BARRIO], [ClaveGrupo], [Valor]) VALUES (57, N'H20A24', 27)
INSERT INTO [DatosPadron] ([COD_BARRIO], [ClaveGrupo], [Valor]) VALUES (56, N'H20A24', 62)
INSERT INTO [DatosPadron] ([COD_BARRIO], [ClaveGrupo], [Valor]) VALUES (31, N'H20A24', 28)
INSERT INTO [DatosPadron] ([COD_BARRIO], [ClaveGrupo], [Valor]) VALUES (59, N'H20A24', 102)
INSERT INTO [DatosPadron] ([COD_BARRIO], [ClaveGrupo], [Valor]) VALUES (78, N'H20A24', 38)
INSERT INTO [DatosPadron] ([COD_BARRIO], [ClaveGrupo], [Valor]) VALUES (26, N'H20A24', 80)
INSERT INTO [DatosPadron] ([COD_BARRIO], [ClaveGrupo], [Valor]) VALUES (14, N'H20A24', 16)
INSERT INTO [DatosPadron] ([COD_BARRIO], [ClaveGrupo], [Valor]) VALUES (35, N'H20A24', 26)
INSERT INTO [DatosPadron] ([COD_BARRIO], [ClaveGrupo], [Valor]) VALUES (80, N'H20A24', 65)
INSERT INTO [DatosPadron] ([COD_BARRIO], [ClaveGrupo], [Valor]) VALUES (79, N'H20A24', 182)
INSERT INTO [DatosPadron] ([COD_BARRIO], [ClaveGrupo], [Valor]) VALUES (37, N'H25A29', 10)
INSERT INTO [DatosPadron] ([COD_BARRIO], [ClaveGrupo], [Valor]) VALUES (74, N'H25A29', 64)
INSERT INTO [DatosPadron] ([COD_BARRIO], [ClaveGrupo], [Valor]) VALUES (17, N'H25A29', 24)
INSERT INTO [DatosPadron] ([COD_BARRIO], [ClaveGrupo], [Valor]) VALUES (2, N'H25A29', 70)
INSERT INTO [DatosPadron] ([COD_BARRIO], [ClaveGrupo], [Valor]) VALUES (32, N'H25A29', 150)
INSERT INTO [DatosPadron] ([COD_BARRIO], [ClaveGrupo], [Valor]) VALUES (58, N'H25A29', 45)
INSERT INTO [DatosPadron] ([COD_BARRIO], [ClaveGrupo], [Valor]) VALUES (53, N'H25A29', 365)
INSERT INTO [DatosPadron] ([COD_BARRIO], [ClaveGrupo], [Valor]) VALUES (75, N'H25A29', 14)
INSERT INTO [DatosPadron] ([COD_BARRIO], [ClaveGrupo], [Valor]) VALUES (30, N'H25A29', 144)
INSERT INTO [DatosPadron] ([COD_BARRIO], [ClaveGrupo], [Valor]) VALUES (72, N'H25A29', 36)
INSERT INTO [DatosPadron] ([COD_BARRIO], [ClaveGrupo], [Valor]) VALUES (64, N'H25A29', 54)
INSERT INTO [DatosPadron] ([COD_BARRIO], [ClaveGrupo], [Valor]) VALUES (24, N'H25A29', 22)
INSERT INTO [DatosPadron] ([COD_BARRIO], [ClaveGrupo], [Valor]) VALUES (47, N'H25A29', 27)
INSERT INTO [DatosPadron] ([COD_BARRIO], [ClaveGrupo], [Valor]) VALUES (44, N'H25A29', 53)
INSERT INTO [DatosPadron] ([COD_BARRIO], [ClaveGrupo], [Valor]) VALUES (69, N'H25A29', 236)
INSERT INTO [DatosPadron] ([COD_BARRIO], [ClaveGrupo], [Valor]) VALUES (36, N'H25A29', 33)
INSERT INTO [DatosPadron] ([COD_BARRIO], [ClaveGrupo], [Valor]) VALUES (71, N'H25A29', 156)
INSERT INTO [DatosPadron] ([COD_BARRIO], [ClaveGrupo], [Valor]) VALUES (39, N'H25A29', 7)
INSERT INTO [DatosPadron] ([COD_BARRIO], [ClaveGrupo], [Valor]) VALUES (28, N'H25A29', 7)
INSERT INTO [DatosPadron] ([COD_BARRIO], [ClaveGrupo], [Valor]) VALUES (43, N'H25A29', 63)
INSERT INTO [DatosPadron] ([COD_BARRIO], [ClaveGrupo], [Valor]) VALUES (4, N'H25A29', 49)
INSERT INTO [DatosPadron] ([COD_BARRIO], [ClaveGrupo], [Valor]) VALUES (73, N'H25A29', 6)
INSERT INTO [DatosPadron] ([COD_BARRIO], [ClaveGrupo], [Valor]) VALUES (55, N'H25A29', 83)
INSERT INTO [DatosPadron] ([COD_BARRIO], [ClaveGrupo], [Valor]) VALUES (63, N'H25A29', 13)
INSERT INTO [DatosPadron] ([COD_BARRIO], [ClaveGrupo], [Valor]) VALUES (21, N'H25A29', 4)
INSERT INTO [DatosPadron] ([COD_BARRIO], [ClaveGrupo], [Valor]) VALUES (6, N'H25A29', 6)
INSERT INTO [DatosPadron] ([COD_BARRIO], [ClaveGrupo], [Valor]) VALUES (18, N'H25A29', 4)
INSERT INTO [DatosPadron] ([COD_BARRIO], [ClaveGrupo], [Valor]) VALUES (66, N'H25A29', 13)
INSERT INTO [DatosPadron] ([COD_BARRIO], [ClaveGrupo], [Valor]) VALUES (65, N'H25A29', 2)
INSERT INTO [DatosPadron] ([COD_BARRIO], [ClaveGrupo], [Valor]) VALUES (3, N'H25A29', 1)
INSERT INTO [DatosPadron] ([COD_BARRIO], [ClaveGrupo], [Valor]) VALUES (51, N'H25A29', 1)
INSERT INTO [DatosPadron] ([COD_BARRIO], [ClaveGrupo], [Valor]) VALUES (11, N'H25A29', 37)
INSERT INTO [DatosPadron] ([COD_BARRIO], [ClaveGrupo], [Valor]) VALUES (54, N'H25A29', 306)
INSERT INTO [DatosPadron] ([COD_BARRIO], [ClaveGrupo], [Valor]) VALUES (12, N'H25A29', 118)
INSERT INTO [DatosPadron] ([COD_BARRIO], [ClaveGrupo], [Valor]) VALUES (25, N'H25A29', 112)
INSERT INTO [DatosPadron] ([COD_BARRIO], [ClaveGrupo], [Valor]) VALUES (27, N'H25A29', 20)
INSERT INTO [DatosPadron] ([COD_BARRIO], [ClaveGrupo], [Valor]) VALUES (49, N'H25A29', 194)
INSERT INTO [DatosPadron] ([COD_BARRIO], [ClaveGrupo], [Valor]) VALUES (77, N'H25A29', 36)
INSERT INTO [DatosPadron] ([COD_BARRIO], [ClaveGrupo], [Valor]) VALUES (34, N'H25A29', 257)
INSERT INTO [DatosPadron] ([COD_BARRIO], [ClaveGrupo], [Valor]) VALUES (62, N'H25A29', 67)
INSERT INTO [DatosPadron] ([COD_BARRIO], [ClaveGrupo], [Valor]) VALUES (23, N'H25A29', 69)
INSERT INTO [DatosPadron] ([COD_BARRIO], [ClaveGrupo], [Valor]) VALUES (29, N'H25A29', 94)
INSERT INTO [DatosPadron] ([COD_BARRIO], [ClaveGrupo], [Valor]) VALUES (68, N'H25A29', 36)
INSERT INTO [DatosPadron] ([COD_BARRIO], [ClaveGrupo], [Valor]) VALUES (46, N'H25A29', 37)
INSERT INTO [DatosPadron] ([COD_BARRIO], [ClaveGrupo], [Valor]) VALUES (19, N'H25A29', 112)
INSERT INTO [DatosPadron] ([COD_BARRIO], [ClaveGrupo], [Valor]) VALUES (38, N'H25A29', 42)
INSERT INTO [DatosPadron] ([COD_BARRIO], [ClaveGrupo], [Valor]) VALUES (50, N'H25A29', 13)
INSERT INTO [DatosPadron] ([COD_BARRIO], [ClaveGrupo], [Valor]) VALUES (48, N'H25A29', 115)
INSERT INTO [DatosPadron] ([COD_BARRIO], [ClaveGrupo], [Valor]) VALUES (20, N'H25A29', 29)
INSERT INTO [DatosPadron] ([COD_BARRIO], [ClaveGrupo], [Valor]) VALUES (7, N'H25A29', 390)
INSERT INTO [DatosPadron] ([COD_BARRIO], [ClaveGrupo], [Valor]) VALUES (67, N'H25A29', 112)
INSERT INTO [DatosPadron] ([COD_BARRIO], [ClaveGrupo], [Valor]) VALUES (10, N'H25A29', 210)
INSERT INTO [DatosPadron] ([COD_BARRIO], [ClaveGrupo], [Valor]) VALUES (61, N'H25A29', 292)
INSERT INTO [DatosPadron] ([COD_BARRIO], [ClaveGrupo], [Valor]) VALUES (60, N'H25A29', 21)
INSERT INTO [DatosPadron] ([COD_BARRIO], [ClaveGrupo], [Valor]) VALUES (5, N'H25A29', 141)
INSERT INTO [DatosPadron] ([COD_BARRIO], [ClaveGrupo], [Valor]) VALUES (40, N'H25A29', 41)
INSERT INTO [DatosPadron] ([COD_BARRIO], [ClaveGrupo], [Valor]) VALUES (13, N'H25A29', 12)
INSERT INTO [DatosPadron] ([COD_BARRIO], [ClaveGrupo], [Valor]) VALUES (41, N'H25A29', 91)
INSERT INTO [DatosPadron] ([COD_BARRIO], [ClaveGrupo], [Valor]) VALUES (22, N'H25A29', 127)
INSERT INTO [DatosPadron] ([COD_BARRIO], [ClaveGrupo], [Valor]) VALUES (9, N'H25A29', 17)
go
INSERT INTO [DatosPadron] ([COD_BARRIO], [ClaveGrupo], [Valor]) VALUES (76, N'H25A29', 61)
INSERT INTO [DatosPadron] ([COD_BARRIO], [ClaveGrupo], [Valor]) VALUES (52, N'H25A29', 150)
INSERT INTO [DatosPadron] ([COD_BARRIO], [ClaveGrupo], [Valor]) VALUES (1, N'H25A29', 22)
INSERT INTO [DatosPadron] ([COD_BARRIO], [ClaveGrupo], [Valor]) VALUES (45, N'H25A29', 56)
INSERT INTO [DatosPadron] ([COD_BARRIO], [ClaveGrupo], [Valor]) VALUES (70, N'H25A29', 43)
INSERT INTO [DatosPadron] ([COD_BARRIO], [ClaveGrupo], [Valor]) VALUES (16, N'H25A29', 33)
INSERT INTO [DatosPadron] ([COD_BARRIO], [ClaveGrupo], [Valor]) VALUES (33, N'H25A29', 80)
INSERT INTO [DatosPadron] ([COD_BARRIO], [ClaveGrupo], [Valor]) VALUES (15, N'H25A29', 6)
INSERT INTO [DatosPadron] ([COD_BARRIO], [ClaveGrupo], [Valor]) VALUES (57, N'H25A29', 47)
INSERT INTO [DatosPadron] ([COD_BARRIO], [ClaveGrupo], [Valor]) VALUES (56, N'H25A29', 47)
INSERT INTO [DatosPadron] ([COD_BARRIO], [ClaveGrupo], [Valor]) VALUES (31, N'H25A29', 28)
INSERT INTO [DatosPadron] ([COD_BARRIO], [ClaveGrupo], [Valor]) VALUES (59, N'H25A29', 119)
INSERT INTO [DatosPadron] ([COD_BARRIO], [ClaveGrupo], [Valor]) VALUES (78, N'H25A29', 39)
INSERT INTO [DatosPadron] ([COD_BARRIO], [ClaveGrupo], [Valor]) VALUES (26, N'H25A29', 91)
INSERT INTO [DatosPadron] ([COD_BARRIO], [ClaveGrupo], [Valor]) VALUES (14, N'H25A29', 17)
INSERT INTO [DatosPadron] ([COD_BARRIO], [ClaveGrupo], [Valor]) VALUES (35, N'H25A29', 22)
INSERT INTO [DatosPadron] ([COD_BARRIO], [ClaveGrupo], [Valor]) VALUES (80, N'H25A29', 80)
INSERT INTO [DatosPadron] ([COD_BARRIO], [ClaveGrupo], [Valor]) VALUES (79, N'H25A29', 229)
INSERT INTO [DatosPadron] ([COD_BARRIO], [ClaveGrupo], [Valor]) VALUES (37, N'H30A34', 14)
INSERT INTO [DatosPadron] ([COD_BARRIO], [ClaveGrupo], [Valor]) VALUES (74, N'H30A34', 88)
INSERT INTO [DatosPadron] ([COD_BARRIO], [ClaveGrupo], [Valor]) VALUES (17, N'H30A34', 45)
INSERT INTO [DatosPadron] ([COD_BARRIO], [ClaveGrupo], [Valor]) VALUES (2, N'H30A34', 92)
INSERT INTO [DatosPadron] ([COD_BARRIO], [ClaveGrupo], [Valor]) VALUES (32, N'H30A34', 201)
INSERT INTO [DatosPadron] ([COD_BARRIO], [ClaveGrupo], [Valor]) VALUES (58, N'H30A34', 51)
INSERT INTO [DatosPadron] ([COD_BARRIO], [ClaveGrupo], [Valor]) VALUES (53, N'H30A34', 468)
INSERT INTO [DatosPadron] ([COD_BARRIO], [ClaveGrupo], [Valor]) VALUES (75, N'H30A34', 29)
INSERT INTO [DatosPadron] ([COD_BARRIO], [ClaveGrupo], [Valor]) VALUES (30, N'H30A34', 181)
INSERT INTO [DatosPadron] ([COD_BARRIO], [ClaveGrupo], [Valor]) VALUES (72, N'H30A34', 54)
INSERT INTO [DatosPadron] ([COD_BARRIO], [ClaveGrupo], [Valor]) VALUES (64, N'H30A34', 59)
INSERT INTO [DatosPadron] ([COD_BARRIO], [ClaveGrupo], [Valor]) VALUES (24, N'H30A34', 32)
INSERT INTO [DatosPadron] ([COD_BARRIO], [ClaveGrupo], [Valor]) VALUES (47, N'H30A34', 33)
INSERT INTO [DatosPadron] ([COD_BARRIO], [ClaveGrupo], [Valor]) VALUES (44, N'H30A34', 31)
INSERT INTO [DatosPadron] ([COD_BARRIO], [ClaveGrupo], [Valor]) VALUES (69, N'H30A34', 298)
INSERT INTO [DatosPadron] ([COD_BARRIO], [ClaveGrupo], [Valor]) VALUES (36, N'H30A34', 39)
INSERT INTO [DatosPadron] ([COD_BARRIO], [ClaveGrupo], [Valor]) VALUES (71, N'H30A34', 182)
INSERT INTO [DatosPadron] ([COD_BARRIO], [ClaveGrupo], [Valor]) VALUES (39, N'H30A34', 9)
INSERT INTO [DatosPadron] ([COD_BARRIO], [ClaveGrupo], [Valor]) VALUES (28, N'H30A34', 8)
INSERT INTO [DatosPadron] ([COD_BARRIO], [ClaveGrupo], [Valor]) VALUES (43, N'H30A34', 69)
INSERT INTO [DatosPadron] ([COD_BARRIO], [ClaveGrupo], [Valor]) VALUES (4, N'H30A34', 57)
INSERT INTO [DatosPadron] ([COD_BARRIO], [ClaveGrupo], [Valor]) VALUES (73, N'H30A34', 4)
INSERT INTO [DatosPadron] ([COD_BARRIO], [ClaveGrupo], [Valor]) VALUES (55, N'H30A34', 89)
INSERT INTO [DatosPadron] ([COD_BARRIO], [ClaveGrupo], [Valor]) VALUES (63, N'H30A34', 17)
INSERT INTO [DatosPadron] ([COD_BARRIO], [ClaveGrupo], [Valor]) VALUES (21, N'H30A34', 1)
INSERT INTO [DatosPadron] ([COD_BARRIO], [ClaveGrupo], [Valor]) VALUES (6, N'H30A34', 8)
INSERT INTO [DatosPadron] ([COD_BARRIO], [ClaveGrupo], [Valor]) VALUES (18, N'H30A34', 10)
INSERT INTO [DatosPadron] ([COD_BARRIO], [ClaveGrupo], [Valor]) VALUES (66, N'H30A34', 17)
INSERT INTO [DatosPadron] ([COD_BARRIO], [ClaveGrupo], [Valor]) VALUES (65, N'H30A34', 6)
INSERT INTO [DatosPadron] ([COD_BARRIO], [ClaveGrupo], [Valor]) VALUES (3, N'H30A34', 1)
INSERT INTO [DatosPadron] ([COD_BARRIO], [ClaveGrupo], [Valor]) VALUES (51, N'H30A34', 1)
INSERT INTO [DatosPadron] ([COD_BARRIO], [ClaveGrupo], [Valor]) VALUES (11, N'H30A34', 43)
INSERT INTO [DatosPadron] ([COD_BARRIO], [ClaveGrupo], [Valor]) VALUES (54, N'H30A34', 415)
INSERT INTO [DatosPadron] ([COD_BARRIO], [ClaveGrupo], [Valor]) VALUES (12, N'H30A34', 123)
INSERT INTO [DatosPadron] ([COD_BARRIO], [ClaveGrupo], [Valor]) VALUES (25, N'H30A34', 127)
INSERT INTO [DatosPadron] ([COD_BARRIO], [ClaveGrupo], [Valor]) VALUES (27, N'H30A34', 15)
INSERT INTO [DatosPadron] ([COD_BARRIO], [ClaveGrupo], [Valor]) VALUES (49, N'H30A34', 194)
INSERT INTO [DatosPadron] ([COD_BARRIO], [ClaveGrupo], [Valor]) VALUES (77, N'H30A34', 38)
INSERT INTO [DatosPadron] ([COD_BARRIO], [ClaveGrupo], [Valor]) VALUES (34, N'H30A34', 303)
INSERT INTO [DatosPadron] ([COD_BARRIO], [ClaveGrupo], [Valor]) VALUES (62, N'H30A34', 106)
INSERT INTO [DatosPadron] ([COD_BARRIO], [ClaveGrupo], [Valor]) VALUES (23, N'H30A34', 113)
INSERT INTO [DatosPadron] ([COD_BARRIO], [ClaveGrupo], [Valor]) VALUES (29, N'H30A34', 124)
INSERT INTO [DatosPadron] ([COD_BARRIO], [ClaveGrupo], [Valor]) VALUES (68, N'H30A34', 34)
INSERT INTO [DatosPadron] ([COD_BARRIO], [ClaveGrupo], [Valor]) VALUES (46, N'H30A34', 57)
INSERT INTO [DatosPadron] ([COD_BARRIO], [ClaveGrupo], [Valor]) VALUES (19, N'H30A34', 169)
INSERT INTO [DatosPadron] ([COD_BARRIO], [ClaveGrupo], [Valor]) VALUES (38, N'H30A34', 38)
INSERT INTO [DatosPadron] ([COD_BARRIO], [ClaveGrupo], [Valor]) VALUES (50, N'H30A34', 24)
INSERT INTO [DatosPadron] ([COD_BARRIO], [ClaveGrupo], [Valor]) VALUES (48, N'H30A34', 145)
INSERT INTO [DatosPadron] ([COD_BARRIO], [ClaveGrupo], [Valor]) VALUES (20, N'H30A34', 27)
INSERT INTO [DatosPadron] ([COD_BARRIO], [ClaveGrupo], [Valor]) VALUES (7, N'H30A34', 401)
INSERT INTO [DatosPadron] ([COD_BARRIO], [ClaveGrupo], [Valor]) VALUES (67, N'H30A34', 125)
INSERT INTO [DatosPadron] ([COD_BARRIO], [ClaveGrupo], [Valor]) VALUES (10, N'H30A34', 325)
INSERT INTO [DatosPadron] ([COD_BARRIO], [ClaveGrupo], [Valor]) VALUES (61, N'H30A34', 373)
INSERT INTO [DatosPadron] ([COD_BARRIO], [ClaveGrupo], [Valor]) VALUES (60, N'H30A34', 26)
INSERT INTO [DatosPadron] ([COD_BARRIO], [ClaveGrupo], [Valor]) VALUES (5, N'H30A34', 167)
INSERT INTO [DatosPadron] ([COD_BARRIO], [ClaveGrupo], [Valor]) VALUES (40, N'H30A34', 58)
INSERT INTO [DatosPadron] ([COD_BARRIO], [ClaveGrupo], [Valor]) VALUES (13, N'H30A34', 13)
INSERT INTO [DatosPadron] ([COD_BARRIO], [ClaveGrupo], [Valor]) VALUES (41, N'H30A34', 144)
INSERT INTO [DatosPadron] ([COD_BARRIO], [ClaveGrupo], [Valor]) VALUES (22, N'H30A34', 152)
INSERT INTO [DatosPadron] ([COD_BARRIO], [ClaveGrupo], [Valor]) VALUES (9, N'H30A34', 21)
INSERT INTO [DatosPadron] ([COD_BARRIO], [ClaveGrupo], [Valor]) VALUES (76, N'H30A34', 77)
INSERT INTO [DatosPadron] ([COD_BARRIO], [ClaveGrupo], [Valor]) VALUES (52, N'H30A34', 224)
INSERT INTO [DatosPadron] ([COD_BARRIO], [ClaveGrupo], [Valor]) VALUES (1, N'H30A34', 19)
INSERT INTO [DatosPadron] ([COD_BARRIO], [ClaveGrupo], [Valor]) VALUES (45, N'H30A34', 79)
INSERT INTO [DatosPadron] ([COD_BARRIO], [ClaveGrupo], [Valor]) VALUES (70, N'H30A34', 47)
INSERT INTO [DatosPadron] ([COD_BARRIO], [ClaveGrupo], [Valor]) VALUES (16, N'H30A34', 45)
INSERT INTO [DatosPadron] ([COD_BARRIO], [ClaveGrupo], [Valor]) VALUES (33, N'H30A34', 109)
INSERT INTO [DatosPadron] ([COD_BARRIO], [ClaveGrupo], [Valor]) VALUES (15, N'H30A34', 11)
INSERT INTO [DatosPadron] ([COD_BARRIO], [ClaveGrupo], [Valor]) VALUES (57, N'H30A34', 37)
INSERT INTO [DatosPadron] ([COD_BARRIO], [ClaveGrupo], [Valor]) VALUES (56, N'H30A34', 64)
INSERT INTO [DatosPadron] ([COD_BARRIO], [ClaveGrupo], [Valor]) VALUES (31, N'H30A34', 33)
INSERT INTO [DatosPadron] ([COD_BARRIO], [ClaveGrupo], [Valor]) VALUES (59, N'H30A34', 135)
INSERT INTO [DatosPadron] ([COD_BARRIO], [ClaveGrupo], [Valor]) VALUES (78, N'H30A34', 61)
INSERT INTO [DatosPadron] ([COD_BARRIO], [ClaveGrupo], [Valor]) VALUES (26, N'H30A34', 112)
INSERT INTO [DatosPadron] ([COD_BARRIO], [ClaveGrupo], [Valor]) VALUES (14, N'H30A34', 19)
INSERT INTO [DatosPadron] ([COD_BARRIO], [ClaveGrupo], [Valor]) VALUES (35, N'H30A34', 44)
INSERT INTO [DatosPadron] ([COD_BARRIO], [ClaveGrupo], [Valor]) VALUES (80, N'H30A34', 93)
INSERT INTO [DatosPadron] ([COD_BARRIO], [ClaveGrupo], [Valor]) VALUES (79, N'H30A34', 326)
go
INSERT INTO [DatosPadron] ([COD_BARRIO], [ClaveGrupo], [Valor]) VALUES (37, N'H35A39', 20)
INSERT INTO [DatosPadron] ([COD_BARRIO], [ClaveGrupo], [Valor]) VALUES (74, N'H35A39', 98)
INSERT INTO [DatosPadron] ([COD_BARRIO], [ClaveGrupo], [Valor]) VALUES (17, N'H35A39', 57)
INSERT INTO [DatosPadron] ([COD_BARRIO], [ClaveGrupo], [Valor]) VALUES (2, N'H35A39', 145)
INSERT INTO [DatosPadron] ([COD_BARRIO], [ClaveGrupo], [Valor]) VALUES (32, N'H35A39', 435)
INSERT INTO [DatosPadron] ([COD_BARRIO], [ClaveGrupo], [Valor]) VALUES (58, N'H35A39', 50)
INSERT INTO [DatosPadron] ([COD_BARRIO], [ClaveGrupo], [Valor]) VALUES (53, N'H35A39', 529)
INSERT INTO [DatosPadron] ([COD_BARRIO], [ClaveGrupo], [Valor]) VALUES (75, N'H35A39', 32)
INSERT INTO [DatosPadron] ([COD_BARRIO], [ClaveGrupo], [Valor]) VALUES (30, N'H35A39', 237)
INSERT INTO [DatosPadron] ([COD_BARRIO], [ClaveGrupo], [Valor]) VALUES (72, N'H35A39', 41)
INSERT INTO [DatosPadron] ([COD_BARRIO], [ClaveGrupo], [Valor]) VALUES (64, N'H35A39', 71)
INSERT INTO [DatosPadron] ([COD_BARRIO], [ClaveGrupo], [Valor]) VALUES (24, N'H35A39', 35)
INSERT INTO [DatosPadron] ([COD_BARRIO], [ClaveGrupo], [Valor]) VALUES (47, N'H35A39', 40)
INSERT INTO [DatosPadron] ([COD_BARRIO], [ClaveGrupo], [Valor]) VALUES (44, N'H35A39', 25)
INSERT INTO [DatosPadron] ([COD_BARRIO], [ClaveGrupo], [Valor]) VALUES (69, N'H35A39', 367)
INSERT INTO [DatosPadron] ([COD_BARRIO], [ClaveGrupo], [Valor]) VALUES (36, N'H35A39', 33)
INSERT INTO [DatosPadron] ([COD_BARRIO], [ClaveGrupo], [Valor]) VALUES (71, N'H35A39', 187)
INSERT INTO [DatosPadron] ([COD_BARRIO], [ClaveGrupo], [Valor]) VALUES (39, N'H35A39', 12)
INSERT INTO [DatosPadron] ([COD_BARRIO], [ClaveGrupo], [Valor]) VALUES (28, N'H35A39', 8)
INSERT INTO [DatosPadron] ([COD_BARRIO], [ClaveGrupo], [Valor]) VALUES (43, N'H35A39', 134)
INSERT INTO [DatosPadron] ([COD_BARRIO], [ClaveGrupo], [Valor]) VALUES (4, N'H35A39', 60)
INSERT INTO [DatosPadron] ([COD_BARRIO], [ClaveGrupo], [Valor]) VALUES (73, N'H35A39', 2)
INSERT INTO [DatosPadron] ([COD_BARRIO], [ClaveGrupo], [Valor]) VALUES (55, N'H35A39', 102)
INSERT INTO [DatosPadron] ([COD_BARRIO], [ClaveGrupo], [Valor]) VALUES (63, N'H35A39', 7)
INSERT INTO [DatosPadron] ([COD_BARRIO], [ClaveGrupo], [Valor]) VALUES (21, N'H35A39', 2)
INSERT INTO [DatosPadron] ([COD_BARRIO], [ClaveGrupo], [Valor]) VALUES (6, N'H35A39', 8)
INSERT INTO [DatosPadron] ([COD_BARRIO], [ClaveGrupo], [Valor]) VALUES (8, N'H35A39', 1)
INSERT INTO [DatosPadron] ([COD_BARRIO], [ClaveGrupo], [Valor]) VALUES (18, N'H35A39', 4)
INSERT INTO [DatosPadron] ([COD_BARRIO], [ClaveGrupo], [Valor]) VALUES (66, N'H35A39', 30)
INSERT INTO [DatosPadron] ([COD_BARRIO], [ClaveGrupo], [Valor]) VALUES (65, N'H35A39', 4)
INSERT INTO [DatosPadron] ([COD_BARRIO], [ClaveGrupo], [Valor]) VALUES (3, N'H35A39', 1)
INSERT INTO [DatosPadron] ([COD_BARRIO], [ClaveGrupo], [Valor]) VALUES (51, N'H35A39', 4)
INSERT INTO [DatosPadron] ([COD_BARRIO], [ClaveGrupo], [Valor]) VALUES (11, N'H35A39', 53)
INSERT INTO [DatosPadron] ([COD_BARRIO], [ClaveGrupo], [Valor]) VALUES (54, N'H35A39', 422)
INSERT INTO [DatosPadron] ([COD_BARRIO], [ClaveGrupo], [Valor]) VALUES (12, N'H35A39', 144)
INSERT INTO [DatosPadron] ([COD_BARRIO], [ClaveGrupo], [Valor]) VALUES (25, N'H35A39', 149)
INSERT INTO [DatosPadron] ([COD_BARRIO], [ClaveGrupo], [Valor]) VALUES (27, N'H35A39', 22)
INSERT INTO [DatosPadron] ([COD_BARRIO], [ClaveGrupo], [Valor]) VALUES (49, N'H35A39', 187)
INSERT INTO [DatosPadron] ([COD_BARRIO], [ClaveGrupo], [Valor]) VALUES (77, N'H35A39', 31)
INSERT INTO [DatosPadron] ([COD_BARRIO], [ClaveGrupo], [Valor]) VALUES (34, N'H35A39', 321)
INSERT INTO [DatosPadron] ([COD_BARRIO], [ClaveGrupo], [Valor]) VALUES (62, N'H35A39', 129)
INSERT INTO [DatosPadron] ([COD_BARRIO], [ClaveGrupo], [Valor]) VALUES (23, N'H35A39', 123)
INSERT INTO [DatosPadron] ([COD_BARRIO], [ClaveGrupo], [Valor]) VALUES (29, N'H35A39', 124)
INSERT INTO [DatosPadron] ([COD_BARRIO], [ClaveGrupo], [Valor]) VALUES (68, N'H35A39', 40)
INSERT INTO [DatosPadron] ([COD_BARRIO], [ClaveGrupo], [Valor]) VALUES (46, N'H35A39', 65)
INSERT INTO [DatosPadron] ([COD_BARRIO], [ClaveGrupo], [Valor]) VALUES (19, N'H35A39', 200)
INSERT INTO [DatosPadron] ([COD_BARRIO], [ClaveGrupo], [Valor]) VALUES (38, N'H35A39', 46)
INSERT INTO [DatosPadron] ([COD_BARRIO], [ClaveGrupo], [Valor]) VALUES (50, N'H35A39', 23)
INSERT INTO [DatosPadron] ([COD_BARRIO], [ClaveGrupo], [Valor]) VALUES (48, N'H35A39', 146)
INSERT INTO [DatosPadron] ([COD_BARRIO], [ClaveGrupo], [Valor]) VALUES (20, N'H35A39', 34)
INSERT INTO [DatosPadron] ([COD_BARRIO], [ClaveGrupo], [Valor]) VALUES (7, N'H35A39', 395)
INSERT INTO [DatosPadron] ([COD_BARRIO], [ClaveGrupo], [Valor]) VALUES (67, N'H35A39', 97)
INSERT INTO [DatosPadron] ([COD_BARRIO], [ClaveGrupo], [Valor]) VALUES (10, N'H35A39', 428)
INSERT INTO [DatosPadron] ([COD_BARRIO], [ClaveGrupo], [Valor]) VALUES (61, N'H35A39', 506)
INSERT INTO [DatosPadron] ([COD_BARRIO], [ClaveGrupo], [Valor]) VALUES (60, N'H35A39', 40)
INSERT INTO [DatosPadron] ([COD_BARRIO], [ClaveGrupo], [Valor]) VALUES (5, N'H35A39', 242)
INSERT INTO [DatosPadron] ([COD_BARRIO], [ClaveGrupo], [Valor]) VALUES (40, N'H35A39', 59)
INSERT INTO [DatosPadron] ([COD_BARRIO], [ClaveGrupo], [Valor]) VALUES (13, N'H35A39', 13)
INSERT INTO [DatosPadron] ([COD_BARRIO], [ClaveGrupo], [Valor]) VALUES (41, N'H35A39', 197)
INSERT INTO [DatosPadron] ([COD_BARRIO], [ClaveGrupo], [Valor]) VALUES (22, N'H35A39', 137)
INSERT INTO [DatosPadron] ([COD_BARRIO], [ClaveGrupo], [Valor]) VALUES (9, N'H35A39', 28)
INSERT INTO [DatosPadron] ([COD_BARRIO], [ClaveGrupo], [Valor]) VALUES (76, N'H35A39', 58)
INSERT INTO [DatosPadron] ([COD_BARRIO], [ClaveGrupo], [Valor]) VALUES (52, N'H35A39', 221)
INSERT INTO [DatosPadron] ([COD_BARRIO], [ClaveGrupo], [Valor]) VALUES (1, N'H35A39', 19)
INSERT INTO [DatosPadron] ([COD_BARRIO], [ClaveGrupo], [Valor]) VALUES (45, N'H35A39', 90)
INSERT INTO [DatosPadron] ([COD_BARRIO], [ClaveGrupo], [Valor]) VALUES (70, N'H35A39', 33)
INSERT INTO [DatosPadron] ([COD_BARRIO], [ClaveGrupo], [Valor]) VALUES (16, N'H35A39', 45)
INSERT INTO [DatosPadron] ([COD_BARRIO], [ClaveGrupo], [Valor]) VALUES (33, N'H35A39', 106)
INSERT INTO [DatosPadron] ([COD_BARRIO], [ClaveGrupo], [Valor]) VALUES (15, N'H35A39', 18)
INSERT INTO [DatosPadron] ([COD_BARRIO], [ClaveGrupo], [Valor]) VALUES (57, N'H35A39', 34)
INSERT INTO [DatosPadron] ([COD_BARRIO], [ClaveGrupo], [Valor]) VALUES (56, N'H35A39', 72)
INSERT INTO [DatosPadron] ([COD_BARRIO], [ClaveGrupo], [Valor]) VALUES (31, N'H35A39', 29)
INSERT INTO [DatosPadron] ([COD_BARRIO], [ClaveGrupo], [Valor]) VALUES (59, N'H35A39', 167)
INSERT INTO [DatosPadron] ([COD_BARRIO], [ClaveGrupo], [Valor]) VALUES (78, N'H35A39', 73)
INSERT INTO [DatosPadron] ([COD_BARRIO], [ClaveGrupo], [Valor]) VALUES (26, N'H35A39', 153)
INSERT INTO [DatosPadron] ([COD_BARRIO], [ClaveGrupo], [Valor]) VALUES (14, N'H35A39', 21)
INSERT INTO [DatosPadron] ([COD_BARRIO], [ClaveGrupo], [Valor]) VALUES (35, N'H35A39', 56)
INSERT INTO [DatosPadron] ([COD_BARRIO], [ClaveGrupo], [Valor]) VALUES (80, N'H35A39', 107)
INSERT INTO [DatosPadron] ([COD_BARRIO], [ClaveGrupo], [Valor]) VALUES (79, N'H35A39', 393)
INSERT INTO [DatosPadron] ([COD_BARRIO], [ClaveGrupo], [Valor]) VALUES (37, N'H40A44', 14)
INSERT INTO [DatosPadron] ([COD_BARRIO], [ClaveGrupo], [Valor]) VALUES (74, N'H40A44', 92)
INSERT INTO [DatosPadron] ([COD_BARRIO], [ClaveGrupo], [Valor]) VALUES (17, N'H40A44', 31)
INSERT INTO [DatosPadron] ([COD_BARRIO], [ClaveGrupo], [Valor]) VALUES (2, N'H40A44', 169)
INSERT INTO [DatosPadron] ([COD_BARRIO], [ClaveGrupo], [Valor]) VALUES (32, N'H40A44', 491)
INSERT INTO [DatosPadron] ([COD_BARRIO], [ClaveGrupo], [Valor]) VALUES (58, N'H40A44', 50)
INSERT INTO [DatosPadron] ([COD_BARRIO], [ClaveGrupo], [Valor]) VALUES (53, N'H40A44', 567)
INSERT INTO [DatosPadron] ([COD_BARRIO], [ClaveGrupo], [Valor]) VALUES (75, N'H40A44', 34)
INSERT INTO [DatosPadron] ([COD_BARRIO], [ClaveGrupo], [Valor]) VALUES (30, N'H40A44', 259)
INSERT INTO [DatosPadron] ([COD_BARRIO], [ClaveGrupo], [Valor]) VALUES (72, N'H40A44', 42)
INSERT INTO [DatosPadron] ([COD_BARRIO], [ClaveGrupo], [Valor]) VALUES (64, N'H40A44', 60)
INSERT INTO [DatosPadron] ([COD_BARRIO], [ClaveGrupo], [Valor]) VALUES (24, N'H40A44', 33)
INSERT INTO [DatosPadron] ([COD_BARRIO], [ClaveGrupo], [Valor]) VALUES (47, N'H40A44', 50)
INSERT INTO [DatosPadron] ([COD_BARRIO], [ClaveGrupo], [Valor]) VALUES (44, N'H40A44', 23)
INSERT INTO [DatosPadron] ([COD_BARRIO], [ClaveGrupo], [Valor]) VALUES (69, N'H40A44', 363)
INSERT INTO [DatosPadron] ([COD_BARRIO], [ClaveGrupo], [Valor]) VALUES (36, N'H40A44', 53)
INSERT INTO [DatosPadron] ([COD_BARRIO], [ClaveGrupo], [Valor]) VALUES (71, N'H40A44', 208)
go
INSERT INTO [DatosPadron] ([COD_BARRIO], [ClaveGrupo], [Valor]) VALUES (39, N'H40A44', 7)
INSERT INTO [DatosPadron] ([COD_BARRIO], [ClaveGrupo], [Valor]) VALUES (28, N'H40A44', 14)
INSERT INTO [DatosPadron] ([COD_BARRIO], [ClaveGrupo], [Valor]) VALUES (43, N'H40A44', 121)
INSERT INTO [DatosPadron] ([COD_BARRIO], [ClaveGrupo], [Valor]) VALUES (4, N'H40A44', 63)
INSERT INTO [DatosPadron] ([COD_BARRIO], [ClaveGrupo], [Valor]) VALUES (73, N'H40A44', 4)
INSERT INTO [DatosPadron] ([COD_BARRIO], [ClaveGrupo], [Valor]) VALUES (55, N'H40A44', 145)
INSERT INTO [DatosPadron] ([COD_BARRIO], [ClaveGrupo], [Valor]) VALUES (63, N'H40A44', 19)
INSERT INTO [DatosPadron] ([COD_BARRIO], [ClaveGrupo], [Valor]) VALUES (21, N'H40A44', 1)
INSERT INTO [DatosPadron] ([COD_BARRIO], [ClaveGrupo], [Valor]) VALUES (6, N'H40A44', 14)
INSERT INTO [DatosPadron] ([COD_BARRIO], [ClaveGrupo], [Valor]) VALUES (18, N'H40A44', 3)
INSERT INTO [DatosPadron] ([COD_BARRIO], [ClaveGrupo], [Valor]) VALUES (66, N'H40A44', 22)
INSERT INTO [DatosPadron] ([COD_BARRIO], [ClaveGrupo], [Valor]) VALUES (65, N'H40A44', 3)
INSERT INTO [DatosPadron] ([COD_BARRIO], [ClaveGrupo], [Valor]) VALUES (3, N'H40A44', 2)
INSERT INTO [DatosPadron] ([COD_BARRIO], [ClaveGrupo], [Valor]) VALUES (51, N'H40A44', 6)
INSERT INTO [DatosPadron] ([COD_BARRIO], [ClaveGrupo], [Valor]) VALUES (11, N'H40A44', 73)
INSERT INTO [DatosPadron] ([COD_BARRIO], [ClaveGrupo], [Valor]) VALUES (54, N'H40A44', 482)
INSERT INTO [DatosPadron] ([COD_BARRIO], [ClaveGrupo], [Valor]) VALUES (12, N'H40A44', 145)
INSERT INTO [DatosPadron] ([COD_BARRIO], [ClaveGrupo], [Valor]) VALUES (25, N'H40A44', 153)
INSERT INTO [DatosPadron] ([COD_BARRIO], [ClaveGrupo], [Valor]) VALUES (27, N'H40A44', 18)
INSERT INTO [DatosPadron] ([COD_BARRIO], [ClaveGrupo], [Valor]) VALUES (49, N'H40A44', 171)
INSERT INTO [DatosPadron] ([COD_BARRIO], [ClaveGrupo], [Valor]) VALUES (77, N'H40A44', 42)
INSERT INTO [DatosPadron] ([COD_BARRIO], [ClaveGrupo], [Valor]) VALUES (34, N'H40A44', 375)
INSERT INTO [DatosPadron] ([COD_BARRIO], [ClaveGrupo], [Valor]) VALUES (62, N'H40A44', 107)
INSERT INTO [DatosPadron] ([COD_BARRIO], [ClaveGrupo], [Valor]) VALUES (23, N'H40A44', 114)
INSERT INTO [DatosPadron] ([COD_BARRIO], [ClaveGrupo], [Valor]) VALUES (29, N'H40A44', 143)
INSERT INTO [DatosPadron] ([COD_BARRIO], [ClaveGrupo], [Valor]) VALUES (68, N'H40A44', 49)
INSERT INTO [DatosPadron] ([COD_BARRIO], [ClaveGrupo], [Valor]) VALUES (46, N'H40A44', 61)
INSERT INTO [DatosPadron] ([COD_BARRIO], [ClaveGrupo], [Valor]) VALUES (19, N'H40A44', 178)
INSERT INTO [DatosPadron] ([COD_BARRIO], [ClaveGrupo], [Valor]) VALUES (38, N'H40A44', 61)
INSERT INTO [DatosPadron] ([COD_BARRIO], [ClaveGrupo], [Valor]) VALUES (50, N'H40A44', 42)
INSERT INTO [DatosPadron] ([COD_BARRIO], [ClaveGrupo], [Valor]) VALUES (48, N'H40A44', 135)
INSERT INTO [DatosPadron] ([COD_BARRIO], [ClaveGrupo], [Valor]) VALUES (20, N'H40A44', 34)
INSERT INTO [DatosPadron] ([COD_BARRIO], [ClaveGrupo], [Valor]) VALUES (7, N'H40A44', 376)
INSERT INTO [DatosPadron] ([COD_BARRIO], [ClaveGrupo], [Valor]) VALUES (67, N'H40A44', 107)
INSERT INTO [DatosPadron] ([COD_BARRIO], [ClaveGrupo], [Valor]) VALUES (10, N'H40A44', 418)
INSERT INTO [DatosPadron] ([COD_BARRIO], [ClaveGrupo], [Valor]) VALUES (61, N'H40A44', 537)
INSERT INTO [DatosPadron] ([COD_BARRIO], [ClaveGrupo], [Valor]) VALUES (60, N'H40A44', 48)
INSERT INTO [DatosPadron] ([COD_BARRIO], [ClaveGrupo], [Valor]) VALUES (5, N'H40A44', 286)
INSERT INTO [DatosPadron] ([COD_BARRIO], [ClaveGrupo], [Valor]) VALUES (40, N'H40A44', 53)
INSERT INTO [DatosPadron] ([COD_BARRIO], [ClaveGrupo], [Valor]) VALUES (13, N'H40A44', 12)
INSERT INTO [DatosPadron] ([COD_BARRIO], [ClaveGrupo], [Valor]) VALUES (41, N'H40A44', 170)
INSERT INTO [DatosPadron] ([COD_BARRIO], [ClaveGrupo], [Valor]) VALUES (22, N'H40A44', 193)
INSERT INTO [DatosPadron] ([COD_BARRIO], [ClaveGrupo], [Valor]) VALUES (9, N'H40A44', 29)
INSERT INTO [DatosPadron] ([COD_BARRIO], [ClaveGrupo], [Valor]) VALUES (76, N'H40A44', 55)
INSERT INTO [DatosPadron] ([COD_BARRIO], [ClaveGrupo], [Valor]) VALUES (52, N'H40A44', 242)
INSERT INTO [DatosPadron] ([COD_BARRIO], [ClaveGrupo], [Valor]) VALUES (1, N'H40A44', 17)
INSERT INTO [DatosPadron] ([COD_BARRIO], [ClaveGrupo], [Valor]) VALUES (45, N'H40A44', 125)
INSERT INTO [DatosPadron] ([COD_BARRIO], [ClaveGrupo], [Valor]) VALUES (70, N'H40A44', 30)
INSERT INTO [DatosPadron] ([COD_BARRIO], [ClaveGrupo], [Valor]) VALUES (16, N'H40A44', 39)
INSERT INTO [DatosPadron] ([COD_BARRIO], [ClaveGrupo], [Valor]) VALUES (33, N'H40A44', 120)
INSERT INTO [DatosPadron] ([COD_BARRIO], [ClaveGrupo], [Valor]) VALUES (15, N'H40A44', 17)
INSERT INTO [DatosPadron] ([COD_BARRIO], [ClaveGrupo], [Valor]) VALUES (57, N'H40A44', 37)
INSERT INTO [DatosPadron] ([COD_BARRIO], [ClaveGrupo], [Valor]) VALUES (56, N'H40A44', 74)
INSERT INTO [DatosPadron] ([COD_BARRIO], [ClaveGrupo], [Valor]) VALUES (31, N'H40A44', 22)
INSERT INTO [DatosPadron] ([COD_BARRIO], [ClaveGrupo], [Valor]) VALUES (59, N'H40A44', 151)
INSERT INTO [DatosPadron] ([COD_BARRIO], [ClaveGrupo], [Valor]) VALUES (78, N'H40A44', 62)
INSERT INTO [DatosPadron] ([COD_BARRIO], [ClaveGrupo], [Valor]) VALUES (26, N'H40A44', 143)
INSERT INTO [DatosPadron] ([COD_BARRIO], [ClaveGrupo], [Valor]) VALUES (14, N'H40A44', 32)
INSERT INTO [DatosPadron] ([COD_BARRIO], [ClaveGrupo], [Valor]) VALUES (35, N'H40A44', 72)
INSERT INTO [DatosPadron] ([COD_BARRIO], [ClaveGrupo], [Valor]) VALUES (80, N'H40A44', 128)
INSERT INTO [DatosPadron] ([COD_BARRIO], [ClaveGrupo], [Valor]) VALUES (79, N'H40A44', 344)
INSERT INTO [DatosPadron] ([COD_BARRIO], [ClaveGrupo], [Valor]) VALUES (37, N'H45A49', 20)
INSERT INTO [DatosPadron] ([COD_BARRIO], [ClaveGrupo], [Valor]) VALUES (74, N'H45A49', 110)
INSERT INTO [DatosPadron] ([COD_BARRIO], [ClaveGrupo], [Valor]) VALUES (17, N'H45A49', 45)
INSERT INTO [DatosPadron] ([COD_BARRIO], [ClaveGrupo], [Valor]) VALUES (2, N'H45A49', 172)
INSERT INTO [DatosPadron] ([COD_BARRIO], [ClaveGrupo], [Valor]) VALUES (32, N'H45A49', 315)
INSERT INTO [DatosPadron] ([COD_BARRIO], [ClaveGrupo], [Valor]) VALUES (58, N'H45A49', 56)
INSERT INTO [DatosPadron] ([COD_BARRIO], [ClaveGrupo], [Valor]) VALUES (53, N'H45A49', 480)
INSERT INTO [DatosPadron] ([COD_BARRIO], [ClaveGrupo], [Valor]) VALUES (75, N'H45A49', 27)
INSERT INTO [DatosPadron] ([COD_BARRIO], [ClaveGrupo], [Valor]) VALUES (30, N'H45A49', 218)
INSERT INTO [DatosPadron] ([COD_BARRIO], [ClaveGrupo], [Valor]) VALUES (72, N'H45A49', 52)
INSERT INTO [DatosPadron] ([COD_BARRIO], [ClaveGrupo], [Valor]) VALUES (64, N'H45A49', 84)
INSERT INTO [DatosPadron] ([COD_BARRIO], [ClaveGrupo], [Valor]) VALUES (24, N'H45A49', 24)
INSERT INTO [DatosPadron] ([COD_BARRIO], [ClaveGrupo], [Valor]) VALUES (47, N'H45A49', 55)
INSERT INTO [DatosPadron] ([COD_BARRIO], [ClaveGrupo], [Valor]) VALUES (44, N'H45A49', 17)
INSERT INTO [DatosPadron] ([COD_BARRIO], [ClaveGrupo], [Valor]) VALUES (69, N'H45A49', 357)
INSERT INTO [DatosPadron] ([COD_BARRIO], [ClaveGrupo], [Valor]) VALUES (36, N'H45A49', 60)
INSERT INTO [DatosPadron] ([COD_BARRIO], [ClaveGrupo], [Valor]) VALUES (71, N'H45A49', 181)
INSERT INTO [DatosPadron] ([COD_BARRIO], [ClaveGrupo], [Valor]) VALUES (39, N'H45A49', 8)
INSERT INTO [DatosPadron] ([COD_BARRIO], [ClaveGrupo], [Valor]) VALUES (28, N'H45A49', 11)
INSERT INTO [DatosPadron] ([COD_BARRIO], [ClaveGrupo], [Valor]) VALUES (43, N'H45A49', 109)
INSERT INTO [DatosPadron] ([COD_BARRIO], [ClaveGrupo], [Valor]) VALUES (4, N'H45A49', 66)
INSERT INTO [DatosPadron] ([COD_BARRIO], [ClaveGrupo], [Valor]) VALUES (73, N'H45A49', 2)
INSERT INTO [DatosPadron] ([COD_BARRIO], [ClaveGrupo], [Valor]) VALUES (55, N'H45A49', 116)
INSERT INTO [DatosPadron] ([COD_BARRIO], [ClaveGrupo], [Valor]) VALUES (63, N'H45A49', 19)
INSERT INTO [DatosPadron] ([COD_BARRIO], [ClaveGrupo], [Valor]) VALUES (42, N'H45A49', 1)
INSERT INTO [DatosPadron] ([COD_BARRIO], [ClaveGrupo], [Valor]) VALUES (21, N'H45A49', 3)
INSERT INTO [DatosPadron] ([COD_BARRIO], [ClaveGrupo], [Valor]) VALUES (6, N'H45A49', 5)
INSERT INTO [DatosPadron] ([COD_BARRIO], [ClaveGrupo], [Valor]) VALUES (8, N'H45A49', 2)
INSERT INTO [DatosPadron] ([COD_BARRIO], [ClaveGrupo], [Valor]) VALUES (18, N'H45A49', 6)
INSERT INTO [DatosPadron] ([COD_BARRIO], [ClaveGrupo], [Valor]) VALUES (66, N'H45A49', 24)
INSERT INTO [DatosPadron] ([COD_BARRIO], [ClaveGrupo], [Valor]) VALUES (65, N'H45A49', 5)
INSERT INTO [DatosPadron] ([COD_BARRIO], [ClaveGrupo], [Valor]) VALUES (3, N'H45A49', 4)
INSERT INTO [DatosPadron] ([COD_BARRIO], [ClaveGrupo], [Valor]) VALUES (51, N'H45A49', 6)
INSERT INTO [DatosPadron] ([COD_BARRIO], [ClaveGrupo], [Valor]) VALUES (11, N'H45A49', 74)
INSERT INTO [DatosPadron] ([COD_BARRIO], [ClaveGrupo], [Valor]) VALUES (54, N'H45A49', 472)
go
INSERT INTO [DatosPadron] ([COD_BARRIO], [ClaveGrupo], [Valor]) VALUES (12, N'H45A49', 138)
INSERT INTO [DatosPadron] ([COD_BARRIO], [ClaveGrupo], [Valor]) VALUES (25, N'H45A49', 130)
INSERT INTO [DatosPadron] ([COD_BARRIO], [ClaveGrupo], [Valor]) VALUES (27, N'H45A49', 15)
INSERT INTO [DatosPadron] ([COD_BARRIO], [ClaveGrupo], [Valor]) VALUES (49, N'H45A49', 183)
INSERT INTO [DatosPadron] ([COD_BARRIO], [ClaveGrupo], [Valor]) VALUES (77, N'H45A49', 43)
INSERT INTO [DatosPadron] ([COD_BARRIO], [ClaveGrupo], [Valor]) VALUES (34, N'H45A49', 362)
INSERT INTO [DatosPadron] ([COD_BARRIO], [ClaveGrupo], [Valor]) VALUES (62, N'H45A49', 102)
INSERT INTO [DatosPadron] ([COD_BARRIO], [ClaveGrupo], [Valor]) VALUES (23, N'H45A49', 128)
INSERT INTO [DatosPadron] ([COD_BARRIO], [ClaveGrupo], [Valor]) VALUES (29, N'H45A49', 116)
INSERT INTO [DatosPadron] ([COD_BARRIO], [ClaveGrupo], [Valor]) VALUES (68, N'H45A49', 39)
INSERT INTO [DatosPadron] ([COD_BARRIO], [ClaveGrupo], [Valor]) VALUES (46, N'H45A49', 76)
INSERT INTO [DatosPadron] ([COD_BARRIO], [ClaveGrupo], [Valor]) VALUES (19, N'H45A49', 151)
INSERT INTO [DatosPadron] ([COD_BARRIO], [ClaveGrupo], [Valor]) VALUES (38, N'H45A49', 48)
INSERT INTO [DatosPadron] ([COD_BARRIO], [ClaveGrupo], [Valor]) VALUES (50, N'H45A49', 32)
INSERT INTO [DatosPadron] ([COD_BARRIO], [ClaveGrupo], [Valor]) VALUES (48, N'H45A49', 106)
INSERT INTO [DatosPadron] ([COD_BARRIO], [ClaveGrupo], [Valor]) VALUES (20, N'H45A49', 30)
INSERT INTO [DatosPadron] ([COD_BARRIO], [ClaveGrupo], [Valor]) VALUES (7, N'H45A49', 348)
INSERT INTO [DatosPadron] ([COD_BARRIO], [ClaveGrupo], [Valor]) VALUES (67, N'H45A49', 116)
INSERT INTO [DatosPadron] ([COD_BARRIO], [ClaveGrupo], [Valor]) VALUES (10, N'H45A49', 303)
INSERT INTO [DatosPadron] ([COD_BARRIO], [ClaveGrupo], [Valor]) VALUES (61, N'H45A49', 463)
INSERT INTO [DatosPadron] ([COD_BARRIO], [ClaveGrupo], [Valor]) VALUES (60, N'H45A49', 33)
INSERT INTO [DatosPadron] ([COD_BARRIO], [ClaveGrupo], [Valor]) VALUES (5, N'H45A49', 248)
INSERT INTO [DatosPadron] ([COD_BARRIO], [ClaveGrupo], [Valor]) VALUES (40, N'H45A49', 62)
INSERT INTO [DatosPadron] ([COD_BARRIO], [ClaveGrupo], [Valor]) VALUES (13, N'H45A49', 16)
INSERT INTO [DatosPadron] ([COD_BARRIO], [ClaveGrupo], [Valor]) VALUES (41, N'H45A49', 142)
INSERT INTO [DatosPadron] ([COD_BARRIO], [ClaveGrupo], [Valor]) VALUES (22, N'H45A49', 137)
INSERT INTO [DatosPadron] ([COD_BARRIO], [ClaveGrupo], [Valor]) VALUES (9, N'H45A49', 15)
INSERT INTO [DatosPadron] ([COD_BARRIO], [ClaveGrupo], [Valor]) VALUES (76, N'H45A49', 66)
INSERT INTO [DatosPadron] ([COD_BARRIO], [ClaveGrupo], [Valor]) VALUES (52, N'H45A49', 203)
INSERT INTO [DatosPadron] ([COD_BARRIO], [ClaveGrupo], [Valor]) VALUES (1, N'H45A49', 18)
INSERT INTO [DatosPadron] ([COD_BARRIO], [ClaveGrupo], [Valor]) VALUES (45, N'H45A49', 118)
INSERT INTO [DatosPadron] ([COD_BARRIO], [ClaveGrupo], [Valor]) VALUES (70, N'H45A49', 26)
INSERT INTO [DatosPadron] ([COD_BARRIO], [ClaveGrupo], [Valor]) VALUES (16, N'H45A49', 53)
INSERT INTO [DatosPadron] ([COD_BARRIO], [ClaveGrupo], [Valor]) VALUES (33, N'H45A49', 104)
INSERT INTO [DatosPadron] ([COD_BARRIO], [ClaveGrupo], [Valor]) VALUES (15, N'H45A49', 19)
INSERT INTO [DatosPadron] ([COD_BARRIO], [ClaveGrupo], [Valor]) VALUES (57, N'H45A49', 44)
INSERT INTO [DatosPadron] ([COD_BARRIO], [ClaveGrupo], [Valor]) VALUES (56, N'H45A49', 70)
INSERT INTO [DatosPadron] ([COD_BARRIO], [ClaveGrupo], [Valor]) VALUES (31, N'H45A49', 30)
INSERT INTO [DatosPadron] ([COD_BARRIO], [ClaveGrupo], [Valor]) VALUES (59, N'H45A49', 140)
INSERT INTO [DatosPadron] ([COD_BARRIO], [ClaveGrupo], [Valor]) VALUES (78, N'H45A49', 73)
INSERT INTO [DatosPadron] ([COD_BARRIO], [ClaveGrupo], [Valor]) VALUES (26, N'H45A49', 130)
INSERT INTO [DatosPadron] ([COD_BARRIO], [ClaveGrupo], [Valor]) VALUES (14, N'H45A49', 33)
INSERT INTO [DatosPadron] ([COD_BARRIO], [ClaveGrupo], [Valor]) VALUES (35, N'H45A49', 57)
INSERT INTO [DatosPadron] ([COD_BARRIO], [ClaveGrupo], [Valor]) VALUES (80, N'H45A49', 111)
INSERT INTO [DatosPadron] ([COD_BARRIO], [ClaveGrupo], [Valor]) VALUES (79, N'H45A49', 364)
INSERT INTO [DatosPadron] ([COD_BARRIO], [ClaveGrupo], [Valor]) VALUES (37, N'H50A54', 31)
INSERT INTO [DatosPadron] ([COD_BARRIO], [ClaveGrupo], [Valor]) VALUES (74, N'H50A54', 93)
INSERT INTO [DatosPadron] ([COD_BARRIO], [ClaveGrupo], [Valor]) VALUES (17, N'H50A54', 45)
INSERT INTO [DatosPadron] ([COD_BARRIO], [ClaveGrupo], [Valor]) VALUES (2, N'H50A54', 109)
INSERT INTO [DatosPadron] ([COD_BARRIO], [ClaveGrupo], [Valor]) VALUES (32, N'H50A54', 196)
INSERT INTO [DatosPadron] ([COD_BARRIO], [ClaveGrupo], [Valor]) VALUES (58, N'H50A54', 58)
INSERT INTO [DatosPadron] ([COD_BARRIO], [ClaveGrupo], [Valor]) VALUES (53, N'H50A54', 435)
INSERT INTO [DatosPadron] ([COD_BARRIO], [ClaveGrupo], [Valor]) VALUES (75, N'H50A54', 29)
INSERT INTO [DatosPadron] ([COD_BARRIO], [ClaveGrupo], [Valor]) VALUES (30, N'H50A54', 195)
INSERT INTO [DatosPadron] ([COD_BARRIO], [ClaveGrupo], [Valor]) VALUES (72, N'H50A54', 52)
INSERT INTO [DatosPadron] ([COD_BARRIO], [ClaveGrupo], [Valor]) VALUES (64, N'H50A54', 80)
INSERT INTO [DatosPadron] ([COD_BARRIO], [ClaveGrupo], [Valor]) VALUES (24, N'H50A54', 24)
INSERT INTO [DatosPadron] ([COD_BARRIO], [ClaveGrupo], [Valor]) VALUES (47, N'H50A54', 47)
INSERT INTO [DatosPadron] ([COD_BARRIO], [ClaveGrupo], [Valor]) VALUES (44, N'H50A54', 24)
INSERT INTO [DatosPadron] ([COD_BARRIO], [ClaveGrupo], [Valor]) VALUES (69, N'H50A54', 373)
INSERT INTO [DatosPadron] ([COD_BARRIO], [ClaveGrupo], [Valor]) VALUES (36, N'H50A54', 60)
INSERT INTO [DatosPadron] ([COD_BARRIO], [ClaveGrupo], [Valor]) VALUES (71, N'H50A54', 200)
INSERT INTO [DatosPadron] ([COD_BARRIO], [ClaveGrupo], [Valor]) VALUES (39, N'H50A54', 5)
INSERT INTO [DatosPadron] ([COD_BARRIO], [ClaveGrupo], [Valor]) VALUES (28, N'H50A54', 17)
INSERT INTO [DatosPadron] ([COD_BARRIO], [ClaveGrupo], [Valor]) VALUES (43, N'H50A54', 103)
INSERT INTO [DatosPadron] ([COD_BARRIO], [ClaveGrupo], [Valor]) VALUES (4, N'H50A54', 47)
INSERT INTO [DatosPadron] ([COD_BARRIO], [ClaveGrupo], [Valor]) VALUES (73, N'H50A54', 5)
INSERT INTO [DatosPadron] ([COD_BARRIO], [ClaveGrupo], [Valor]) VALUES (55, N'H50A54', 118)
INSERT INTO [DatosPadron] ([COD_BARRIO], [ClaveGrupo], [Valor]) VALUES (63, N'H50A54', 11)
INSERT INTO [DatosPadron] ([COD_BARRIO], [ClaveGrupo], [Valor]) VALUES (21, N'H50A54', 4)
INSERT INTO [DatosPadron] ([COD_BARRIO], [ClaveGrupo], [Valor]) VALUES (6, N'H50A54', 6)
INSERT INTO [DatosPadron] ([COD_BARRIO], [ClaveGrupo], [Valor]) VALUES (8, N'H50A54', 2)
INSERT INTO [DatosPadron] ([COD_BARRIO], [ClaveGrupo], [Valor]) VALUES (18, N'H50A54', 5)
INSERT INTO [DatosPadron] ([COD_BARRIO], [ClaveGrupo], [Valor]) VALUES (66, N'H50A54', 32)
INSERT INTO [DatosPadron] ([COD_BARRIO], [ClaveGrupo], [Valor]) VALUES (65, N'H50A54', 2)
INSERT INTO [DatosPadron] ([COD_BARRIO], [ClaveGrupo], [Valor]) VALUES (3, N'H50A54', 2)
INSERT INTO [DatosPadron] ([COD_BARRIO], [ClaveGrupo], [Valor]) VALUES (51, N'H50A54', 5)
INSERT INTO [DatosPadron] ([COD_BARRIO], [ClaveGrupo], [Valor]) VALUES (11, N'H50A54', 66)
INSERT INTO [DatosPadron] ([COD_BARRIO], [ClaveGrupo], [Valor]) VALUES (54, N'H50A54', 438)
INSERT INTO [DatosPadron] ([COD_BARRIO], [ClaveGrupo], [Valor]) VALUES (12, N'H50A54', 129)
INSERT INTO [DatosPadron] ([COD_BARRIO], [ClaveGrupo], [Valor]) VALUES (25, N'H50A54', 131)
INSERT INTO [DatosPadron] ([COD_BARRIO], [ClaveGrupo], [Valor]) VALUES (27, N'H50A54', 20)
INSERT INTO [DatosPadron] ([COD_BARRIO], [ClaveGrupo], [Valor]) VALUES (49, N'H50A54', 206)
INSERT INTO [DatosPadron] ([COD_BARRIO], [ClaveGrupo], [Valor]) VALUES (77, N'H50A54', 45)
INSERT INTO [DatosPadron] ([COD_BARRIO], [ClaveGrupo], [Valor]) VALUES (34, N'H50A54', 302)
INSERT INTO [DatosPadron] ([COD_BARRIO], [ClaveGrupo], [Valor]) VALUES (62, N'H50A54', 120)
INSERT INTO [DatosPadron] ([COD_BARRIO], [ClaveGrupo], [Valor]) VALUES (23, N'H50A54', 88)
INSERT INTO [DatosPadron] ([COD_BARRIO], [ClaveGrupo], [Valor]) VALUES (29, N'H50A54', 129)
INSERT INTO [DatosPadron] ([COD_BARRIO], [ClaveGrupo], [Valor]) VALUES (68, N'H50A54', 77)
INSERT INTO [DatosPadron] ([COD_BARRIO], [ClaveGrupo], [Valor]) VALUES (46, N'H50A54', 71)
INSERT INTO [DatosPadron] ([COD_BARRIO], [ClaveGrupo], [Valor]) VALUES (19, N'H50A54', 124)
INSERT INTO [DatosPadron] ([COD_BARRIO], [ClaveGrupo], [Valor]) VALUES (38, N'H50A54', 54)
INSERT INTO [DatosPadron] ([COD_BARRIO], [ClaveGrupo], [Valor]) VALUES (50, N'H50A54', 29)
INSERT INTO [DatosPadron] ([COD_BARRIO], [ClaveGrupo], [Valor]) VALUES (48, N'H50A54', 107)
INSERT INTO [DatosPadron] ([COD_BARRIO], [ClaveGrupo], [Valor]) VALUES (20, N'H50A54', 29)
INSERT INTO [DatosPadron] ([COD_BARRIO], [ClaveGrupo], [Valor]) VALUES (7, N'H50A54', 377)
go
INSERT INTO [DatosPadron] ([COD_BARRIO], [ClaveGrupo], [Valor]) VALUES (67, N'H50A54', 108)
INSERT INTO [DatosPadron] ([COD_BARRIO], [ClaveGrupo], [Valor]) VALUES (10, N'H50A54', 239)
INSERT INTO [DatosPadron] ([COD_BARRIO], [ClaveGrupo], [Valor]) VALUES (61, N'H50A54', 339)
INSERT INTO [DatosPadron] ([COD_BARRIO], [ClaveGrupo], [Valor]) VALUES (60, N'H50A54', 30)
INSERT INTO [DatosPadron] ([COD_BARRIO], [ClaveGrupo], [Valor]) VALUES (5, N'H50A54', 212)
INSERT INTO [DatosPadron] ([COD_BARRIO], [ClaveGrupo], [Valor]) VALUES (40, N'H50A54', 58)
INSERT INTO [DatosPadron] ([COD_BARRIO], [ClaveGrupo], [Valor]) VALUES (13, N'H50A54', 14)
INSERT INTO [DatosPadron] ([COD_BARRIO], [ClaveGrupo], [Valor]) VALUES (41, N'H50A54', 122)
INSERT INTO [DatosPadron] ([COD_BARRIO], [ClaveGrupo], [Valor]) VALUES (22, N'H50A54', 177)
INSERT INTO [DatosPadron] ([COD_BARRIO], [ClaveGrupo], [Valor]) VALUES (9, N'H50A54', 33)
INSERT INTO [DatosPadron] ([COD_BARRIO], [ClaveGrupo], [Valor]) VALUES (76, N'H50A54', 84)
INSERT INTO [DatosPadron] ([COD_BARRIO], [ClaveGrupo], [Valor]) VALUES (52, N'H50A54', 194)
INSERT INTO [DatosPadron] ([COD_BARRIO], [ClaveGrupo], [Valor]) VALUES (1, N'H50A54', 26)
INSERT INTO [DatosPadron] ([COD_BARRIO], [ClaveGrupo], [Valor]) VALUES (45, N'H50A54', 102)
INSERT INTO [DatosPadron] ([COD_BARRIO], [ClaveGrupo], [Valor]) VALUES (70, N'H50A54', 36)
INSERT INTO [DatosPadron] ([COD_BARRIO], [ClaveGrupo], [Valor]) VALUES (16, N'H50A54', 47)
INSERT INTO [DatosPadron] ([COD_BARRIO], [ClaveGrupo], [Valor]) VALUES (33, N'H50A54', 96)
INSERT INTO [DatosPadron] ([COD_BARRIO], [ClaveGrupo], [Valor]) VALUES (15, N'H50A54', 24)
INSERT INTO [DatosPadron] ([COD_BARRIO], [ClaveGrupo], [Valor]) VALUES (57, N'H50A54', 40)
INSERT INTO [DatosPadron] ([COD_BARRIO], [ClaveGrupo], [Valor]) VALUES (56, N'H50A54', 90)
INSERT INTO [DatosPadron] ([COD_BARRIO], [ClaveGrupo], [Valor]) VALUES (31, N'H50A54', 35)
INSERT INTO [DatosPadron] ([COD_BARRIO], [ClaveGrupo], [Valor]) VALUES (59, N'H50A54', 157)
INSERT INTO [DatosPadron] ([COD_BARRIO], [ClaveGrupo], [Valor]) VALUES (78, N'H50A54', 77)
INSERT INTO [DatosPadron] ([COD_BARRIO], [ClaveGrupo], [Valor]) VALUES (26, N'H50A54', 139)
INSERT INTO [DatosPadron] ([COD_BARRIO], [ClaveGrupo], [Valor]) VALUES (14, N'H50A54', 26)
INSERT INTO [DatosPadron] ([COD_BARRIO], [ClaveGrupo], [Valor]) VALUES (35, N'H50A54', 69)
INSERT INTO [DatosPadron] ([COD_BARRIO], [ClaveGrupo], [Valor]) VALUES (80, N'H50A54', 95)
INSERT INTO [DatosPadron] ([COD_BARRIO], [ClaveGrupo], [Valor]) VALUES (79, N'H50A54', 316)
INSERT INTO [DatosPadron] ([COD_BARRIO], [ClaveGrupo], [Valor]) VALUES (37, N'H55A59', 22)
INSERT INTO [DatosPadron] ([COD_BARRIO], [ClaveGrupo], [Valor]) VALUES (74, N'H55A59', 74)
INSERT INTO [DatosPadron] ([COD_BARRIO], [ClaveGrupo], [Valor]) VALUES (17, N'H55A59', 24)
INSERT INTO [DatosPadron] ([COD_BARRIO], [ClaveGrupo], [Valor]) VALUES (2, N'H55A59', 69)
INSERT INTO [DatosPadron] ([COD_BARRIO], [ClaveGrupo], [Valor]) VALUES (32, N'H55A59', 122)
INSERT INTO [DatosPadron] ([COD_BARRIO], [ClaveGrupo], [Valor]) VALUES (58, N'H55A59', 40)
INSERT INTO [DatosPadron] ([COD_BARRIO], [ClaveGrupo], [Valor]) VALUES (53, N'H55A59', 358)
INSERT INTO [DatosPadron] ([COD_BARRIO], [ClaveGrupo], [Valor]) VALUES (75, N'H55A59', 27)
INSERT INTO [DatosPadron] ([COD_BARRIO], [ClaveGrupo], [Valor]) VALUES (30, N'H55A59', 159)
INSERT INTO [DatosPadron] ([COD_BARRIO], [ClaveGrupo], [Valor]) VALUES (72, N'H55A59', 54)
INSERT INTO [DatosPadron] ([COD_BARRIO], [ClaveGrupo], [Valor]) VALUES (64, N'H55A59', 50)
INSERT INTO [DatosPadron] ([COD_BARRIO], [ClaveGrupo], [Valor]) VALUES (24, N'H55A59', 13)
INSERT INTO [DatosPadron] ([COD_BARRIO], [ClaveGrupo], [Valor]) VALUES (47, N'H55A59', 42)
INSERT INTO [DatosPadron] ([COD_BARRIO], [ClaveGrupo], [Valor]) VALUES (44, N'H55A59', 19)
INSERT INTO [DatosPadron] ([COD_BARRIO], [ClaveGrupo], [Valor]) VALUES (69, N'H55A59', 270)
INSERT INTO [DatosPadron] ([COD_BARRIO], [ClaveGrupo], [Valor]) VALUES (36, N'H55A59', 66)
INSERT INTO [DatosPadron] ([COD_BARRIO], [ClaveGrupo], [Valor]) VALUES (71, N'H55A59', 172)
INSERT INTO [DatosPadron] ([COD_BARRIO], [ClaveGrupo], [Valor]) VALUES (39, N'H55A59', 15)
INSERT INTO [DatosPadron] ([COD_BARRIO], [ClaveGrupo], [Valor]) VALUES (28, N'H55A59', 8)
INSERT INTO [DatosPadron] ([COD_BARRIO], [ClaveGrupo], [Valor]) VALUES (43, N'H55A59', 98)
INSERT INTO [DatosPadron] ([COD_BARRIO], [ClaveGrupo], [Valor]) VALUES (4, N'H55A59', 47)
INSERT INTO [DatosPadron] ([COD_BARRIO], [ClaveGrupo], [Valor]) VALUES (73, N'H55A59', 5)
INSERT INTO [DatosPadron] ([COD_BARRIO], [ClaveGrupo], [Valor]) VALUES (55, N'H55A59', 110)
INSERT INTO [DatosPadron] ([COD_BARRIO], [ClaveGrupo], [Valor]) VALUES (63, N'H55A59', 20)
INSERT INTO [DatosPadron] ([COD_BARRIO], [ClaveGrupo], [Valor]) VALUES (21, N'H55A59', 3)
INSERT INTO [DatosPadron] ([COD_BARRIO], [ClaveGrupo], [Valor]) VALUES (6, N'H55A59', 12)
INSERT INTO [DatosPadron] ([COD_BARRIO], [ClaveGrupo], [Valor]) VALUES (18, N'H55A59', 8)
INSERT INTO [DatosPadron] ([COD_BARRIO], [ClaveGrupo], [Valor]) VALUES (66, N'H55A59', 18)
INSERT INTO [DatosPadron] ([COD_BARRIO], [ClaveGrupo], [Valor]) VALUES (65, N'H55A59', 6)
INSERT INTO [DatosPadron] ([COD_BARRIO], [ClaveGrupo], [Valor]) VALUES (3, N'H55A59', 3)
INSERT INTO [DatosPadron] ([COD_BARRIO], [ClaveGrupo], [Valor]) VALUES (51, N'H55A59', 1)
INSERT INTO [DatosPadron] ([COD_BARRIO], [ClaveGrupo], [Valor]) VALUES (11, N'H55A59', 55)
INSERT INTO [DatosPadron] ([COD_BARRIO], [ClaveGrupo], [Valor]) VALUES (54, N'H55A59', 387)
INSERT INTO [DatosPadron] ([COD_BARRIO], [ClaveGrupo], [Valor]) VALUES (12, N'H55A59', 143)
INSERT INTO [DatosPadron] ([COD_BARRIO], [ClaveGrupo], [Valor]) VALUES (25, N'H55A59', 167)
INSERT INTO [DatosPadron] ([COD_BARRIO], [ClaveGrupo], [Valor]) VALUES (27, N'H55A59', 24)
INSERT INTO [DatosPadron] ([COD_BARRIO], [ClaveGrupo], [Valor]) VALUES (49, N'H55A59', 189)
INSERT INTO [DatosPadron] ([COD_BARRIO], [ClaveGrupo], [Valor]) VALUES (77, N'H55A59', 32)
INSERT INTO [DatosPadron] ([COD_BARRIO], [ClaveGrupo], [Valor]) VALUES (34, N'H55A59', 234)
INSERT INTO [DatosPadron] ([COD_BARRIO], [ClaveGrupo], [Valor]) VALUES (62, N'H55A59', 111)
INSERT INTO [DatosPadron] ([COD_BARRIO], [ClaveGrupo], [Valor]) VALUES (23, N'H55A59', 79)
INSERT INTO [DatosPadron] ([COD_BARRIO], [ClaveGrupo], [Valor]) VALUES (29, N'H55A59', 127)
INSERT INTO [DatosPadron] ([COD_BARRIO], [ClaveGrupo], [Valor]) VALUES (68, N'H55A59', 54)
INSERT INTO [DatosPadron] ([COD_BARRIO], [ClaveGrupo], [Valor]) VALUES (46, N'H55A59', 62)
INSERT INTO [DatosPadron] ([COD_BARRIO], [ClaveGrupo], [Valor]) VALUES (19, N'H55A59', 119)
INSERT INTO [DatosPadron] ([COD_BARRIO], [ClaveGrupo], [Valor]) VALUES (38, N'H55A59', 45)
INSERT INTO [DatosPadron] ([COD_BARRIO], [ClaveGrupo], [Valor]) VALUES (50, N'H55A59', 9)
INSERT INTO [DatosPadron] ([COD_BARRIO], [ClaveGrupo], [Valor]) VALUES (48, N'H55A59', 98)
INSERT INTO [DatosPadron] ([COD_BARRIO], [ClaveGrupo], [Valor]) VALUES (20, N'H55A59', 22)
INSERT INTO [DatosPadron] ([COD_BARRIO], [ClaveGrupo], [Valor]) VALUES (7, N'H55A59', 297)
INSERT INTO [DatosPadron] ([COD_BARRIO], [ClaveGrupo], [Valor]) VALUES (67, N'H55A59', 93)
INSERT INTO [DatosPadron] ([COD_BARRIO], [ClaveGrupo], [Valor]) VALUES (10, N'H55A59', 229)
INSERT INTO [DatosPadron] ([COD_BARRIO], [ClaveGrupo], [Valor]) VALUES (61, N'H55A59', 211)
INSERT INTO [DatosPadron] ([COD_BARRIO], [ClaveGrupo], [Valor]) VALUES (60, N'H55A59', 34)
INSERT INTO [DatosPadron] ([COD_BARRIO], [ClaveGrupo], [Valor]) VALUES (5, N'H55A59', 154)
INSERT INTO [DatosPadron] ([COD_BARRIO], [ClaveGrupo], [Valor]) VALUES (40, N'H55A59', 48)
INSERT INTO [DatosPadron] ([COD_BARRIO], [ClaveGrupo], [Valor]) VALUES (13, N'H55A59', 13)
INSERT INTO [DatosPadron] ([COD_BARRIO], [ClaveGrupo], [Valor]) VALUES (41, N'H55A59', 75)
INSERT INTO [DatosPadron] ([COD_BARRIO], [ClaveGrupo], [Valor]) VALUES (22, N'H55A59', 147)
INSERT INTO [DatosPadron] ([COD_BARRIO], [ClaveGrupo], [Valor]) VALUES (9, N'H55A59', 24)
INSERT INTO [DatosPadron] ([COD_BARRIO], [ClaveGrupo], [Valor]) VALUES (76, N'H55A59', 78)
INSERT INTO [DatosPadron] ([COD_BARRIO], [ClaveGrupo], [Valor]) VALUES (52, N'H55A59', 156)
INSERT INTO [DatosPadron] ([COD_BARRIO], [ClaveGrupo], [Valor]) VALUES (1, N'H55A59', 25)
INSERT INTO [DatosPadron] ([COD_BARRIO], [ClaveGrupo], [Valor]) VALUES (45, N'H55A59', 62)
INSERT INTO [DatosPadron] ([COD_BARRIO], [ClaveGrupo], [Valor]) VALUES (70, N'H55A59', 41)
INSERT INTO [DatosPadron] ([COD_BARRIO], [ClaveGrupo], [Valor]) VALUES (16, N'H55A59', 33)
INSERT INTO [DatosPadron] ([COD_BARRIO], [ClaveGrupo], [Valor]) VALUES (33, N'H55A59', 100)
INSERT INTO [DatosPadron] ([COD_BARRIO], [ClaveGrupo], [Valor]) VALUES (15, N'H55A59', 11)
go
INSERT INTO [DatosPadron] ([COD_BARRIO], [ClaveGrupo], [Valor]) VALUES (57, N'H55A59', 40)
INSERT INTO [DatosPadron] ([COD_BARRIO], [ClaveGrupo], [Valor]) VALUES (56, N'H55A59', 59)
INSERT INTO [DatosPadron] ([COD_BARRIO], [ClaveGrupo], [Valor]) VALUES (31, N'H55A59', 25)
INSERT INTO [DatosPadron] ([COD_BARRIO], [ClaveGrupo], [Valor]) VALUES (59, N'H55A59', 126)
INSERT INTO [DatosPadron] ([COD_BARRIO], [ClaveGrupo], [Valor]) VALUES (78, N'H55A59', 32)
INSERT INTO [DatosPadron] ([COD_BARRIO], [ClaveGrupo], [Valor]) VALUES (26, N'H55A59', 88)
INSERT INTO [DatosPadron] ([COD_BARRIO], [ClaveGrupo], [Valor]) VALUES (14, N'H55A59', 23)
INSERT INTO [DatosPadron] ([COD_BARRIO], [ClaveGrupo], [Valor]) VALUES (35, N'H55A59', 38)
INSERT INTO [DatosPadron] ([COD_BARRIO], [ClaveGrupo], [Valor]) VALUES (80, N'H55A59', 89)
INSERT INTO [DatosPadron] ([COD_BARRIO], [ClaveGrupo], [Valor]) VALUES (79, N'H55A59', 296)
INSERT INTO [DatosPadron] ([COD_BARRIO], [ClaveGrupo], [Valor]) VALUES (37, N'H60A64', 27)
INSERT INTO [DatosPadron] ([COD_BARRIO], [ClaveGrupo], [Valor]) VALUES (74, N'H60A64', 48)
INSERT INTO [DatosPadron] ([COD_BARRIO], [ClaveGrupo], [Valor]) VALUES (17, N'H60A64', 43)
INSERT INTO [DatosPadron] ([COD_BARRIO], [ClaveGrupo], [Valor]) VALUES (2, N'H60A64', 49)
INSERT INTO [DatosPadron] ([COD_BARRIO], [ClaveGrupo], [Valor]) VALUES (32, N'H60A64', 95)
INSERT INTO [DatosPadron] ([COD_BARRIO], [ClaveGrupo], [Valor]) VALUES (58, N'H60A64', 50)
INSERT INTO [DatosPadron] ([COD_BARRIO], [ClaveGrupo], [Valor]) VALUES (53, N'H60A64', 345)
INSERT INTO [DatosPadron] ([COD_BARRIO], [ClaveGrupo], [Valor]) VALUES (75, N'H60A64', 26)
INSERT INTO [DatosPadron] ([COD_BARRIO], [ClaveGrupo], [Valor]) VALUES (30, N'H60A64', 109)
INSERT INTO [DatosPadron] ([COD_BARRIO], [ClaveGrupo], [Valor]) VALUES (72, N'H60A64', 36)
INSERT INTO [DatosPadron] ([COD_BARRIO], [ClaveGrupo], [Valor]) VALUES (64, N'H60A64', 48)
INSERT INTO [DatosPadron] ([COD_BARRIO], [ClaveGrupo], [Valor]) VALUES (24, N'H60A64', 11)
INSERT INTO [DatosPadron] ([COD_BARRIO], [ClaveGrupo], [Valor]) VALUES (47, N'H60A64', 19)
INSERT INTO [DatosPadron] ([COD_BARRIO], [ClaveGrupo], [Valor]) VALUES (44, N'H60A64', 16)
INSERT INTO [DatosPadron] ([COD_BARRIO], [ClaveGrupo], [Valor]) VALUES (69, N'H60A64', 247)
INSERT INTO [DatosPadron] ([COD_BARRIO], [ClaveGrupo], [Valor]) VALUES (36, N'H60A64', 45)
INSERT INTO [DatosPadron] ([COD_BARRIO], [ClaveGrupo], [Valor]) VALUES (71, N'H60A64', 174)
INSERT INTO [DatosPadron] ([COD_BARRIO], [ClaveGrupo], [Valor]) VALUES (39, N'H60A64', 3)
INSERT INTO [DatosPadron] ([COD_BARRIO], [ClaveGrupo], [Valor]) VALUES (28, N'H60A64', 10)
INSERT INTO [DatosPadron] ([COD_BARRIO], [ClaveGrupo], [Valor]) VALUES (43, N'H60A64', 41)
INSERT INTO [DatosPadron] ([COD_BARRIO], [ClaveGrupo], [Valor]) VALUES (4, N'H60A64', 39)
INSERT INTO [DatosPadron] ([COD_BARRIO], [ClaveGrupo], [Valor]) VALUES (73, N'H60A64', 5)
INSERT INTO [DatosPadron] ([COD_BARRIO], [ClaveGrupo], [Valor]) VALUES (55, N'H60A64', 87)
INSERT INTO [DatosPadron] ([COD_BARRIO], [ClaveGrupo], [Valor]) VALUES (63, N'H60A64', 11)
INSERT INTO [DatosPadron] ([COD_BARRIO], [ClaveGrupo], [Valor]) VALUES (6, N'H60A64', 9)
INSERT INTO [DatosPadron] ([COD_BARRIO], [ClaveGrupo], [Valor]) VALUES (18, N'H60A64', 5)
INSERT INTO [DatosPadron] ([COD_BARRIO], [ClaveGrupo], [Valor]) VALUES (66, N'H60A64', 17)
INSERT INTO [DatosPadron] ([COD_BARRIO], [ClaveGrupo], [Valor]) VALUES (65, N'H60A64', 5)
INSERT INTO [DatosPadron] ([COD_BARRIO], [ClaveGrupo], [Valor]) VALUES (3, N'H60A64', 8)
INSERT INTO [DatosPadron] ([COD_BARRIO], [ClaveGrupo], [Valor]) VALUES (51, N'H60A64', 3)
INSERT INTO [DatosPadron] ([COD_BARRIO], [ClaveGrupo], [Valor]) VALUES (11, N'H60A64', 30)
INSERT INTO [DatosPadron] ([COD_BARRIO], [ClaveGrupo], [Valor]) VALUES (54, N'H60A64', 292)
INSERT INTO [DatosPadron] ([COD_BARRIO], [ClaveGrupo], [Valor]) VALUES (12, N'H60A64', 100)
INSERT INTO [DatosPadron] ([COD_BARRIO], [ClaveGrupo], [Valor]) VALUES (25, N'H60A64', 104)
INSERT INTO [DatosPadron] ([COD_BARRIO], [ClaveGrupo], [Valor]) VALUES (27, N'H60A64', 21)
INSERT INTO [DatosPadron] ([COD_BARRIO], [ClaveGrupo], [Valor]) VALUES (49, N'H60A64', 166)
INSERT INTO [DatosPadron] ([COD_BARRIO], [ClaveGrupo], [Valor]) VALUES (77, N'H60A64', 35)
INSERT INTO [DatosPadron] ([COD_BARRIO], [ClaveGrupo], [Valor]) VALUES (34, N'H60A64', 218)
INSERT INTO [DatosPadron] ([COD_BARRIO], [ClaveGrupo], [Valor]) VALUES (62, N'H60A64', 87)
INSERT INTO [DatosPadron] ([COD_BARRIO], [ClaveGrupo], [Valor]) VALUES (23, N'H60A64', 55)
INSERT INTO [DatosPadron] ([COD_BARRIO], [ClaveGrupo], [Valor]) VALUES (29, N'H60A64', 89)
INSERT INTO [DatosPadron] ([COD_BARRIO], [ClaveGrupo], [Valor]) VALUES (68, N'H60A64', 23)
INSERT INTO [DatosPadron] ([COD_BARRIO], [ClaveGrupo], [Valor]) VALUES (46, N'H60A64', 34)
INSERT INTO [DatosPadron] ([COD_BARRIO], [ClaveGrupo], [Valor]) VALUES (19, N'H60A64', 120)
INSERT INTO [DatosPadron] ([COD_BARRIO], [ClaveGrupo], [Valor]) VALUES (38, N'H60A64', 23)
INSERT INTO [DatosPadron] ([COD_BARRIO], [ClaveGrupo], [Valor]) VALUES (50, N'H60A64', 19)
INSERT INTO [DatosPadron] ([COD_BARRIO], [ClaveGrupo], [Valor]) VALUES (48, N'H60A64', 123)
INSERT INTO [DatosPadron] ([COD_BARRIO], [ClaveGrupo], [Valor]) VALUES (20, N'H60A64', 19)
INSERT INTO [DatosPadron] ([COD_BARRIO], [ClaveGrupo], [Valor]) VALUES (7, N'H60A64', 182)
INSERT INTO [DatosPadron] ([COD_BARRIO], [ClaveGrupo], [Valor]) VALUES (67, N'H60A64', 68)
INSERT INTO [DatosPadron] ([COD_BARRIO], [ClaveGrupo], [Valor]) VALUES (10, N'H60A64', 149)
INSERT INTO [DatosPadron] ([COD_BARRIO], [ClaveGrupo], [Valor]) VALUES (61, N'H60A64', 179)
INSERT INTO [DatosPadron] ([COD_BARRIO], [ClaveGrupo], [Valor]) VALUES (60, N'H60A64', 22)
INSERT INTO [DatosPadron] ([COD_BARRIO], [ClaveGrupo], [Valor]) VALUES (5, N'H60A64', 113)
INSERT INTO [DatosPadron] ([COD_BARRIO], [ClaveGrupo], [Valor]) VALUES (40, N'H60A64', 21)
INSERT INTO [DatosPadron] ([COD_BARRIO], [ClaveGrupo], [Valor]) VALUES (13, N'H60A64', 4)
INSERT INTO [DatosPadron] ([COD_BARRIO], [ClaveGrupo], [Valor]) VALUES (41, N'H60A64', 64)
INSERT INTO [DatosPadron] ([COD_BARRIO], [ClaveGrupo], [Valor]) VALUES (22, N'H60A64', 120)
INSERT INTO [DatosPadron] ([COD_BARRIO], [ClaveGrupo], [Valor]) VALUES (9, N'H60A64', 23)
INSERT INTO [DatosPadron] ([COD_BARRIO], [ClaveGrupo], [Valor]) VALUES (76, N'H60A64', 66)
INSERT INTO [DatosPadron] ([COD_BARRIO], [ClaveGrupo], [Valor]) VALUES (52, N'H60A64', 151)
INSERT INTO [DatosPadron] ([COD_BARRIO], [ClaveGrupo], [Valor]) VALUES (1, N'H60A64', 30)
INSERT INTO [DatosPadron] ([COD_BARRIO], [ClaveGrupo], [Valor]) VALUES (45, N'H60A64', 95)
INSERT INTO [DatosPadron] ([COD_BARRIO], [ClaveGrupo], [Valor]) VALUES (70, N'H60A64', 51)
INSERT INTO [DatosPadron] ([COD_BARRIO], [ClaveGrupo], [Valor]) VALUES (16, N'H60A64', 32)
INSERT INTO [DatosPadron] ([COD_BARRIO], [ClaveGrupo], [Valor]) VALUES (33, N'H60A64', 77)
INSERT INTO [DatosPadron] ([COD_BARRIO], [ClaveGrupo], [Valor]) VALUES (15, N'H60A64', 8)
INSERT INTO [DatosPadron] ([COD_BARRIO], [ClaveGrupo], [Valor]) VALUES (57, N'H60A64', 39)
INSERT INTO [DatosPadron] ([COD_BARRIO], [ClaveGrupo], [Valor]) VALUES (56, N'H60A64', 50)
INSERT INTO [DatosPadron] ([COD_BARRIO], [ClaveGrupo], [Valor]) VALUES (31, N'H60A64', 22)
INSERT INTO [DatosPadron] ([COD_BARRIO], [ClaveGrupo], [Valor]) VALUES (59, N'H60A64', 96)
INSERT INTO [DatosPadron] ([COD_BARRIO], [ClaveGrupo], [Valor]) VALUES (78, N'H60A64', 34)
INSERT INTO [DatosPadron] ([COD_BARRIO], [ClaveGrupo], [Valor]) VALUES (26, N'H60A64', 59)
INSERT INTO [DatosPadron] ([COD_BARRIO], [ClaveGrupo], [Valor]) VALUES (14, N'H60A64', 21)
INSERT INTO [DatosPadron] ([COD_BARRIO], [ClaveGrupo], [Valor]) VALUES (35, N'H60A64', 49)
INSERT INTO [DatosPadron] ([COD_BARRIO], [ClaveGrupo], [Valor]) VALUES (80, N'H60A64', 68)
INSERT INTO [DatosPadron] ([COD_BARRIO], [ClaveGrupo], [Valor]) VALUES (79, N'H60A64', 229)
INSERT INTO [DatosPadron] ([COD_BARRIO], [ClaveGrupo], [Valor]) VALUES (37, N'H65A69', 21)
INSERT INTO [DatosPadron] ([COD_BARRIO], [ClaveGrupo], [Valor]) VALUES (74, N'H65A69', 58)
INSERT INTO [DatosPadron] ([COD_BARRIO], [ClaveGrupo], [Valor]) VALUES (17, N'H65A69', 23)
INSERT INTO [DatosPadron] ([COD_BARRIO], [ClaveGrupo], [Valor]) VALUES (2, N'H65A69', 28)
INSERT INTO [DatosPadron] ([COD_BARRIO], [ClaveGrupo], [Valor]) VALUES (32, N'H65A69', 53)
INSERT INTO [DatosPadron] ([COD_BARRIO], [ClaveGrupo], [Valor]) VALUES (58, N'H65A69', 29)
INSERT INTO [DatosPadron] ([COD_BARRIO], [ClaveGrupo], [Valor]) VALUES (53, N'H65A69', 321)
INSERT INTO [DatosPadron] ([COD_BARRIO], [ClaveGrupo], [Valor]) VALUES (75, N'H65A69', 17)
INSERT INTO [DatosPadron] ([COD_BARRIO], [ClaveGrupo], [Valor]) VALUES (30, N'H65A69', 139)
go
INSERT INTO [DatosPadron] ([COD_BARRIO], [ClaveGrupo], [Valor]) VALUES (72, N'H65A69', 22)
INSERT INTO [DatosPadron] ([COD_BARRIO], [ClaveGrupo], [Valor]) VALUES (64, N'H65A69', 31)
INSERT INTO [DatosPadron] ([COD_BARRIO], [ClaveGrupo], [Valor]) VALUES (24, N'H65A69', 13)
INSERT INTO [DatosPadron] ([COD_BARRIO], [ClaveGrupo], [Valor]) VALUES (47, N'H65A69', 29)
INSERT INTO [DatosPadron] ([COD_BARRIO], [ClaveGrupo], [Valor]) VALUES (44, N'H65A69', 6)
INSERT INTO [DatosPadron] ([COD_BARRIO], [ClaveGrupo], [Valor]) VALUES (69, N'H65A69', 235)
INSERT INTO [DatosPadron] ([COD_BARRIO], [ClaveGrupo], [Valor]) VALUES (36, N'H65A69', 39)
INSERT INTO [DatosPadron] ([COD_BARRIO], [ClaveGrupo], [Valor]) VALUES (71, N'H65A69', 161)
INSERT INTO [DatosPadron] ([COD_BARRIO], [ClaveGrupo], [Valor]) VALUES (39, N'H65A69', 9)
INSERT INTO [DatosPadron] ([COD_BARRIO], [ClaveGrupo], [Valor]) VALUES (28, N'H65A69', 9)
INSERT INTO [DatosPadron] ([COD_BARRIO], [ClaveGrupo], [Valor]) VALUES (43, N'H65A69', 48)
INSERT INTO [DatosPadron] ([COD_BARRIO], [ClaveGrupo], [Valor]) VALUES (4, N'H65A69', 33)
INSERT INTO [DatosPadron] ([COD_BARRIO], [ClaveGrupo], [Valor]) VALUES (73, N'H65A69', 3)
INSERT INTO [DatosPadron] ([COD_BARRIO], [ClaveGrupo], [Valor]) VALUES (55, N'H65A69', 76)
INSERT INTO [DatosPadron] ([COD_BARRIO], [ClaveGrupo], [Valor]) VALUES (63, N'H65A69', 11)
INSERT INTO [DatosPadron] ([COD_BARRIO], [ClaveGrupo], [Valor]) VALUES (21, N'H65A69', 1)
INSERT INTO [DatosPadron] ([COD_BARRIO], [ClaveGrupo], [Valor]) VALUES (6, N'H65A69', 8)
INSERT INTO [DatosPadron] ([COD_BARRIO], [ClaveGrupo], [Valor]) VALUES (18, N'H65A69', 8)
INSERT INTO [DatosPadron] ([COD_BARRIO], [ClaveGrupo], [Valor]) VALUES (66, N'H65A69', 14)
INSERT INTO [DatosPadron] ([COD_BARRIO], [ClaveGrupo], [Valor]) VALUES (65, N'H65A69', 1)
INSERT INTO [DatosPadron] ([COD_BARRIO], [ClaveGrupo], [Valor]) VALUES (3, N'H65A69', 2)
INSERT INTO [DatosPadron] ([COD_BARRIO], [ClaveGrupo], [Valor]) VALUES (51, N'H65A69', 1)
INSERT INTO [DatosPadron] ([COD_BARRIO], [ClaveGrupo], [Valor]) VALUES (11, N'H65A69', 31)
INSERT INTO [DatosPadron] ([COD_BARRIO], [ClaveGrupo], [Valor]) VALUES (54, N'H65A69', 233)
INSERT INTO [DatosPadron] ([COD_BARRIO], [ClaveGrupo], [Valor]) VALUES (12, N'H65A69', 99)
INSERT INTO [DatosPadron] ([COD_BARRIO], [ClaveGrupo], [Valor]) VALUES (25, N'H65A69', 72)
INSERT INTO [DatosPadron] ([COD_BARRIO], [ClaveGrupo], [Valor]) VALUES (27, N'H65A69', 12)
INSERT INTO [DatosPadron] ([COD_BARRIO], [ClaveGrupo], [Valor]) VALUES (49, N'H65A69', 131)
INSERT INTO [DatosPadron] ([COD_BARRIO], [ClaveGrupo], [Valor]) VALUES (77, N'H65A69', 42)
INSERT INTO [DatosPadron] ([COD_BARRIO], [ClaveGrupo], [Valor]) VALUES (34, N'H65A69', 229)
INSERT INTO [DatosPadron] ([COD_BARRIO], [ClaveGrupo], [Valor]) VALUES (62, N'H65A69', 59)
INSERT INTO [DatosPadron] ([COD_BARRIO], [ClaveGrupo], [Valor]) VALUES (23, N'H65A69', 96)
INSERT INTO [DatosPadron] ([COD_BARRIO], [ClaveGrupo], [Valor]) VALUES (29, N'H65A69', 91)
INSERT INTO [DatosPadron] ([COD_BARRIO], [ClaveGrupo], [Valor]) VALUES (68, N'H65A69', 18)
INSERT INTO [DatosPadron] ([COD_BARRIO], [ClaveGrupo], [Valor]) VALUES (46, N'H65A69', 51)
INSERT INTO [DatosPadron] ([COD_BARRIO], [ClaveGrupo], [Valor]) VALUES (19, N'H65A69', 148)
INSERT INTO [DatosPadron] ([COD_BARRIO], [ClaveGrupo], [Valor]) VALUES (38, N'H65A69', 21)
INSERT INTO [DatosPadron] ([COD_BARRIO], [ClaveGrupo], [Valor]) VALUES (50, N'H65A69', 30)
INSERT INTO [DatosPadron] ([COD_BARRIO], [ClaveGrupo], [Valor]) VALUES (48, N'H65A69', 84)
INSERT INTO [DatosPadron] ([COD_BARRIO], [ClaveGrupo], [Valor]) VALUES (20, N'H65A69', 15)
INSERT INTO [DatosPadron] ([COD_BARRIO], [ClaveGrupo], [Valor]) VALUES (7, N'H65A69', 111)
INSERT INTO [DatosPadron] ([COD_BARRIO], [ClaveGrupo], [Valor]) VALUES (67, N'H65A69', 48)
INSERT INTO [DatosPadron] ([COD_BARRIO], [ClaveGrupo], [Valor]) VALUES (10, N'H65A69', 124)
INSERT INTO [DatosPadron] ([COD_BARRIO], [ClaveGrupo], [Valor]) VALUES (61, N'H65A69', 108)
INSERT INTO [DatosPadron] ([COD_BARRIO], [ClaveGrupo], [Valor]) VALUES (60, N'H65A69', 16)
INSERT INTO [DatosPadron] ([COD_BARRIO], [ClaveGrupo], [Valor]) VALUES (5, N'H65A69', 70)
INSERT INTO [DatosPadron] ([COD_BARRIO], [ClaveGrupo], [Valor]) VALUES (40, N'H65A69', 31)
INSERT INTO [DatosPadron] ([COD_BARRIO], [ClaveGrupo], [Valor]) VALUES (13, N'H65A69', 5)
INSERT INTO [DatosPadron] ([COD_BARRIO], [ClaveGrupo], [Valor]) VALUES (41, N'H65A69', 36)
INSERT INTO [DatosPadron] ([COD_BARRIO], [ClaveGrupo], [Valor]) VALUES (22, N'H65A69', 115)
INSERT INTO [DatosPadron] ([COD_BARRIO], [ClaveGrupo], [Valor]) VALUES (9, N'H65A69', 16)
INSERT INTO [DatosPadron] ([COD_BARRIO], [ClaveGrupo], [Valor]) VALUES (76, N'H65A69', 54)
INSERT INTO [DatosPadron] ([COD_BARRIO], [ClaveGrupo], [Valor]) VALUES (52, N'H65A69', 127)
INSERT INTO [DatosPadron] ([COD_BARRIO], [ClaveGrupo], [Valor]) VALUES (1, N'H65A69', 21)
INSERT INTO [DatosPadron] ([COD_BARRIO], [ClaveGrupo], [Valor]) VALUES (45, N'H65A69', 68)
INSERT INTO [DatosPadron] ([COD_BARRIO], [ClaveGrupo], [Valor]) VALUES (70, N'H65A69', 47)
INSERT INTO [DatosPadron] ([COD_BARRIO], [ClaveGrupo], [Valor]) VALUES (16, N'H65A69', 34)
INSERT INTO [DatosPadron] ([COD_BARRIO], [ClaveGrupo], [Valor]) VALUES (33, N'H65A69', 63)
INSERT INTO [DatosPadron] ([COD_BARRIO], [ClaveGrupo], [Valor]) VALUES (15, N'H65A69', 12)
INSERT INTO [DatosPadron] ([COD_BARRIO], [ClaveGrupo], [Valor]) VALUES (57, N'H65A69', 18)
INSERT INTO [DatosPadron] ([COD_BARRIO], [ClaveGrupo], [Valor]) VALUES (56, N'H65A69', 23)
INSERT INTO [DatosPadron] ([COD_BARRIO], [ClaveGrupo], [Valor]) VALUES (31, N'H65A69', 15)
INSERT INTO [DatosPadron] ([COD_BARRIO], [ClaveGrupo], [Valor]) VALUES (59, N'H65A69', 89)
INSERT INTO [DatosPadron] ([COD_BARRIO], [ClaveGrupo], [Valor]) VALUES (78, N'H65A69', 45)
INSERT INTO [DatosPadron] ([COD_BARRIO], [ClaveGrupo], [Valor]) VALUES (26, N'H65A69', 74)
INSERT INTO [DatosPadron] ([COD_BARRIO], [ClaveGrupo], [Valor]) VALUES (14, N'H65A69', 23)
INSERT INTO [DatosPadron] ([COD_BARRIO], [ClaveGrupo], [Valor]) VALUES (35, N'H65A69', 31)
INSERT INTO [DatosPadron] ([COD_BARRIO], [ClaveGrupo], [Valor]) VALUES (80, N'H65A69', 68)
INSERT INTO [DatosPadron] ([COD_BARRIO], [ClaveGrupo], [Valor]) VALUES (79, N'H65A69', 196)
INSERT INTO [DatosPadron] ([COD_BARRIO], [ClaveGrupo], [Valor]) VALUES (37, N'H70A74', 17)
INSERT INTO [DatosPadron] ([COD_BARRIO], [ClaveGrupo], [Valor]) VALUES (74, N'H70A74', 50)
INSERT INTO [DatosPadron] ([COD_BARRIO], [ClaveGrupo], [Valor]) VALUES (17, N'H70A74', 14)
INSERT INTO [DatosPadron] ([COD_BARRIO], [ClaveGrupo], [Valor]) VALUES (2, N'H70A74', 22)
INSERT INTO [DatosPadron] ([COD_BARRIO], [ClaveGrupo], [Valor]) VALUES (32, N'H70A74', 39)
INSERT INTO [DatosPadron] ([COD_BARRIO], [ClaveGrupo], [Valor]) VALUES (58, N'H70A74', 31)
INSERT INTO [DatosPadron] ([COD_BARRIO], [ClaveGrupo], [Valor]) VALUES (53, N'H70A74', 293)
INSERT INTO [DatosPadron] ([COD_BARRIO], [ClaveGrupo], [Valor]) VALUES (75, N'H70A74', 26)
INSERT INTO [DatosPadron] ([COD_BARRIO], [ClaveGrupo], [Valor]) VALUES (30, N'H70A74', 132)
INSERT INTO [DatosPadron] ([COD_BARRIO], [ClaveGrupo], [Valor]) VALUES (72, N'H70A74', 28)
INSERT INTO [DatosPadron] ([COD_BARRIO], [ClaveGrupo], [Valor]) VALUES (64, N'H70A74', 33)
INSERT INTO [DatosPadron] ([COD_BARRIO], [ClaveGrupo], [Valor]) VALUES (24, N'H70A74', 10)
INSERT INTO [DatosPadron] ([COD_BARRIO], [ClaveGrupo], [Valor]) VALUES (47, N'H70A74', 27)
INSERT INTO [DatosPadron] ([COD_BARRIO], [ClaveGrupo], [Valor]) VALUES (44, N'H70A74', 6)
INSERT INTO [DatosPadron] ([COD_BARRIO], [ClaveGrupo], [Valor]) VALUES (69, N'H70A74', 209)
INSERT INTO [DatosPadron] ([COD_BARRIO], [ClaveGrupo], [Valor]) VALUES (36, N'H70A74', 32)
INSERT INTO [DatosPadron] ([COD_BARRIO], [ClaveGrupo], [Valor]) VALUES (71, N'H70A74', 113)
INSERT INTO [DatosPadron] ([COD_BARRIO], [ClaveGrupo], [Valor]) VALUES (39, N'H70A74', 6)
INSERT INTO [DatosPadron] ([COD_BARRIO], [ClaveGrupo], [Valor]) VALUES (28, N'H70A74', 9)
INSERT INTO [DatosPadron] ([COD_BARRIO], [ClaveGrupo], [Valor]) VALUES (43, N'H70A74', 26)
INSERT INTO [DatosPadron] ([COD_BARRIO], [ClaveGrupo], [Valor]) VALUES (4, N'H70A74', 29)
INSERT INTO [DatosPadron] ([COD_BARRIO], [ClaveGrupo], [Valor]) VALUES (55, N'H70A74', 73)
INSERT INTO [DatosPadron] ([COD_BARRIO], [ClaveGrupo], [Valor]) VALUES (63, N'H70A74', 10)
INSERT INTO [DatosPadron] ([COD_BARRIO], [ClaveGrupo], [Valor]) VALUES (21, N'H70A74', 1)
INSERT INTO [DatosPadron] ([COD_BARRIO], [ClaveGrupo], [Valor]) VALUES (6, N'H70A74', 7)
INSERT INTO [DatosPadron] ([COD_BARRIO], [ClaveGrupo], [Valor]) VALUES (18, N'H70A74', 5)
INSERT INTO [DatosPadron] ([COD_BARRIO], [ClaveGrupo], [Valor]) VALUES (66, N'H70A74', 13)
go
INSERT INTO [DatosPadron] ([COD_BARRIO], [ClaveGrupo], [Valor]) VALUES (65, N'H70A74', 1)
INSERT INTO [DatosPadron] ([COD_BARRIO], [ClaveGrupo], [Valor]) VALUES (3, N'H70A74', 3)
INSERT INTO [DatosPadron] ([COD_BARRIO], [ClaveGrupo], [Valor]) VALUES (51, N'H70A74', 8)
INSERT INTO [DatosPadron] ([COD_BARRIO], [ClaveGrupo], [Valor]) VALUES (11, N'H70A74', 36)
INSERT INTO [DatosPadron] ([COD_BARRIO], [ClaveGrupo], [Valor]) VALUES (54, N'H70A74', 228)
INSERT INTO [DatosPadron] ([COD_BARRIO], [ClaveGrupo], [Valor]) VALUES (12, N'H70A74', 71)
INSERT INTO [DatosPadron] ([COD_BARRIO], [ClaveGrupo], [Valor]) VALUES (25, N'H70A74', 83)
INSERT INTO [DatosPadron] ([COD_BARRIO], [ClaveGrupo], [Valor]) VALUES (27, N'H70A74', 8)
INSERT INTO [DatosPadron] ([COD_BARRIO], [ClaveGrupo], [Valor]) VALUES (49, N'H70A74', 102)
INSERT INTO [DatosPadron] ([COD_BARRIO], [ClaveGrupo], [Valor]) VALUES (77, N'H70A74', 26)
INSERT INTO [DatosPadron] ([COD_BARRIO], [ClaveGrupo], [Valor]) VALUES (34, N'H70A74', 183)
INSERT INTO [DatosPadron] ([COD_BARRIO], [ClaveGrupo], [Valor]) VALUES (62, N'H70A74', 58)
INSERT INTO [DatosPadron] ([COD_BARRIO], [ClaveGrupo], [Valor]) VALUES (23, N'H70A74', 94)
INSERT INTO [DatosPadron] ([COD_BARRIO], [ClaveGrupo], [Valor]) VALUES (29, N'H70A74', 82)
INSERT INTO [DatosPadron] ([COD_BARRIO], [ClaveGrupo], [Valor]) VALUES (68, N'H70A74', 18)
INSERT INTO [DatosPadron] ([COD_BARRIO], [ClaveGrupo], [Valor]) VALUES (46, N'H70A74', 36)
INSERT INTO [DatosPadron] ([COD_BARRIO], [ClaveGrupo], [Valor]) VALUES (19, N'H70A74', 97)
INSERT INTO [DatosPadron] ([COD_BARRIO], [ClaveGrupo], [Valor]) VALUES (38, N'H70A74', 25)
INSERT INTO [DatosPadron] ([COD_BARRIO], [ClaveGrupo], [Valor]) VALUES (50, N'H70A74', 32)
INSERT INTO [DatosPadron] ([COD_BARRIO], [ClaveGrupo], [Valor]) VALUES (48, N'H70A74', 41)
INSERT INTO [DatosPadron] ([COD_BARRIO], [ClaveGrupo], [Valor]) VALUES (20, N'H70A74', 17)
INSERT INTO [DatosPadron] ([COD_BARRIO], [ClaveGrupo], [Valor]) VALUES (7, N'H70A74', 66)
INSERT INTO [DatosPadron] ([COD_BARRIO], [ClaveGrupo], [Valor]) VALUES (67, N'H70A74', 46)
INSERT INTO [DatosPadron] ([COD_BARRIO], [ClaveGrupo], [Valor]) VALUES (10, N'H70A74', 100)
INSERT INTO [DatosPadron] ([COD_BARRIO], [ClaveGrupo], [Valor]) VALUES (61, N'H70A74', 105)
INSERT INTO [DatosPadron] ([COD_BARRIO], [ClaveGrupo], [Valor]) VALUES (60, N'H70A74', 20)
INSERT INTO [DatosPadron] ([COD_BARRIO], [ClaveGrupo], [Valor]) VALUES (5, N'H70A74', 42)
INSERT INTO [DatosPadron] ([COD_BARRIO], [ClaveGrupo], [Valor]) VALUES (40, N'H70A74', 19)
INSERT INTO [DatosPadron] ([COD_BARRIO], [ClaveGrupo], [Valor]) VALUES (13, N'H70A74', 5)
INSERT INTO [DatosPadron] ([COD_BARRIO], [ClaveGrupo], [Valor]) VALUES (41, N'H70A74', 35)
INSERT INTO [DatosPadron] ([COD_BARRIO], [ClaveGrupo], [Valor]) VALUES (22, N'H70A74', 90)
INSERT INTO [DatosPadron] ([COD_BARRIO], [ClaveGrupo], [Valor]) VALUES (9, N'H70A74', 24)
INSERT INTO [DatosPadron] ([COD_BARRIO], [ClaveGrupo], [Valor]) VALUES (76, N'H70A74', 32)
INSERT INTO [DatosPadron] ([COD_BARRIO], [ClaveGrupo], [Valor]) VALUES (52, N'H70A74', 99)
INSERT INTO [DatosPadron] ([COD_BARRIO], [ClaveGrupo], [Valor]) VALUES (1, N'H70A74', 10)
INSERT INTO [DatosPadron] ([COD_BARRIO], [ClaveGrupo], [Valor]) VALUES (45, N'H70A74', 81)
INSERT INTO [DatosPadron] ([COD_BARRIO], [ClaveGrupo], [Valor]) VALUES (70, N'H70A74', 27)
INSERT INTO [DatosPadron] ([COD_BARRIO], [ClaveGrupo], [Valor]) VALUES (16, N'H70A74', 27)
INSERT INTO [DatosPadron] ([COD_BARRIO], [ClaveGrupo], [Valor]) VALUES (33, N'H70A74', 59)
INSERT INTO [DatosPadron] ([COD_BARRIO], [ClaveGrupo], [Valor]) VALUES (15, N'H70A74', 8)
INSERT INTO [DatosPadron] ([COD_BARRIO], [ClaveGrupo], [Valor]) VALUES (57, N'H70A74', 14)
INSERT INTO [DatosPadron] ([COD_BARRIO], [ClaveGrupo], [Valor]) VALUES (56, N'H70A74', 22)
INSERT INTO [DatosPadron] ([COD_BARRIO], [ClaveGrupo], [Valor]) VALUES (31, N'H70A74', 8)
INSERT INTO [DatosPadron] ([COD_BARRIO], [ClaveGrupo], [Valor]) VALUES (59, N'H70A74', 74)
INSERT INTO [DatosPadron] ([COD_BARRIO], [ClaveGrupo], [Valor]) VALUES (78, N'H70A74', 47)
INSERT INTO [DatosPadron] ([COD_BARRIO], [ClaveGrupo], [Valor]) VALUES (26, N'H70A74', 73)
INSERT INTO [DatosPadron] ([COD_BARRIO], [ClaveGrupo], [Valor]) VALUES (14, N'H70A74', 15)
INSERT INTO [DatosPadron] ([COD_BARRIO], [ClaveGrupo], [Valor]) VALUES (35, N'H70A74', 34)
INSERT INTO [DatosPadron] ([COD_BARRIO], [ClaveGrupo], [Valor]) VALUES (80, N'H70A74', 57)
INSERT INTO [DatosPadron] ([COD_BARRIO], [ClaveGrupo], [Valor]) VALUES (79, N'H70A74', 162)
INSERT INTO [DatosPadron] ([COD_BARRIO], [ClaveGrupo], [Valor]) VALUES (37, N'H75A79', 22)
INSERT INTO [DatosPadron] ([COD_BARRIO], [ClaveGrupo], [Valor]) VALUES (74, N'H75A79', 50)
INSERT INTO [DatosPadron] ([COD_BARRIO], [ClaveGrupo], [Valor]) VALUES (17, N'H75A79', 15)
INSERT INTO [DatosPadron] ([COD_BARRIO], [ClaveGrupo], [Valor]) VALUES (2, N'H75A79', 10)
INSERT INTO [DatosPadron] ([COD_BARRIO], [ClaveGrupo], [Valor]) VALUES (32, N'H75A79', 17)
INSERT INTO [DatosPadron] ([COD_BARRIO], [ClaveGrupo], [Valor]) VALUES (58, N'H75A79', 18)
INSERT INTO [DatosPadron] ([COD_BARRIO], [ClaveGrupo], [Valor]) VALUES (53, N'H75A79', 176)
INSERT INTO [DatosPadron] ([COD_BARRIO], [ClaveGrupo], [Valor]) VALUES (75, N'H75A79', 18)
INSERT INTO [DatosPadron] ([COD_BARRIO], [ClaveGrupo], [Valor]) VALUES (30, N'H75A79', 106)
INSERT INTO [DatosPadron] ([COD_BARRIO], [ClaveGrupo], [Valor]) VALUES (72, N'H75A79', 25)
INSERT INTO [DatosPadron] ([COD_BARRIO], [ClaveGrupo], [Valor]) VALUES (64, N'H75A79', 22)
INSERT INTO [DatosPadron] ([COD_BARRIO], [ClaveGrupo], [Valor]) VALUES (24, N'H75A79', 7)
INSERT INTO [DatosPadron] ([COD_BARRIO], [ClaveGrupo], [Valor]) VALUES (47, N'H75A79', 12)
INSERT INTO [DatosPadron] ([COD_BARRIO], [ClaveGrupo], [Valor]) VALUES (44, N'H75A79', 2)
INSERT INTO [DatosPadron] ([COD_BARRIO], [ClaveGrupo], [Valor]) VALUES (69, N'H75A79', 141)
INSERT INTO [DatosPadron] ([COD_BARRIO], [ClaveGrupo], [Valor]) VALUES (36, N'H75A79', 14)
INSERT INTO [DatosPadron] ([COD_BARRIO], [ClaveGrupo], [Valor]) VALUES (71, N'H75A79', 88)
INSERT INTO [DatosPadron] ([COD_BARRIO], [ClaveGrupo], [Valor]) VALUES (39, N'H75A79', 7)
INSERT INTO [DatosPadron] ([COD_BARRIO], [ClaveGrupo], [Valor]) VALUES (28, N'H75A79', 4)
INSERT INTO [DatosPadron] ([COD_BARRIO], [ClaveGrupo], [Valor]) VALUES (43, N'H75A79', 35)
INSERT INTO [DatosPadron] ([COD_BARRIO], [ClaveGrupo], [Valor]) VALUES (4, N'H75A79', 14)
INSERT INTO [DatosPadron] ([COD_BARRIO], [ClaveGrupo], [Valor]) VALUES (73, N'H75A79', 1)
INSERT INTO [DatosPadron] ([COD_BARRIO], [ClaveGrupo], [Valor]) VALUES (55, N'H75A79', 48)
INSERT INTO [DatosPadron] ([COD_BARRIO], [ClaveGrupo], [Valor]) VALUES (63, N'H75A79', 8)
INSERT INTO [DatosPadron] ([COD_BARRIO], [ClaveGrupo], [Valor]) VALUES (42, N'H75A79', 1)
INSERT INTO [DatosPadron] ([COD_BARRIO], [ClaveGrupo], [Valor]) VALUES (6, N'H75A79', 5)
INSERT INTO [DatosPadron] ([COD_BARRIO], [ClaveGrupo], [Valor]) VALUES (8, N'H75A79', 1)
INSERT INTO [DatosPadron] ([COD_BARRIO], [ClaveGrupo], [Valor]) VALUES (18, N'H75A79', 1)
INSERT INTO [DatosPadron] ([COD_BARRIO], [ClaveGrupo], [Valor]) VALUES (66, N'H75A79', 18)
INSERT INTO [DatosPadron] ([COD_BARRIO], [ClaveGrupo], [Valor]) VALUES (65, N'H75A79', 1)
INSERT INTO [DatosPadron] ([COD_BARRIO], [ClaveGrupo], [Valor]) VALUES (3, N'H75A79', 1)
INSERT INTO [DatosPadron] ([COD_BARRIO], [ClaveGrupo], [Valor]) VALUES (51, N'H75A79', 2)
INSERT INTO [DatosPadron] ([COD_BARRIO], [ClaveGrupo], [Valor]) VALUES (11, N'H75A79', 21)
INSERT INTO [DatosPadron] ([COD_BARRIO], [ClaveGrupo], [Valor]) VALUES (54, N'H75A79', 187)
INSERT INTO [DatosPadron] ([COD_BARRIO], [ClaveGrupo], [Valor]) VALUES (12, N'H75A79', 50)
INSERT INTO [DatosPadron] ([COD_BARRIO], [ClaveGrupo], [Valor]) VALUES (25, N'H75A79', 43)
INSERT INTO [DatosPadron] ([COD_BARRIO], [ClaveGrupo], [Valor]) VALUES (27, N'H75A79', 8)
INSERT INTO [DatosPadron] ([COD_BARRIO], [ClaveGrupo], [Valor]) VALUES (49, N'H75A79', 65)
INSERT INTO [DatosPadron] ([COD_BARRIO], [ClaveGrupo], [Valor]) VALUES (77, N'H75A79', 19)
INSERT INTO [DatosPadron] ([COD_BARRIO], [ClaveGrupo], [Valor]) VALUES (34, N'H75A79', 127)
INSERT INTO [DatosPadron] ([COD_BARRIO], [ClaveGrupo], [Valor]) VALUES (62, N'H75A79', 51)
INSERT INTO [DatosPadron] ([COD_BARRIO], [ClaveGrupo], [Valor]) VALUES (23, N'H75A79', 57)
INSERT INTO [DatosPadron] ([COD_BARRIO], [ClaveGrupo], [Valor]) VALUES (29, N'H75A79', 30)
INSERT INTO [DatosPadron] ([COD_BARRIO], [ClaveGrupo], [Valor]) VALUES (68, N'H75A79', 22)
INSERT INTO [DatosPadron] ([COD_BARRIO], [ClaveGrupo], [Valor]) VALUES (46, N'H75A79', 34)
INSERT INTO [DatosPadron] ([COD_BARRIO], [ClaveGrupo], [Valor]) VALUES (19, N'H75A79', 53)
go
INSERT INTO [DatosPadron] ([COD_BARRIO], [ClaveGrupo], [Valor]) VALUES (38, N'H75A79', 26)
INSERT INTO [DatosPadron] ([COD_BARRIO], [ClaveGrupo], [Valor]) VALUES (50, N'H75A79', 21)
INSERT INTO [DatosPadron] ([COD_BARRIO], [ClaveGrupo], [Valor]) VALUES (48, N'H75A79', 37)
INSERT INTO [DatosPadron] ([COD_BARRIO], [ClaveGrupo], [Valor]) VALUES (20, N'H75A79', 17)
INSERT INTO [DatosPadron] ([COD_BARRIO], [ClaveGrupo], [Valor]) VALUES (7, N'H75A79', 40)
INSERT INTO [DatosPadron] ([COD_BARRIO], [ClaveGrupo], [Valor]) VALUES (67, N'H75A79', 37)
INSERT INTO [DatosPadron] ([COD_BARRIO], [ClaveGrupo], [Valor]) VALUES (10, N'H75A79', 65)
INSERT INTO [DatosPadron] ([COD_BARRIO], [ClaveGrupo], [Valor]) VALUES (61, N'H75A79', 68)
INSERT INTO [DatosPadron] ([COD_BARRIO], [ClaveGrupo], [Valor]) VALUES (60, N'H75A79', 18)
INSERT INTO [DatosPadron] ([COD_BARRIO], [ClaveGrupo], [Valor]) VALUES (5, N'H75A79', 25)
INSERT INTO [DatosPadron] ([COD_BARRIO], [ClaveGrupo], [Valor]) VALUES (40, N'H75A79', 5)
INSERT INTO [DatosPadron] ([COD_BARRIO], [ClaveGrupo], [Valor]) VALUES (13, N'H75A79', 3)
INSERT INTO [DatosPadron] ([COD_BARRIO], [ClaveGrupo], [Valor]) VALUES (41, N'H75A79', 23)
INSERT INTO [DatosPadron] ([COD_BARRIO], [ClaveGrupo], [Valor]) VALUES (22, N'H75A79', 52)
INSERT INTO [DatosPadron] ([COD_BARRIO], [ClaveGrupo], [Valor]) VALUES (9, N'H75A79', 8)
INSERT INTO [DatosPadron] ([COD_BARRIO], [ClaveGrupo], [Valor]) VALUES (76, N'H75A79', 24)
INSERT INTO [DatosPadron] ([COD_BARRIO], [ClaveGrupo], [Valor]) VALUES (52, N'H75A79', 71)
INSERT INTO [DatosPadron] ([COD_BARRIO], [ClaveGrupo], [Valor]) VALUES (1, N'H75A79', 8)
INSERT INTO [DatosPadron] ([COD_BARRIO], [ClaveGrupo], [Valor]) VALUES (45, N'H75A79', 57)
INSERT INTO [DatosPadron] ([COD_BARRIO], [ClaveGrupo], [Valor]) VALUES (70, N'H75A79', 15)
INSERT INTO [DatosPadron] ([COD_BARRIO], [ClaveGrupo], [Valor]) VALUES (16, N'H75A79', 14)
INSERT INTO [DatosPadron] ([COD_BARRIO], [ClaveGrupo], [Valor]) VALUES (33, N'H75A79', 33)
INSERT INTO [DatosPadron] ([COD_BARRIO], [ClaveGrupo], [Valor]) VALUES (15, N'H75A79', 8)
INSERT INTO [DatosPadron] ([COD_BARRIO], [ClaveGrupo], [Valor]) VALUES (57, N'H75A79', 8)
INSERT INTO [DatosPadron] ([COD_BARRIO], [ClaveGrupo], [Valor]) VALUES (56, N'H75A79', 24)
INSERT INTO [DatosPadron] ([COD_BARRIO], [ClaveGrupo], [Valor]) VALUES (31, N'H75A79', 6)
INSERT INTO [DatosPadron] ([COD_BARRIO], [ClaveGrupo], [Valor]) VALUES (59, N'H75A79', 59)
INSERT INTO [DatosPadron] ([COD_BARRIO], [ClaveGrupo], [Valor]) VALUES (78, N'H75A79', 20)
INSERT INTO [DatosPadron] ([COD_BARRIO], [ClaveGrupo], [Valor]) VALUES (26, N'H75A79', 61)
INSERT INTO [DatosPadron] ([COD_BARRIO], [ClaveGrupo], [Valor]) VALUES (14, N'H75A79', 7)
INSERT INTO [DatosPadron] ([COD_BARRIO], [ClaveGrupo], [Valor]) VALUES (35, N'H75A79', 24)
INSERT INTO [DatosPadron] ([COD_BARRIO], [ClaveGrupo], [Valor]) VALUES (80, N'H75A79', 41)
INSERT INTO [DatosPadron] ([COD_BARRIO], [ClaveGrupo], [Valor]) VALUES (79, N'H75A79', 132)
INSERT INTO [DatosPadron] ([COD_BARRIO], [ClaveGrupo], [Valor]) VALUES (37, N'H80A84', 11)
INSERT INTO [DatosPadron] ([COD_BARRIO], [ClaveGrupo], [Valor]) VALUES (74, N'H80A84', 36)
INSERT INTO [DatosPadron] ([COD_BARRIO], [ClaveGrupo], [Valor]) VALUES (17, N'H80A84', 16)
INSERT INTO [DatosPadron] ([COD_BARRIO], [ClaveGrupo], [Valor]) VALUES (2, N'H80A84', 8)
INSERT INTO [DatosPadron] ([COD_BARRIO], [ClaveGrupo], [Valor]) VALUES (32, N'H80A84', 16)
INSERT INTO [DatosPadron] ([COD_BARRIO], [ClaveGrupo], [Valor]) VALUES (58, N'H80A84', 12)
INSERT INTO [DatosPadron] ([COD_BARRIO], [ClaveGrupo], [Valor]) VALUES (53, N'H80A84', 153)
INSERT INTO [DatosPadron] ([COD_BARRIO], [ClaveGrupo], [Valor]) VALUES (75, N'H80A84', 8)
INSERT INTO [DatosPadron] ([COD_BARRIO], [ClaveGrupo], [Valor]) VALUES (30, N'H80A84', 85)
INSERT INTO [DatosPadron] ([COD_BARRIO], [ClaveGrupo], [Valor]) VALUES (72, N'H80A84', 21)
INSERT INTO [DatosPadron] ([COD_BARRIO], [ClaveGrupo], [Valor]) VALUES (64, N'H80A84', 17)
INSERT INTO [DatosPadron] ([COD_BARRIO], [ClaveGrupo], [Valor]) VALUES (24, N'H80A84', 10)
INSERT INTO [DatosPadron] ([COD_BARRIO], [ClaveGrupo], [Valor]) VALUES (47, N'H80A84', 9)
INSERT INTO [DatosPadron] ([COD_BARRIO], [ClaveGrupo], [Valor]) VALUES (44, N'H80A84', 5)
INSERT INTO [DatosPadron] ([COD_BARRIO], [ClaveGrupo], [Valor]) VALUES (69, N'H80A84', 124)
INSERT INTO [DatosPadron] ([COD_BARRIO], [ClaveGrupo], [Valor]) VALUES (36, N'H80A84', 22)
INSERT INTO [DatosPadron] ([COD_BARRIO], [ClaveGrupo], [Valor]) VALUES (71, N'H80A84', 52)
INSERT INTO [DatosPadron] ([COD_BARRIO], [ClaveGrupo], [Valor]) VALUES (39, N'H80A84', 6)
INSERT INTO [DatosPadron] ([COD_BARRIO], [ClaveGrupo], [Valor]) VALUES (28, N'H80A84', 2)
INSERT INTO [DatosPadron] ([COD_BARRIO], [ClaveGrupo], [Valor]) VALUES (43, N'H80A84', 24)
INSERT INTO [DatosPadron] ([COD_BARRIO], [ClaveGrupo], [Valor]) VALUES (4, N'H80A84', 16)
INSERT INTO [DatosPadron] ([COD_BARRIO], [ClaveGrupo], [Valor]) VALUES (73, N'H80A84', 2)
INSERT INTO [DatosPadron] ([COD_BARRIO], [ClaveGrupo], [Valor]) VALUES (55, N'H80A84', 24)
INSERT INTO [DatosPadron] ([COD_BARRIO], [ClaveGrupo], [Valor]) VALUES (63, N'H80A84', 7)
INSERT INTO [DatosPadron] ([COD_BARRIO], [ClaveGrupo], [Valor]) VALUES (42, N'H80A84', 2)
INSERT INTO [DatosPadron] ([COD_BARRIO], [ClaveGrupo], [Valor]) VALUES (21, N'H80A84', 1)
INSERT INTO [DatosPadron] ([COD_BARRIO], [ClaveGrupo], [Valor]) VALUES (6, N'H80A84', 11)
INSERT INTO [DatosPadron] ([COD_BARRIO], [ClaveGrupo], [Valor]) VALUES (18, N'H80A84', 3)
INSERT INTO [DatosPadron] ([COD_BARRIO], [ClaveGrupo], [Valor]) VALUES (66, N'H80A84', 17)
INSERT INTO [DatosPadron] ([COD_BARRIO], [ClaveGrupo], [Valor]) VALUES (65, N'H80A84', 1)
INSERT INTO [DatosPadron] ([COD_BARRIO], [ClaveGrupo], [Valor]) VALUES (3, N'H80A84', 1)
INSERT INTO [DatosPadron] ([COD_BARRIO], [ClaveGrupo], [Valor]) VALUES (51, N'H80A84', 4)
INSERT INTO [DatosPadron] ([COD_BARRIO], [ClaveGrupo], [Valor]) VALUES (11, N'H80A84', 15)
INSERT INTO [DatosPadron] ([COD_BARRIO], [ClaveGrupo], [Valor]) VALUES (54, N'H80A84', 181)
INSERT INTO [DatosPadron] ([COD_BARRIO], [ClaveGrupo], [Valor]) VALUES (12, N'H80A84', 55)
INSERT INTO [DatosPadron] ([COD_BARRIO], [ClaveGrupo], [Valor]) VALUES (25, N'H80A84', 50)
INSERT INTO [DatosPadron] ([COD_BARRIO], [ClaveGrupo], [Valor]) VALUES (27, N'H80A84', 4)
INSERT INTO [DatosPadron] ([COD_BARRIO], [ClaveGrupo], [Valor]) VALUES (49, N'H80A84', 59)
INSERT INTO [DatosPadron] ([COD_BARRIO], [ClaveGrupo], [Valor]) VALUES (77, N'H80A84', 18)
INSERT INTO [DatosPadron] ([COD_BARRIO], [ClaveGrupo], [Valor]) VALUES (34, N'H80A84', 99)
INSERT INTO [DatosPadron] ([COD_BARRIO], [ClaveGrupo], [Valor]) VALUES (62, N'H80A84', 40)
INSERT INTO [DatosPadron] ([COD_BARRIO], [ClaveGrupo], [Valor]) VALUES (23, N'H80A84', 42)
INSERT INTO [DatosPadron] ([COD_BARRIO], [ClaveGrupo], [Valor]) VALUES (29, N'H80A84', 40)
INSERT INTO [DatosPadron] ([COD_BARRIO], [ClaveGrupo], [Valor]) VALUES (68, N'H80A84', 25)
INSERT INTO [DatosPadron] ([COD_BARRIO], [ClaveGrupo], [Valor]) VALUES (46, N'H80A84', 34)
INSERT INTO [DatosPadron] ([COD_BARRIO], [ClaveGrupo], [Valor]) VALUES (19, N'H80A84', 34)
INSERT INTO [DatosPadron] ([COD_BARRIO], [ClaveGrupo], [Valor]) VALUES (38, N'H80A84', 25)
INSERT INTO [DatosPadron] ([COD_BARRIO], [ClaveGrupo], [Valor]) VALUES (50, N'H80A84', 16)
INSERT INTO [DatosPadron] ([COD_BARRIO], [ClaveGrupo], [Valor]) VALUES (48, N'H80A84', 17)
INSERT INTO [DatosPadron] ([COD_BARRIO], [ClaveGrupo], [Valor]) VALUES (20, N'H80A84', 13)
INSERT INTO [DatosPadron] ([COD_BARRIO], [ClaveGrupo], [Valor]) VALUES (7, N'H80A84', 26)
INSERT INTO [DatosPadron] ([COD_BARRIO], [ClaveGrupo], [Valor]) VALUES (67, N'H80A84', 22)
INSERT INTO [DatosPadron] ([COD_BARRIO], [ClaveGrupo], [Valor]) VALUES (10, N'H80A84', 44)
INSERT INTO [DatosPadron] ([COD_BARRIO], [ClaveGrupo], [Valor]) VALUES (61, N'H80A84', 46)
INSERT INTO [DatosPadron] ([COD_BARRIO], [ClaveGrupo], [Valor]) VALUES (60, N'H80A84', 16)
INSERT INTO [DatosPadron] ([COD_BARRIO], [ClaveGrupo], [Valor]) VALUES (5, N'H80A84', 19)
INSERT INTO [DatosPadron] ([COD_BARRIO], [ClaveGrupo], [Valor]) VALUES (40, N'H80A84', 5)
INSERT INTO [DatosPadron] ([COD_BARRIO], [ClaveGrupo], [Valor]) VALUES (13, N'H80A84', 3)
INSERT INTO [DatosPadron] ([COD_BARRIO], [ClaveGrupo], [Valor]) VALUES (41, N'H80A84', 13)
INSERT INTO [DatosPadron] ([COD_BARRIO], [ClaveGrupo], [Valor]) VALUES (22, N'H80A84', 58)
INSERT INTO [DatosPadron] ([COD_BARRIO], [ClaveGrupo], [Valor]) VALUES (9, N'H80A84', 5)
INSERT INTO [DatosPadron] ([COD_BARRIO], [ClaveGrupo], [Valor]) VALUES (76, N'H80A84', 26)
INSERT INTO [DatosPadron] ([COD_BARRIO], [ClaveGrupo], [Valor]) VALUES (52, N'H80A84', 65)
go
INSERT INTO [DatosPadron] ([COD_BARRIO], [ClaveGrupo], [Valor]) VALUES (1, N'H80A84', 4)
INSERT INTO [DatosPadron] ([COD_BARRIO], [ClaveGrupo], [Valor]) VALUES (45, N'H80A84', 44)
INSERT INTO [DatosPadron] ([COD_BARRIO], [ClaveGrupo], [Valor]) VALUES (70, N'H80A84', 4)
INSERT INTO [DatosPadron] ([COD_BARRIO], [ClaveGrupo], [Valor]) VALUES (16, N'H80A84', 8)
INSERT INTO [DatosPadron] ([COD_BARRIO], [ClaveGrupo], [Valor]) VALUES (33, N'H80A84', 44)
INSERT INTO [DatosPadron] ([COD_BARRIO], [ClaveGrupo], [Valor]) VALUES (15, N'H80A84', 12)
INSERT INTO [DatosPadron] ([COD_BARRIO], [ClaveGrupo], [Valor]) VALUES (57, N'H80A84', 6)
INSERT INTO [DatosPadron] ([COD_BARRIO], [ClaveGrupo], [Valor]) VALUES (56, N'H80A84', 15)
INSERT INTO [DatosPadron] ([COD_BARRIO], [ClaveGrupo], [Valor]) VALUES (31, N'H80A84', 9)
INSERT INTO [DatosPadron] ([COD_BARRIO], [ClaveGrupo], [Valor]) VALUES (59, N'H80A84', 38)
INSERT INTO [DatosPadron] ([COD_BARRIO], [ClaveGrupo], [Valor]) VALUES (78, N'H80A84', 25)
INSERT INTO [DatosPadron] ([COD_BARRIO], [ClaveGrupo], [Valor]) VALUES (26, N'H80A84', 47)
INSERT INTO [DatosPadron] ([COD_BARRIO], [ClaveGrupo], [Valor]) VALUES (14, N'H80A84', 2)
INSERT INTO [DatosPadron] ([COD_BARRIO], [ClaveGrupo], [Valor]) VALUES (35, N'H80A84', 31)
INSERT INTO [DatosPadron] ([COD_BARRIO], [ClaveGrupo], [Valor]) VALUES (80, N'H80A84', 27)
INSERT INTO [DatosPadron] ([COD_BARRIO], [ClaveGrupo], [Valor]) VALUES (79, N'H80A84', 118)
INSERT INTO [DatosPadron] ([COD_BARRIO], [ClaveGrupo], [Valor]) VALUES (37, N'H85A89', 5)
INSERT INTO [DatosPadron] ([COD_BARRIO], [ClaveGrupo], [Valor]) VALUES (74, N'H85A89', 16)
INSERT INTO [DatosPadron] ([COD_BARRIO], [ClaveGrupo], [Valor]) VALUES (17, N'H85A89', 4)
INSERT INTO [DatosPadron] ([COD_BARRIO], [ClaveGrupo], [Valor]) VALUES (2, N'H85A89', 2)
INSERT INTO [DatosPadron] ([COD_BARRIO], [ClaveGrupo], [Valor]) VALUES (32, N'H85A89', 4)
INSERT INTO [DatosPadron] ([COD_BARRIO], [ClaveGrupo], [Valor]) VALUES (58, N'H85A89', 8)
INSERT INTO [DatosPadron] ([COD_BARRIO], [ClaveGrupo], [Valor]) VALUES (53, N'H85A89', 69)
INSERT INTO [DatosPadron] ([COD_BARRIO], [ClaveGrupo], [Valor]) VALUES (75, N'H85A89', 5)
INSERT INTO [DatosPadron] ([COD_BARRIO], [ClaveGrupo], [Valor]) VALUES (30, N'H85A89', 49)
INSERT INTO [DatosPadron] ([COD_BARRIO], [ClaveGrupo], [Valor]) VALUES (72, N'H85A89', 16)
INSERT INTO [DatosPadron] ([COD_BARRIO], [ClaveGrupo], [Valor]) VALUES (64, N'H85A89', 9)
INSERT INTO [DatosPadron] ([COD_BARRIO], [ClaveGrupo], [Valor]) VALUES (24, N'H85A89', 4)
INSERT INTO [DatosPadron] ([COD_BARRIO], [ClaveGrupo], [Valor]) VALUES (47, N'H85A89', 7)
INSERT INTO [DatosPadron] ([COD_BARRIO], [ClaveGrupo], [Valor]) VALUES (44, N'H85A89', 3)
INSERT INTO [DatosPadron] ([COD_BARRIO], [ClaveGrupo], [Valor]) VALUES (69, N'H85A89', 56)
INSERT INTO [DatosPadron] ([COD_BARRIO], [ClaveGrupo], [Valor]) VALUES (36, N'H85A89', 4)
INSERT INTO [DatosPadron] ([COD_BARRIO], [ClaveGrupo], [Valor]) VALUES (71, N'H85A89', 25)
INSERT INTO [DatosPadron] ([COD_BARRIO], [ClaveGrupo], [Valor]) VALUES (28, N'H85A89', 2)
INSERT INTO [DatosPadron] ([COD_BARRIO], [ClaveGrupo], [Valor]) VALUES (43, N'H85A89', 7)
INSERT INTO [DatosPadron] ([COD_BARRIO], [ClaveGrupo], [Valor]) VALUES (4, N'H85A89', 11)
INSERT INTO [DatosPadron] ([COD_BARRIO], [ClaveGrupo], [Valor]) VALUES (55, N'H85A89', 18)
INSERT INTO [DatosPadron] ([COD_BARRIO], [ClaveGrupo], [Valor]) VALUES (63, N'H85A89', 4)
INSERT INTO [DatosPadron] ([COD_BARRIO], [ClaveGrupo], [Valor]) VALUES (6, N'H85A89', 4)
INSERT INTO [DatosPadron] ([COD_BARRIO], [ClaveGrupo], [Valor]) VALUES (8, N'H85A89', 1)
INSERT INTO [DatosPadron] ([COD_BARRIO], [ClaveGrupo], [Valor]) VALUES (18, N'H85A89', 1)
INSERT INTO [DatosPadron] ([COD_BARRIO], [ClaveGrupo], [Valor]) VALUES (66, N'H85A89', 3)
INSERT INTO [DatosPadron] ([COD_BARRIO], [ClaveGrupo], [Valor]) VALUES (65, N'H85A89', 2)
INSERT INTO [DatosPadron] ([COD_BARRIO], [ClaveGrupo], [Valor]) VALUES (3, N'H85A89', 1)
INSERT INTO [DatosPadron] ([COD_BARRIO], [ClaveGrupo], [Valor]) VALUES (51, N'H85A89', 3)
INSERT INTO [DatosPadron] ([COD_BARRIO], [ClaveGrupo], [Valor]) VALUES (11, N'H85A89', 8)
INSERT INTO [DatosPadron] ([COD_BARRIO], [ClaveGrupo], [Valor]) VALUES (54, N'H85A89', 78)
INSERT INTO [DatosPadron] ([COD_BARRIO], [ClaveGrupo], [Valor]) VALUES (12, N'H85A89', 22)
INSERT INTO [DatosPadron] ([COD_BARRIO], [ClaveGrupo], [Valor]) VALUES (25, N'H85A89', 18)
INSERT INTO [DatosPadron] ([COD_BARRIO], [ClaveGrupo], [Valor]) VALUES (27, N'H85A89', 1)
INSERT INTO [DatosPadron] ([COD_BARRIO], [ClaveGrupo], [Valor]) VALUES (49, N'H85A89', 21)
INSERT INTO [DatosPadron] ([COD_BARRIO], [ClaveGrupo], [Valor]) VALUES (77, N'H85A89', 5)
INSERT INTO [DatosPadron] ([COD_BARRIO], [ClaveGrupo], [Valor]) VALUES (34, N'H85A89', 45)
INSERT INTO [DatosPadron] ([COD_BARRIO], [ClaveGrupo], [Valor]) VALUES (62, N'H85A89', 23)
INSERT INTO [DatosPadron] ([COD_BARRIO], [ClaveGrupo], [Valor]) VALUES (23, N'H85A89', 19)
INSERT INTO [DatosPadron] ([COD_BARRIO], [ClaveGrupo], [Valor]) VALUES (29, N'H85A89', 23)
INSERT INTO [DatosPadron] ([COD_BARRIO], [ClaveGrupo], [Valor]) VALUES (68, N'H85A89', 13)
INSERT INTO [DatosPadron] ([COD_BARRIO], [ClaveGrupo], [Valor]) VALUES (46, N'H85A89', 10)
INSERT INTO [DatosPadron] ([COD_BARRIO], [ClaveGrupo], [Valor]) VALUES (19, N'H85A89', 11)
INSERT INTO [DatosPadron] ([COD_BARRIO], [ClaveGrupo], [Valor]) VALUES (38, N'H85A89', 7)
INSERT INTO [DatosPadron] ([COD_BARRIO], [ClaveGrupo], [Valor]) VALUES (50, N'H85A89', 3)
INSERT INTO [DatosPadron] ([COD_BARRIO], [ClaveGrupo], [Valor]) VALUES (48, N'H85A89', 4)
INSERT INTO [DatosPadron] ([COD_BARRIO], [ClaveGrupo], [Valor]) VALUES (20, N'H85A89', 5)
INSERT INTO [DatosPadron] ([COD_BARRIO], [ClaveGrupo], [Valor]) VALUES (7, N'H85A89', 7)
INSERT INTO [DatosPadron] ([COD_BARRIO], [ClaveGrupo], [Valor]) VALUES (67, N'H85A89', 7)
INSERT INTO [DatosPadron] ([COD_BARRIO], [ClaveGrupo], [Valor]) VALUES (10, N'H85A89', 18)
INSERT INTO [DatosPadron] ([COD_BARRIO], [ClaveGrupo], [Valor]) VALUES (61, N'H85A89', 19)
INSERT INTO [DatosPadron] ([COD_BARRIO], [ClaveGrupo], [Valor]) VALUES (60, N'H85A89', 2)
INSERT INTO [DatosPadron] ([COD_BARRIO], [ClaveGrupo], [Valor]) VALUES (5, N'H85A89', 7)
INSERT INTO [DatosPadron] ([COD_BARRIO], [ClaveGrupo], [Valor]) VALUES (40, N'H85A89', 2)
INSERT INTO [DatosPadron] ([COD_BARRIO], [ClaveGrupo], [Valor]) VALUES (13, N'H85A89', 1)
INSERT INTO [DatosPadron] ([COD_BARRIO], [ClaveGrupo], [Valor]) VALUES (41, N'H85A89', 2)
INSERT INTO [DatosPadron] ([COD_BARRIO], [ClaveGrupo], [Valor]) VALUES (22, N'H85A89', 19)
INSERT INTO [DatosPadron] ([COD_BARRIO], [ClaveGrupo], [Valor]) VALUES (9, N'H85A89', 3)
INSERT INTO [DatosPadron] ([COD_BARRIO], [ClaveGrupo], [Valor]) VALUES (76, N'H85A89', 12)
INSERT INTO [DatosPadron] ([COD_BARRIO], [ClaveGrupo], [Valor]) VALUES (52, N'H85A89', 49)
INSERT INTO [DatosPadron] ([COD_BARRIO], [ClaveGrupo], [Valor]) VALUES (1, N'H85A89', 5)
INSERT INTO [DatosPadron] ([COD_BARRIO], [ClaveGrupo], [Valor]) VALUES (45, N'H85A89', 26)
INSERT INTO [DatosPadron] ([COD_BARRIO], [ClaveGrupo], [Valor]) VALUES (70, N'H85A89', 3)
INSERT INTO [DatosPadron] ([COD_BARRIO], [ClaveGrupo], [Valor]) VALUES (16, N'H85A89', 6)
INSERT INTO [DatosPadron] ([COD_BARRIO], [ClaveGrupo], [Valor]) VALUES (33, N'H85A89', 26)
INSERT INTO [DatosPadron] ([COD_BARRIO], [ClaveGrupo], [Valor]) VALUES (15, N'H85A89', 2)
INSERT INTO [DatosPadron] ([COD_BARRIO], [ClaveGrupo], [Valor]) VALUES (57, N'H85A89', 2)
INSERT INTO [DatosPadron] ([COD_BARRIO], [ClaveGrupo], [Valor]) VALUES (56, N'H85A89', 1)
INSERT INTO [DatosPadron] ([COD_BARRIO], [ClaveGrupo], [Valor]) VALUES (31, N'H85A89', 2)
INSERT INTO [DatosPadron] ([COD_BARRIO], [ClaveGrupo], [Valor]) VALUES (59, N'H85A89', 23)
INSERT INTO [DatosPadron] ([COD_BARRIO], [ClaveGrupo], [Valor]) VALUES (78, N'H85A89', 8)
INSERT INTO [DatosPadron] ([COD_BARRIO], [ClaveGrupo], [Valor]) VALUES (26, N'H85A89', 20)
INSERT INTO [DatosPadron] ([COD_BARRIO], [ClaveGrupo], [Valor]) VALUES (14, N'H85A89', 3)
INSERT INTO [DatosPadron] ([COD_BARRIO], [ClaveGrupo], [Valor]) VALUES (35, N'H85A89', 13)
INSERT INTO [DatosPadron] ([COD_BARRIO], [ClaveGrupo], [Valor]) VALUES (80, N'H85A89', 20)
INSERT INTO [DatosPadron] ([COD_BARRIO], [ClaveGrupo], [Valor]) VALUES (79, N'H85A89', 67)
INSERT INTO [DatosPadron] ([COD_BARRIO], [ClaveGrupo], [Valor]) VALUES (74, N'H90A94', 4)
INSERT INTO [DatosPadron] ([COD_BARRIO], [ClaveGrupo], [Valor]) VALUES (17, N'H90A94', 3)
INSERT INTO [DatosPadron] ([COD_BARRIO], [ClaveGrupo], [Valor]) VALUES (2, N'H90A94', 2)
INSERT INTO [DatosPadron] ([COD_BARRIO], [ClaveGrupo], [Valor]) VALUES (32, N'H90A94', 1)
go
INSERT INTO [DatosPadron] ([COD_BARRIO], [ClaveGrupo], [Valor]) VALUES (58, N'H90A94', 3)
INSERT INTO [DatosPadron] ([COD_BARRIO], [ClaveGrupo], [Valor]) VALUES (53, N'H90A94', 30)
INSERT INTO [DatosPadron] ([COD_BARRIO], [ClaveGrupo], [Valor]) VALUES (75, N'H90A94', 1)
INSERT INTO [DatosPadron] ([COD_BARRIO], [ClaveGrupo], [Valor]) VALUES (30, N'H90A94', 15)
INSERT INTO [DatosPadron] ([COD_BARRIO], [ClaveGrupo], [Valor]) VALUES (72, N'H90A94', 3)
INSERT INTO [DatosPadron] ([COD_BARRIO], [ClaveGrupo], [Valor]) VALUES (64, N'H90A94', 3)
INSERT INTO [DatosPadron] ([COD_BARRIO], [ClaveGrupo], [Valor]) VALUES (47, N'H90A94', 1)
INSERT INTO [DatosPadron] ([COD_BARRIO], [ClaveGrupo], [Valor]) VALUES (69, N'H90A94', 23)
INSERT INTO [DatosPadron] ([COD_BARRIO], [ClaveGrupo], [Valor]) VALUES (36, N'H90A94', 3)
INSERT INTO [DatosPadron] ([COD_BARRIO], [ClaveGrupo], [Valor]) VALUES (71, N'H90A94', 12)
INSERT INTO [DatosPadron] ([COD_BARRIO], [ClaveGrupo], [Valor]) VALUES (39, N'H90A94', 1)
INSERT INTO [DatosPadron] ([COD_BARRIO], [ClaveGrupo], [Valor]) VALUES (43, N'H90A94', 3)
INSERT INTO [DatosPadron] ([COD_BARRIO], [ClaveGrupo], [Valor]) VALUES (4, N'H90A94', 5)
INSERT INTO [DatosPadron] ([COD_BARRIO], [ClaveGrupo], [Valor]) VALUES (55, N'H90A94', 4)
INSERT INTO [DatosPadron] ([COD_BARRIO], [ClaveGrupo], [Valor]) VALUES (66, N'H90A94', 4)
INSERT INTO [DatosPadron] ([COD_BARRIO], [ClaveGrupo], [Valor]) VALUES (65, N'H90A94', 1)
INSERT INTO [DatosPadron] ([COD_BARRIO], [ClaveGrupo], [Valor]) VALUES (3, N'H90A94', 1)
INSERT INTO [DatosPadron] ([COD_BARRIO], [ClaveGrupo], [Valor]) VALUES (11, N'H90A94', 2)
INSERT INTO [DatosPadron] ([COD_BARRIO], [ClaveGrupo], [Valor]) VALUES (54, N'H90A94', 20)
INSERT INTO [DatosPadron] ([COD_BARRIO], [ClaveGrupo], [Valor]) VALUES (12, N'H90A94', 9)
INSERT INTO [DatosPadron] ([COD_BARRIO], [ClaveGrupo], [Valor]) VALUES (25, N'H90A94', 9)
INSERT INTO [DatosPadron] ([COD_BARRIO], [ClaveGrupo], [Valor]) VALUES (49, N'H90A94', 3)
INSERT INTO [DatosPadron] ([COD_BARRIO], [ClaveGrupo], [Valor]) VALUES (77, N'H90A94', 2)
INSERT INTO [DatosPadron] ([COD_BARRIO], [ClaveGrupo], [Valor]) VALUES (34, N'H90A94', 18)
INSERT INTO [DatosPadron] ([COD_BARRIO], [ClaveGrupo], [Valor]) VALUES (62, N'H90A94', 13)
INSERT INTO [DatosPadron] ([COD_BARRIO], [ClaveGrupo], [Valor]) VALUES (23, N'H90A94', 4)
INSERT INTO [DatosPadron] ([COD_BARRIO], [ClaveGrupo], [Valor]) VALUES (29, N'H90A94', 5)
INSERT INTO [DatosPadron] ([COD_BARRIO], [ClaveGrupo], [Valor]) VALUES (68, N'H90A94', 2)
INSERT INTO [DatosPadron] ([COD_BARRIO], [ClaveGrupo], [Valor]) VALUES (19, N'H90A94', 5)
INSERT INTO [DatosPadron] ([COD_BARRIO], [ClaveGrupo], [Valor]) VALUES (38, N'H90A94', 1)
INSERT INTO [DatosPadron] ([COD_BARRIO], [ClaveGrupo], [Valor]) VALUES (48, N'H90A94', 2)
INSERT INTO [DatosPadron] ([COD_BARRIO], [ClaveGrupo], [Valor]) VALUES (20, N'H90A94', 2)
INSERT INTO [DatosPadron] ([COD_BARRIO], [ClaveGrupo], [Valor]) VALUES (7, N'H90A94', 2)
INSERT INTO [DatosPadron] ([COD_BARRIO], [ClaveGrupo], [Valor]) VALUES (67, N'H90A94', 6)
INSERT INTO [DatosPadron] ([COD_BARRIO], [ClaveGrupo], [Valor]) VALUES (10, N'H90A94', 6)
INSERT INTO [DatosPadron] ([COD_BARRIO], [ClaveGrupo], [Valor]) VALUES (61, N'H90A94', 6)
INSERT INTO [DatosPadron] ([COD_BARRIO], [ClaveGrupo], [Valor]) VALUES (60, N'H90A94', 2)
INSERT INTO [DatosPadron] ([COD_BARRIO], [ClaveGrupo], [Valor]) VALUES (13, N'H90A94', 1)
INSERT INTO [DatosPadron] ([COD_BARRIO], [ClaveGrupo], [Valor]) VALUES (41, N'H90A94', 1)
INSERT INTO [DatosPadron] ([COD_BARRIO], [ClaveGrupo], [Valor]) VALUES (22, N'H90A94', 8)
INSERT INTO [DatosPadron] ([COD_BARRIO], [ClaveGrupo], [Valor]) VALUES (9, N'H90A94', 1)
INSERT INTO [DatosPadron] ([COD_BARRIO], [ClaveGrupo], [Valor]) VALUES (76, N'H90A94', 4)
INSERT INTO [DatosPadron] ([COD_BARRIO], [ClaveGrupo], [Valor]) VALUES (52, N'H90A94', 22)
INSERT INTO [DatosPadron] ([COD_BARRIO], [ClaveGrupo], [Valor]) VALUES (1, N'H90A94', 1)
INSERT INTO [DatosPadron] ([COD_BARRIO], [ClaveGrupo], [Valor]) VALUES (45, N'H90A94', 6)
INSERT INTO [DatosPadron] ([COD_BARRIO], [ClaveGrupo], [Valor]) VALUES (70, N'H90A94', 1)
INSERT INTO [DatosPadron] ([COD_BARRIO], [ClaveGrupo], [Valor]) VALUES (16, N'H90A94', 1)
INSERT INTO [DatosPadron] ([COD_BARRIO], [ClaveGrupo], [Valor]) VALUES (33, N'H90A94', 10)
INSERT INTO [DatosPadron] ([COD_BARRIO], [ClaveGrupo], [Valor]) VALUES (15, N'H90A94', 1)
INSERT INTO [DatosPadron] ([COD_BARRIO], [ClaveGrupo], [Valor]) VALUES (57, N'H90A94', 2)
INSERT INTO [DatosPadron] ([COD_BARRIO], [ClaveGrupo], [Valor]) VALUES (56, N'H90A94', 2)
INSERT INTO [DatosPadron] ([COD_BARRIO], [ClaveGrupo], [Valor]) VALUES (31, N'H90A94', 1)
INSERT INTO [DatosPadron] ([COD_BARRIO], [ClaveGrupo], [Valor]) VALUES (59, N'H90A94', 6)
INSERT INTO [DatosPadron] ([COD_BARRIO], [ClaveGrupo], [Valor]) VALUES (78, N'H90A94', 3)
INSERT INTO [DatosPadron] ([COD_BARRIO], [ClaveGrupo], [Valor]) VALUES (26, N'H90A94', 8)
INSERT INTO [DatosPadron] ([COD_BARRIO], [ClaveGrupo], [Valor]) VALUES (35, N'H90A94', 7)
INSERT INTO [DatosPadron] ([COD_BARRIO], [ClaveGrupo], [Valor]) VALUES (80, N'H90A94', 7)
INSERT INTO [DatosPadron] ([COD_BARRIO], [ClaveGrupo], [Valor]) VALUES (79, N'H90A94', 21)
INSERT INTO [DatosPadron] ([COD_BARRIO], [ClaveGrupo], [Valor]) VALUES (37, N'H95A99', 1)
INSERT INTO [DatosPadron] ([COD_BARRIO], [ClaveGrupo], [Valor]) VALUES (17, N'H95A99', 1)
INSERT INTO [DatosPadron] ([COD_BARRIO], [ClaveGrupo], [Valor]) VALUES (32, N'H95A99', 1)
INSERT INTO [DatosPadron] ([COD_BARRIO], [ClaveGrupo], [Valor]) VALUES (58, N'H95A99', 3)
INSERT INTO [DatosPadron] ([COD_BARRIO], [ClaveGrupo], [Valor]) VALUES (53, N'H95A99', 6)
INSERT INTO [DatosPadron] ([COD_BARRIO], [ClaveGrupo], [Valor]) VALUES (30, N'H95A99', 9)
INSERT INTO [DatosPadron] ([COD_BARRIO], [ClaveGrupo], [Valor]) VALUES (72, N'H95A99', 1)
INSERT INTO [DatosPadron] ([COD_BARRIO], [ClaveGrupo], [Valor]) VALUES (69, N'H95A99', 10)
INSERT INTO [DatosPadron] ([COD_BARRIO], [ClaveGrupo], [Valor]) VALUES (36, N'H95A99', 2)
INSERT INTO [DatosPadron] ([COD_BARRIO], [ClaveGrupo], [Valor]) VALUES (71, N'H95A99', 5)
INSERT INTO [DatosPadron] ([COD_BARRIO], [ClaveGrupo], [Valor]) VALUES (4, N'H95A99', 1)
INSERT INTO [DatosPadron] ([COD_BARRIO], [ClaveGrupo], [Valor]) VALUES (55, N'H95A99', 2)
INSERT INTO [DatosPadron] ([COD_BARRIO], [ClaveGrupo], [Valor]) VALUES (63, N'H95A99', 1)
INSERT INTO [DatosPadron] ([COD_BARRIO], [ClaveGrupo], [Valor]) VALUES (51, N'H95A99', 1)
INSERT INTO [DatosPadron] ([COD_BARRIO], [ClaveGrupo], [Valor]) VALUES (11, N'H95A99', 1)
INSERT INTO [DatosPadron] ([COD_BARRIO], [ClaveGrupo], [Valor]) VALUES (54, N'H95A99', 4)
INSERT INTO [DatosPadron] ([COD_BARRIO], [ClaveGrupo], [Valor]) VALUES (12, N'H95A99', 1)
INSERT INTO [DatosPadron] ([COD_BARRIO], [ClaveGrupo], [Valor]) VALUES (25, N'H95A99', 2)
INSERT INTO [DatosPadron] ([COD_BARRIO], [ClaveGrupo], [Valor]) VALUES (49, N'H95A99', 2)
INSERT INTO [DatosPadron] ([COD_BARRIO], [ClaveGrupo], [Valor]) VALUES (34, N'H95A99', 8)
INSERT INTO [DatosPadron] ([COD_BARRIO], [ClaveGrupo], [Valor]) VALUES (23, N'H95A99', 2)
INSERT INTO [DatosPadron] ([COD_BARRIO], [ClaveGrupo], [Valor]) VALUES (29, N'H95A99', 3)
INSERT INTO [DatosPadron] ([COD_BARRIO], [ClaveGrupo], [Valor]) VALUES (46, N'H95A99', 1)
INSERT INTO [DatosPadron] ([COD_BARRIO], [ClaveGrupo], [Valor]) VALUES (19, N'H95A99', 1)
INSERT INTO [DatosPadron] ([COD_BARRIO], [ClaveGrupo], [Valor]) VALUES (38, N'H95A99', 2)
INSERT INTO [DatosPadron] ([COD_BARRIO], [ClaveGrupo], [Valor]) VALUES (20, N'H95A99', 1)
INSERT INTO [DatosPadron] ([COD_BARRIO], [ClaveGrupo], [Valor]) VALUES (7, N'H95A99', 2)
INSERT INTO [DatosPadron] ([COD_BARRIO], [ClaveGrupo], [Valor]) VALUES (67, N'H95A99', 1)
INSERT INTO [DatosPadron] ([COD_BARRIO], [ClaveGrupo], [Valor]) VALUES (10, N'H95A99', 3)
INSERT INTO [DatosPadron] ([COD_BARRIO], [ClaveGrupo], [Valor]) VALUES (61, N'H95A99', 3)
INSERT INTO [DatosPadron] ([COD_BARRIO], [ClaveGrupo], [Valor]) VALUES (40, N'H95A99', 1)
INSERT INTO [DatosPadron] ([COD_BARRIO], [ClaveGrupo], [Valor]) VALUES (41, N'H95A99', 1)
INSERT INTO [DatosPadron] ([COD_BARRIO], [ClaveGrupo], [Valor]) VALUES (22, N'H95A99', 3)
INSERT INTO [DatosPadron] ([COD_BARRIO], [ClaveGrupo], [Valor]) VALUES (52, N'H95A99', 5)
INSERT INTO [DatosPadron] ([COD_BARRIO], [ClaveGrupo], [Valor]) VALUES (45, N'H95A99', 3)
INSERT INTO [DatosPadron] ([COD_BARRIO], [ClaveGrupo], [Valor]) VALUES (33, N'H95A99', 1)
INSERT INTO [DatosPadron] ([COD_BARRIO], [ClaveGrupo], [Valor]) VALUES (59, N'H95A99', 2)
INSERT INTO [DatosPadron] ([COD_BARRIO], [ClaveGrupo], [Valor]) VALUES (78, N'H95A99', 3)
go
INSERT INTO [DatosPadron] ([COD_BARRIO], [ClaveGrupo], [Valor]) VALUES (26, N'H95A99', 3)
INSERT INTO [DatosPadron] ([COD_BARRIO], [ClaveGrupo], [Valor]) VALUES (14, N'H95A99', 1)
INSERT INTO [DatosPadron] ([COD_BARRIO], [ClaveGrupo], [Valor]) VALUES (35, N'H95A99', 2)
INSERT INTO [DatosPadron] ([COD_BARRIO], [ClaveGrupo], [Valor]) VALUES (80, N'H95A99', 3)
INSERT INTO [DatosPadron] ([COD_BARRIO], [ClaveGrupo], [Valor]) VALUES (79, N'H95A99', 8)
INSERT INTO [DatosPadron] ([COD_BARRIO], [ClaveGrupo], [Valor]) VALUES (74, N'HMAS100', 2)
INSERT INTO [DatosPadron] ([COD_BARRIO], [ClaveGrupo], [Valor]) VALUES (17, N'HMAS100', 1)
INSERT INTO [DatosPadron] ([COD_BARRIO], [ClaveGrupo], [Valor]) VALUES (53, N'HMAS100', 4)
INSERT INTO [DatosPadron] ([COD_BARRIO], [ClaveGrupo], [Valor]) VALUES (72, N'HMAS100', 4)
INSERT INTO [DatosPadron] ([COD_BARRIO], [ClaveGrupo], [Valor]) VALUES (47, N'HMAS100', 1)
INSERT INTO [DatosPadron] ([COD_BARRIO], [ClaveGrupo], [Valor]) VALUES (69, N'HMAS100', 2)
INSERT INTO [DatosPadron] ([COD_BARRIO], [ClaveGrupo], [Valor]) VALUES (71, N'HMAS100', 1)
INSERT INTO [DatosPadron] ([COD_BARRIO], [ClaveGrupo], [Valor]) VALUES (55, N'HMAS100', 1)
INSERT INTO [DatosPadron] ([COD_BARRIO], [ClaveGrupo], [Valor]) VALUES (11, N'HMAS100', 1)
INSERT INTO [DatosPadron] ([COD_BARRIO], [ClaveGrupo], [Valor]) VALUES (54, N'HMAS100', 4)
INSERT INTO [DatosPadron] ([COD_BARRIO], [ClaveGrupo], [Valor]) VALUES (12, N'HMAS100', 3)
INSERT INTO [DatosPadron] ([COD_BARRIO], [ClaveGrupo], [Valor]) VALUES (25, N'HMAS100', 2)
INSERT INTO [DatosPadron] ([COD_BARRIO], [ClaveGrupo], [Valor]) VALUES (49, N'HMAS100', 1)
INSERT INTO [DatosPadron] ([COD_BARRIO], [ClaveGrupo], [Valor]) VALUES (34, N'HMAS100', 4)
INSERT INTO [DatosPadron] ([COD_BARRIO], [ClaveGrupo], [Valor]) VALUES (62, N'HMAS100', 1)
INSERT INTO [DatosPadron] ([COD_BARRIO], [ClaveGrupo], [Valor]) VALUES (29, N'HMAS100', 1)
INSERT INTO [DatosPadron] ([COD_BARRIO], [ClaveGrupo], [Valor]) VALUES (46, N'HMAS100', 1)
INSERT INTO [DatosPadron] ([COD_BARRIO], [ClaveGrupo], [Valor]) VALUES (48, N'HMAS100', 1)
INSERT INTO [DatosPadron] ([COD_BARRIO], [ClaveGrupo], [Valor]) VALUES (20, N'HMAS100', 1)
INSERT INTO [DatosPadron] ([COD_BARRIO], [ClaveGrupo], [Valor]) VALUES (10, N'HMAS100', 2)
INSERT INTO [DatosPadron] ([COD_BARRIO], [ClaveGrupo], [Valor]) VALUES (61, N'HMAS100', 2)
INSERT INTO [DatosPadron] ([COD_BARRIO], [ClaveGrupo], [Valor]) VALUES (22, N'HMAS100', 3)
INSERT INTO [DatosPadron] ([COD_BARRIO], [ClaveGrupo], [Valor]) VALUES (76, N'HMAS100', 1)
INSERT INTO [DatosPadron] ([COD_BARRIO], [ClaveGrupo], [Valor]) VALUES (52, N'HMAS100', 1)
INSERT INTO [DatosPadron] ([COD_BARRIO], [ClaveGrupo], [Valor]) VALUES (1, N'HMAS100', 1)
INSERT INTO [DatosPadron] ([COD_BARRIO], [ClaveGrupo], [Valor]) VALUES (45, N'HMAS100', 1)
INSERT INTO [DatosPadron] ([COD_BARRIO], [ClaveGrupo], [Valor]) VALUES (16, N'HMAS100', 1)
INSERT INTO [DatosPadron] ([COD_BARRIO], [ClaveGrupo], [Valor]) VALUES (33, N'HMAS100', 4)
INSERT INTO [DatosPadron] ([COD_BARRIO], [ClaveGrupo], [Valor]) VALUES (57, N'HMAS100', 1)
INSERT INTO [DatosPadron] ([COD_BARRIO], [ClaveGrupo], [Valor]) VALUES (56, N'HMAS100', 1)
INSERT INTO [DatosPadron] ([COD_BARRIO], [ClaveGrupo], [Valor]) VALUES (59, N'HMAS100', 1)
INSERT INTO [DatosPadron] ([COD_BARRIO], [ClaveGrupo], [Valor]) VALUES (26, N'HMAS100', 2)
INSERT INTO [DatosPadron] ([COD_BARRIO], [ClaveGrupo], [Valor]) VALUES (80, N'HMAS100', 1)
INSERT INTO [DatosPadron] ([COD_BARRIO], [ClaveGrupo], [Valor]) VALUES (79, N'HMAS100', 2)
INSERT INTO [DatosPadron] ([COD_BARRIO], [ClaveGrupo], [Valor]) VALUES (37, N'M0A4', 9)
INSERT INTO [DatosPadron] ([COD_BARRIO], [ClaveGrupo], [Valor]) VALUES (74, N'M0A4', 32)
INSERT INTO [DatosPadron] ([COD_BARRIO], [ClaveGrupo], [Valor]) VALUES (17, N'M0A4', 13)
INSERT INTO [DatosPadron] ([COD_BARRIO], [ClaveGrupo], [Valor]) VALUES (2, N'M0A4', 92)
INSERT INTO [DatosPadron] ([COD_BARRIO], [ClaveGrupo], [Valor]) VALUES (32, N'M0A4', 225)
INSERT INTO [DatosPadron] ([COD_BARRIO], [ClaveGrupo], [Valor]) VALUES (58, N'M0A4', 20)
INSERT INTO [DatosPadron] ([COD_BARRIO], [ClaveGrupo], [Valor]) VALUES (53, N'M0A4', 196)
INSERT INTO [DatosPadron] ([COD_BARRIO], [ClaveGrupo], [Valor]) VALUES (75, N'M0A4', 11)
INSERT INTO [DatosPadron] ([COD_BARRIO], [ClaveGrupo], [Valor]) VALUES (30, N'M0A4', 90)
INSERT INTO [DatosPadron] ([COD_BARRIO], [ClaveGrupo], [Valor]) VALUES (72, N'M0A4', 17)
INSERT INTO [DatosPadron] ([COD_BARRIO], [ClaveGrupo], [Valor]) VALUES (64, N'M0A4', 35)
INSERT INTO [DatosPadron] ([COD_BARRIO], [ClaveGrupo], [Valor]) VALUES (24, N'M0A4', 12)
INSERT INTO [DatosPadron] ([COD_BARRIO], [ClaveGrupo], [Valor]) VALUES (47, N'M0A4', 18)
INSERT INTO [DatosPadron] ([COD_BARRIO], [ClaveGrupo], [Valor]) VALUES (44, N'M0A4', 12)
INSERT INTO [DatosPadron] ([COD_BARRIO], [ClaveGrupo], [Valor]) VALUES (69, N'M0A4', 143)
INSERT INTO [DatosPadron] ([COD_BARRIO], [ClaveGrupo], [Valor]) VALUES (36, N'M0A4', 15)
INSERT INTO [DatosPadron] ([COD_BARRIO], [ClaveGrupo], [Valor]) VALUES (71, N'M0A4', 98)
INSERT INTO [DatosPadron] ([COD_BARRIO], [ClaveGrupo], [Valor]) VALUES (39, N'M0A4', 7)
INSERT INTO [DatosPadron] ([COD_BARRIO], [ClaveGrupo], [Valor]) VALUES (28, N'M0A4', 2)
INSERT INTO [DatosPadron] ([COD_BARRIO], [ClaveGrupo], [Valor]) VALUES (43, N'M0A4', 45)
INSERT INTO [DatosPadron] ([COD_BARRIO], [ClaveGrupo], [Valor]) VALUES (4, N'M0A4', 23)
INSERT INTO [DatosPadron] ([COD_BARRIO], [ClaveGrupo], [Valor]) VALUES (73, N'M0A4', 2)
INSERT INTO [DatosPadron] ([COD_BARRIO], [ClaveGrupo], [Valor]) VALUES (55, N'M0A4', 52)
INSERT INTO [DatosPadron] ([COD_BARRIO], [ClaveGrupo], [Valor]) VALUES (63, N'M0A4', 3)
INSERT INTO [DatosPadron] ([COD_BARRIO], [ClaveGrupo], [Valor]) VALUES (21, N'M0A4', 2)
INSERT INTO [DatosPadron] ([COD_BARRIO], [ClaveGrupo], [Valor]) VALUES (6, N'M0A4', 4)
INSERT INTO [DatosPadron] ([COD_BARRIO], [ClaveGrupo], [Valor]) VALUES (18, N'M0A4', 2)
INSERT INTO [DatosPadron] ([COD_BARRIO], [ClaveGrupo], [Valor]) VALUES (66, N'M0A4', 3)
INSERT INTO [DatosPadron] ([COD_BARRIO], [ClaveGrupo], [Valor]) VALUES (65, N'M0A4', 2)
INSERT INTO [DatosPadron] ([COD_BARRIO], [ClaveGrupo], [Valor]) VALUES (51, N'M0A4', 1)
INSERT INTO [DatosPadron] ([COD_BARRIO], [ClaveGrupo], [Valor]) VALUES (11, N'M0A4', 20)
INSERT INTO [DatosPadron] ([COD_BARRIO], [ClaveGrupo], [Valor]) VALUES (54, N'M0A4', 159)
INSERT INTO [DatosPadron] ([COD_BARRIO], [ClaveGrupo], [Valor]) VALUES (12, N'M0A4', 54)
INSERT INTO [DatosPadron] ([COD_BARRIO], [ClaveGrupo], [Valor]) VALUES (25, N'M0A4', 52)
INSERT INTO [DatosPadron] ([COD_BARRIO], [ClaveGrupo], [Valor]) VALUES (27, N'M0A4', 6)
INSERT INTO [DatosPadron] ([COD_BARRIO], [ClaveGrupo], [Valor]) VALUES (49, N'M0A4', 55)
INSERT INTO [DatosPadron] ([COD_BARRIO], [ClaveGrupo], [Valor]) VALUES (77, N'M0A4', 10)
INSERT INTO [DatosPadron] ([COD_BARRIO], [ClaveGrupo], [Valor]) VALUES (34, N'M0A4', 73)
INSERT INTO [DatosPadron] ([COD_BARRIO], [ClaveGrupo], [Valor]) VALUES (62, N'M0A4', 35)
INSERT INTO [DatosPadron] ([COD_BARRIO], [ClaveGrupo], [Valor]) VALUES (23, N'M0A4', 44)
INSERT INTO [DatosPadron] ([COD_BARRIO], [ClaveGrupo], [Valor]) VALUES (29, N'M0A4', 37)
INSERT INTO [DatosPadron] ([COD_BARRIO], [ClaveGrupo], [Valor]) VALUES (68, N'M0A4', 13)
INSERT INTO [DatosPadron] ([COD_BARRIO], [ClaveGrupo], [Valor]) VALUES (46, N'M0A4', 15)
INSERT INTO [DatosPadron] ([COD_BARRIO], [ClaveGrupo], [Valor]) VALUES (19, N'M0A4', 64)
INSERT INTO [DatosPadron] ([COD_BARRIO], [ClaveGrupo], [Valor]) VALUES (38, N'M0A4', 16)
INSERT INTO [DatosPadron] ([COD_BARRIO], [ClaveGrupo], [Valor]) VALUES (50, N'M0A4', 12)
INSERT INTO [DatosPadron] ([COD_BARRIO], [ClaveGrupo], [Valor]) VALUES (48, N'M0A4', 53)
INSERT INTO [DatosPadron] ([COD_BARRIO], [ClaveGrupo], [Valor]) VALUES (20, N'M0A4', 13)
INSERT INTO [DatosPadron] ([COD_BARRIO], [ClaveGrupo], [Valor]) VALUES (7, N'M0A4', 229)
INSERT INTO [DatosPadron] ([COD_BARRIO], [ClaveGrupo], [Valor]) VALUES (67, N'M0A4', 42)
INSERT INTO [DatosPadron] ([COD_BARRIO], [ClaveGrupo], [Valor]) VALUES (10, N'M0A4', 171)
INSERT INTO [DatosPadron] ([COD_BARRIO], [ClaveGrupo], [Valor]) VALUES (61, N'M0A4', 230)
INSERT INTO [DatosPadron] ([COD_BARRIO], [ClaveGrupo], [Valor]) VALUES (60, N'M0A4', 12)
INSERT INTO [DatosPadron] ([COD_BARRIO], [ClaveGrupo], [Valor]) VALUES (5, N'M0A4', 112)
INSERT INTO [DatosPadron] ([COD_BARRIO], [ClaveGrupo], [Valor]) VALUES (40, N'M0A4', 36)
INSERT INTO [DatosPadron] ([COD_BARRIO], [ClaveGrupo], [Valor]) VALUES (13, N'M0A4', 4)
INSERT INTO [DatosPadron] ([COD_BARRIO], [ClaveGrupo], [Valor]) VALUES (41, N'M0A4', 92)
go
INSERT INTO [DatosPadron] ([COD_BARRIO], [ClaveGrupo], [Valor]) VALUES (22, N'M0A4', 63)
INSERT INTO [DatosPadron] ([COD_BARRIO], [ClaveGrupo], [Valor]) VALUES (9, N'M0A4', 10)
INSERT INTO [DatosPadron] ([COD_BARRIO], [ClaveGrupo], [Valor]) VALUES (76, N'M0A4', 14)
INSERT INTO [DatosPadron] ([COD_BARRIO], [ClaveGrupo], [Valor]) VALUES (52, N'M0A4', 93)
INSERT INTO [DatosPadron] ([COD_BARRIO], [ClaveGrupo], [Valor]) VALUES (1, N'M0A4', 8)
INSERT INTO [DatosPadron] ([COD_BARRIO], [ClaveGrupo], [Valor]) VALUES (45, N'M0A4', 54)
INSERT INTO [DatosPadron] ([COD_BARRIO], [ClaveGrupo], [Valor]) VALUES (70, N'M0A4', 12)
INSERT INTO [DatosPadron] ([COD_BARRIO], [ClaveGrupo], [Valor]) VALUES (16, N'M0A4', 19)
INSERT INTO [DatosPadron] ([COD_BARRIO], [ClaveGrupo], [Valor]) VALUES (33, N'M0A4', 47)
INSERT INTO [DatosPadron] ([COD_BARRIO], [ClaveGrupo], [Valor]) VALUES (15, N'M0A4', 10)
INSERT INTO [DatosPadron] ([COD_BARRIO], [ClaveGrupo], [Valor]) VALUES (57, N'M0A4', 10)
INSERT INTO [DatosPadron] ([COD_BARRIO], [ClaveGrupo], [Valor]) VALUES (56, N'M0A4', 32)
INSERT INTO [DatosPadron] ([COD_BARRIO], [ClaveGrupo], [Valor]) VALUES (31, N'M0A4', 20)
INSERT INTO [DatosPadron] ([COD_BARRIO], [ClaveGrupo], [Valor]) VALUES (59, N'M0A4', 67)
INSERT INTO [DatosPadron] ([COD_BARRIO], [ClaveGrupo], [Valor]) VALUES (78, N'M0A4', 36)
INSERT INTO [DatosPadron] ([COD_BARRIO], [ClaveGrupo], [Valor]) VALUES (26, N'M0A4', 66)
INSERT INTO [DatosPadron] ([COD_BARRIO], [ClaveGrupo], [Valor]) VALUES (14, N'M0A4', 10)
INSERT INTO [DatosPadron] ([COD_BARRIO], [ClaveGrupo], [Valor]) VALUES (35, N'M0A4', 30)
INSERT INTO [DatosPadron] ([COD_BARRIO], [ClaveGrupo], [Valor]) VALUES (80, N'M0A4', 63)
INSERT INTO [DatosPadron] ([COD_BARRIO], [ClaveGrupo], [Valor]) VALUES (79, N'M0A4', 120)
INSERT INTO [DatosPadron] ([COD_BARRIO], [ClaveGrupo], [Valor]) VALUES (37, N'M5A9', 9)
INSERT INTO [DatosPadron] ([COD_BARRIO], [ClaveGrupo], [Valor]) VALUES (74, N'M5A9', 51)
INSERT INTO [DatosPadron] ([COD_BARRIO], [ClaveGrupo], [Valor]) VALUES (17, N'M5A9', 16)
INSERT INTO [DatosPadron] ([COD_BARRIO], [ClaveGrupo], [Valor]) VALUES (2, N'M5A9', 117)
INSERT INTO [DatosPadron] ([COD_BARRIO], [ClaveGrupo], [Valor]) VALUES (32, N'M5A9', 322)
INSERT INTO [DatosPadron] ([COD_BARRIO], [ClaveGrupo], [Valor]) VALUES (58, N'M5A9', 28)
INSERT INTO [DatosPadron] ([COD_BARRIO], [ClaveGrupo], [Valor]) VALUES (53, N'M5A9', 248)
INSERT INTO [DatosPadron] ([COD_BARRIO], [ClaveGrupo], [Valor]) VALUES (75, N'M5A9', 11)
INSERT INTO [DatosPadron] ([COD_BARRIO], [ClaveGrupo], [Valor]) VALUES (30, N'M5A9', 114)
INSERT INTO [DatosPadron] ([COD_BARRIO], [ClaveGrupo], [Valor]) VALUES (72, N'M5A9', 21)
INSERT INTO [DatosPadron] ([COD_BARRIO], [ClaveGrupo], [Valor]) VALUES (64, N'M5A9', 46)
INSERT INTO [DatosPadron] ([COD_BARRIO], [ClaveGrupo], [Valor]) VALUES (24, N'M5A9', 17)
INSERT INTO [DatosPadron] ([COD_BARRIO], [ClaveGrupo], [Valor]) VALUES (47, N'M5A9', 25)
INSERT INTO [DatosPadron] ([COD_BARRIO], [ClaveGrupo], [Valor]) VALUES (44, N'M5A9', 18)
INSERT INTO [DatosPadron] ([COD_BARRIO], [ClaveGrupo], [Valor]) VALUES (69, N'M5A9', 160)
INSERT INTO [DatosPadron] ([COD_BARRIO], [ClaveGrupo], [Valor]) VALUES (36, N'M5A9', 28)
INSERT INTO [DatosPadron] ([COD_BARRIO], [ClaveGrupo], [Valor]) VALUES (71, N'M5A9', 135)
INSERT INTO [DatosPadron] ([COD_BARRIO], [ClaveGrupo], [Valor]) VALUES (39, N'M5A9', 5)
INSERT INTO [DatosPadron] ([COD_BARRIO], [ClaveGrupo], [Valor]) VALUES (28, N'M5A9', 3)
INSERT INTO [DatosPadron] ([COD_BARRIO], [ClaveGrupo], [Valor]) VALUES (43, N'M5A9', 46)
INSERT INTO [DatosPadron] ([COD_BARRIO], [ClaveGrupo], [Valor]) VALUES (4, N'M5A9', 28)
INSERT INTO [DatosPadron] ([COD_BARRIO], [ClaveGrupo], [Valor]) VALUES (73, N'M5A9', 4)
INSERT INTO [DatosPadron] ([COD_BARRIO], [ClaveGrupo], [Valor]) VALUES (55, N'M5A9', 65)
INSERT INTO [DatosPadron] ([COD_BARRIO], [ClaveGrupo], [Valor]) VALUES (6, N'M5A9', 2)
INSERT INTO [DatosPadron] ([COD_BARRIO], [ClaveGrupo], [Valor]) VALUES (18, N'M5A9', 2)
INSERT INTO [DatosPadron] ([COD_BARRIO], [ClaveGrupo], [Valor]) VALUES (66, N'M5A9', 7)
INSERT INTO [DatosPadron] ([COD_BARRIO], [ClaveGrupo], [Valor]) VALUES (65, N'M5A9', 3)
INSERT INTO [DatosPadron] ([COD_BARRIO], [ClaveGrupo], [Valor]) VALUES (3, N'M5A9', 1)
INSERT INTO [DatosPadron] ([COD_BARRIO], [ClaveGrupo], [Valor]) VALUES (51, N'M5A9', 1)
INSERT INTO [DatosPadron] ([COD_BARRIO], [ClaveGrupo], [Valor]) VALUES (11, N'M5A9', 19)
INSERT INTO [DatosPadron] ([COD_BARRIO], [ClaveGrupo], [Valor]) VALUES (54, N'M5A9', 217)
INSERT INTO [DatosPadron] ([COD_BARRIO], [ClaveGrupo], [Valor]) VALUES (12, N'M5A9', 65)
INSERT INTO [DatosPadron] ([COD_BARRIO], [ClaveGrupo], [Valor]) VALUES (25, N'M5A9', 55)
INSERT INTO [DatosPadron] ([COD_BARRIO], [ClaveGrupo], [Valor]) VALUES (27, N'M5A9', 8)
INSERT INTO [DatosPadron] ([COD_BARRIO], [ClaveGrupo], [Valor]) VALUES (49, N'M5A9', 99)
INSERT INTO [DatosPadron] ([COD_BARRIO], [ClaveGrupo], [Valor]) VALUES (77, N'M5A9', 21)
INSERT INTO [DatosPadron] ([COD_BARRIO], [ClaveGrupo], [Valor]) VALUES (34, N'M5A9', 114)
INSERT INTO [DatosPadron] ([COD_BARRIO], [ClaveGrupo], [Valor]) VALUES (62, N'M5A9', 64)
INSERT INTO [DatosPadron] ([COD_BARRIO], [ClaveGrupo], [Valor]) VALUES (23, N'M5A9', 52)
INSERT INTO [DatosPadron] ([COD_BARRIO], [ClaveGrupo], [Valor]) VALUES (29, N'M5A9', 65)
INSERT INTO [DatosPadron] ([COD_BARRIO], [ClaveGrupo], [Valor]) VALUES (68, N'M5A9', 22)
INSERT INTO [DatosPadron] ([COD_BARRIO], [ClaveGrupo], [Valor]) VALUES (46, N'M5A9', 27)
INSERT INTO [DatosPadron] ([COD_BARRIO], [ClaveGrupo], [Valor]) VALUES (19, N'M5A9', 71)
INSERT INTO [DatosPadron] ([COD_BARRIO], [ClaveGrupo], [Valor]) VALUES (38, N'M5A9', 23)
INSERT INTO [DatosPadron] ([COD_BARRIO], [ClaveGrupo], [Valor]) VALUES (50, N'M5A9', 14)
INSERT INTO [DatosPadron] ([COD_BARRIO], [ClaveGrupo], [Valor]) VALUES (48, N'M5A9', 77)
INSERT INTO [DatosPadron] ([COD_BARRIO], [ClaveGrupo], [Valor]) VALUES (20, N'M5A9', 7)
INSERT INTO [DatosPadron] ([COD_BARRIO], [ClaveGrupo], [Valor]) VALUES (7, N'M5A9', 262)
INSERT INTO [DatosPadron] ([COD_BARRIO], [ClaveGrupo], [Valor]) VALUES (67, N'M5A9', 59)
INSERT INTO [DatosPadron] ([COD_BARRIO], [ClaveGrupo], [Valor]) VALUES (10, N'M5A9', 226)
INSERT INTO [DatosPadron] ([COD_BARRIO], [ClaveGrupo], [Valor]) VALUES (61, N'M5A9', 310)
INSERT INTO [DatosPadron] ([COD_BARRIO], [ClaveGrupo], [Valor]) VALUES (60, N'M5A9', 26)
INSERT INTO [DatosPadron] ([COD_BARRIO], [ClaveGrupo], [Valor]) VALUES (5, N'M5A9', 186)
INSERT INTO [DatosPadron] ([COD_BARRIO], [ClaveGrupo], [Valor]) VALUES (40, N'M5A9', 33)
INSERT INTO [DatosPadron] ([COD_BARRIO], [ClaveGrupo], [Valor]) VALUES (13, N'M5A9', 6)
INSERT INTO [DatosPadron] ([COD_BARRIO], [ClaveGrupo], [Valor]) VALUES (41, N'M5A9', 82)
INSERT INTO [DatosPadron] ([COD_BARRIO], [ClaveGrupo], [Valor]) VALUES (22, N'M5A9', 91)
INSERT INTO [DatosPadron] ([COD_BARRIO], [ClaveGrupo], [Valor]) VALUES (9, N'M5A9', 16)
INSERT INTO [DatosPadron] ([COD_BARRIO], [ClaveGrupo], [Valor]) VALUES (76, N'M5A9', 28)
INSERT INTO [DatosPadron] ([COD_BARRIO], [ClaveGrupo], [Valor]) VALUES (52, N'M5A9', 125)
INSERT INTO [DatosPadron] ([COD_BARRIO], [ClaveGrupo], [Valor]) VALUES (1, N'M5A9', 10)
INSERT INTO [DatosPadron] ([COD_BARRIO], [ClaveGrupo], [Valor]) VALUES (45, N'M5A9', 96)
INSERT INTO [DatosPadron] ([COD_BARRIO], [ClaveGrupo], [Valor]) VALUES (70, N'M5A9', 13)
INSERT INTO [DatosPadron] ([COD_BARRIO], [ClaveGrupo], [Valor]) VALUES (16, N'M5A9', 33)
INSERT INTO [DatosPadron] ([COD_BARRIO], [ClaveGrupo], [Valor]) VALUES (33, N'M5A9', 48)
INSERT INTO [DatosPadron] ([COD_BARRIO], [ClaveGrupo], [Valor]) VALUES (15, N'M5A9', 7)
INSERT INTO [DatosPadron] ([COD_BARRIO], [ClaveGrupo], [Valor]) VALUES (57, N'M5A9', 18)
INSERT INTO [DatosPadron] ([COD_BARRIO], [ClaveGrupo], [Valor]) VALUES (56, N'M5A9', 33)
INSERT INTO [DatosPadron] ([COD_BARRIO], [ClaveGrupo], [Valor]) VALUES (31, N'M5A9', 14)
INSERT INTO [DatosPadron] ([COD_BARRIO], [ClaveGrupo], [Valor]) VALUES (59, N'M5A9', 79)
INSERT INTO [DatosPadron] ([COD_BARRIO], [ClaveGrupo], [Valor]) VALUES (78, N'M5A9', 43)
INSERT INTO [DatosPadron] ([COD_BARRIO], [ClaveGrupo], [Valor]) VALUES (26, N'M5A9', 60)
INSERT INTO [DatosPadron] ([COD_BARRIO], [ClaveGrupo], [Valor]) VALUES (14, N'M5A9', 18)
INSERT INTO [DatosPadron] ([COD_BARRIO], [ClaveGrupo], [Valor]) VALUES (35, N'M5A9', 59)
INSERT INTO [DatosPadron] ([COD_BARRIO], [ClaveGrupo], [Valor]) VALUES (80, N'M5A9', 66)
INSERT INTO [DatosPadron] ([COD_BARRIO], [ClaveGrupo], [Valor]) VALUES (79, N'M5A9', 160)
go
INSERT INTO [DatosPadron] ([COD_BARRIO], [ClaveGrupo], [Valor]) VALUES (37, N'M10A14', 7)
INSERT INTO [DatosPadron] ([COD_BARRIO], [ClaveGrupo], [Valor]) VALUES (74, N'M10A14', 40)
INSERT INTO [DatosPadron] ([COD_BARRIO], [ClaveGrupo], [Valor]) VALUES (17, N'M10A14', 20)
INSERT INTO [DatosPadron] ([COD_BARRIO], [ClaveGrupo], [Valor]) VALUES (2, N'M10A14', 80)
INSERT INTO [DatosPadron] ([COD_BARRIO], [ClaveGrupo], [Valor]) VALUES (32, N'M10A14', 222)
INSERT INTO [DatosPadron] ([COD_BARRIO], [ClaveGrupo], [Valor]) VALUES (58, N'M10A14', 28)
INSERT INTO [DatosPadron] ([COD_BARRIO], [ClaveGrupo], [Valor]) VALUES (53, N'M10A14', 254)
INSERT INTO [DatosPadron] ([COD_BARRIO], [ClaveGrupo], [Valor]) VALUES (75, N'M10A14', 21)
INSERT INTO [DatosPadron] ([COD_BARRIO], [ClaveGrupo], [Valor]) VALUES (30, N'M10A14', 91)
INSERT INTO [DatosPadron] ([COD_BARRIO], [ClaveGrupo], [Valor]) VALUES (72, N'M10A14', 27)
INSERT INTO [DatosPadron] ([COD_BARRIO], [ClaveGrupo], [Valor]) VALUES (64, N'M10A14', 47)
INSERT INTO [DatosPadron] ([COD_BARRIO], [ClaveGrupo], [Valor]) VALUES (24, N'M10A14', 14)
INSERT INTO [DatosPadron] ([COD_BARRIO], [ClaveGrupo], [Valor]) VALUES (47, N'M10A14', 32)
INSERT INTO [DatosPadron] ([COD_BARRIO], [ClaveGrupo], [Valor]) VALUES (44, N'M10A14', 31)
INSERT INTO [DatosPadron] ([COD_BARRIO], [ClaveGrupo], [Valor]) VALUES (69, N'M10A14', 218)
INSERT INTO [DatosPadron] ([COD_BARRIO], [ClaveGrupo], [Valor]) VALUES (36, N'M10A14', 41)
INSERT INTO [DatosPadron] ([COD_BARRIO], [ClaveGrupo], [Valor]) VALUES (71, N'M10A14', 112)
INSERT INTO [DatosPadron] ([COD_BARRIO], [ClaveGrupo], [Valor]) VALUES (39, N'M10A14', 5)
INSERT INTO [DatosPadron] ([COD_BARRIO], [ClaveGrupo], [Valor]) VALUES (28, N'M10A14', 5)
INSERT INTO [DatosPadron] ([COD_BARRIO], [ClaveGrupo], [Valor]) VALUES (43, N'M10A14', 52)
INSERT INTO [DatosPadron] ([COD_BARRIO], [ClaveGrupo], [Valor]) VALUES (4, N'M10A14', 25)
INSERT INTO [DatosPadron] ([COD_BARRIO], [ClaveGrupo], [Valor]) VALUES (73, N'M10A14', 3)
INSERT INTO [DatosPadron] ([COD_BARRIO], [ClaveGrupo], [Valor]) VALUES (55, N'M10A14', 49)
INSERT INTO [DatosPadron] ([COD_BARRIO], [ClaveGrupo], [Valor]) VALUES (63, N'M10A14', 4)
INSERT INTO [DatosPadron] ([COD_BARRIO], [ClaveGrupo], [Valor]) VALUES (42, N'M10A14', 1)
INSERT INTO [DatosPadron] ([COD_BARRIO], [ClaveGrupo], [Valor]) VALUES (21, N'M10A14', 2)
INSERT INTO [DatosPadron] ([COD_BARRIO], [ClaveGrupo], [Valor]) VALUES (6, N'M10A14', 4)
INSERT INTO [DatosPadron] ([COD_BARRIO], [ClaveGrupo], [Valor]) VALUES (18, N'M10A14', 1)
INSERT INTO [DatosPadron] ([COD_BARRIO], [ClaveGrupo], [Valor]) VALUES (66, N'M10A14', 9)
INSERT INTO [DatosPadron] ([COD_BARRIO], [ClaveGrupo], [Valor]) VALUES (11, N'M10A14', 40)
INSERT INTO [DatosPadron] ([COD_BARRIO], [ClaveGrupo], [Valor]) VALUES (54, N'M10A14', 221)
INSERT INTO [DatosPadron] ([COD_BARRIO], [ClaveGrupo], [Valor]) VALUES (12, N'M10A14', 56)
INSERT INTO [DatosPadron] ([COD_BARRIO], [ClaveGrupo], [Valor]) VALUES (25, N'M10A14', 63)
INSERT INTO [DatosPadron] ([COD_BARRIO], [ClaveGrupo], [Valor]) VALUES (27, N'M10A14', 6)
INSERT INTO [DatosPadron] ([COD_BARRIO], [ClaveGrupo], [Valor]) VALUES (49, N'M10A14', 87)
INSERT INTO [DatosPadron] ([COD_BARRIO], [ClaveGrupo], [Valor]) VALUES (77, N'M10A14', 17)
INSERT INTO [DatosPadron] ([COD_BARRIO], [ClaveGrupo], [Valor]) VALUES (34, N'M10A14', 126)
INSERT INTO [DatosPadron] ([COD_BARRIO], [ClaveGrupo], [Valor]) VALUES (62, N'M10A14', 53)
INSERT INTO [DatosPadron] ([COD_BARRIO], [ClaveGrupo], [Valor]) VALUES (23, N'M10A14', 54)
INSERT INTO [DatosPadron] ([COD_BARRIO], [ClaveGrupo], [Valor]) VALUES (29, N'M10A14', 62)
INSERT INTO [DatosPadron] ([COD_BARRIO], [ClaveGrupo], [Valor]) VALUES (68, N'M10A14', 19)
INSERT INTO [DatosPadron] ([COD_BARRIO], [ClaveGrupo], [Valor]) VALUES (46, N'M10A14', 28)
INSERT INTO [DatosPadron] ([COD_BARRIO], [ClaveGrupo], [Valor]) VALUES (19, N'M10A14', 92)
INSERT INTO [DatosPadron] ([COD_BARRIO], [ClaveGrupo], [Valor]) VALUES (38, N'M10A14', 26)
INSERT INTO [DatosPadron] ([COD_BARRIO], [ClaveGrupo], [Valor]) VALUES (50, N'M10A14', 16)
INSERT INTO [DatosPadron] ([COD_BARRIO], [ClaveGrupo], [Valor]) VALUES (48, N'M10A14', 76)
INSERT INTO [DatosPadron] ([COD_BARRIO], [ClaveGrupo], [Valor]) VALUES (20, N'M10A14', 15)
INSERT INTO [DatosPadron] ([COD_BARRIO], [ClaveGrupo], [Valor]) VALUES (7, N'M10A14', 285)
INSERT INTO [DatosPadron] ([COD_BARRIO], [ClaveGrupo], [Valor]) VALUES (67, N'M10A14', 54)
INSERT INTO [DatosPadron] ([COD_BARRIO], [ClaveGrupo], [Valor]) VALUES (10, N'M10A14', 217)
INSERT INTO [DatosPadron] ([COD_BARRIO], [ClaveGrupo], [Valor]) VALUES (61, N'M10A14', 310)
INSERT INTO [DatosPadron] ([COD_BARRIO], [ClaveGrupo], [Valor]) VALUES (60, N'M10A14', 27)
INSERT INTO [DatosPadron] ([COD_BARRIO], [ClaveGrupo], [Valor]) VALUES (5, N'M10A14', 145)
INSERT INTO [DatosPadron] ([COD_BARRIO], [ClaveGrupo], [Valor]) VALUES (40, N'M10A14', 40)
INSERT INTO [DatosPadron] ([COD_BARRIO], [ClaveGrupo], [Valor]) VALUES (13, N'M10A14', 6)
INSERT INTO [DatosPadron] ([COD_BARRIO], [ClaveGrupo], [Valor]) VALUES (41, N'M10A14', 59)
INSERT INTO [DatosPadron] ([COD_BARRIO], [ClaveGrupo], [Valor]) VALUES (22, N'M10A14', 104)
INSERT INTO [DatosPadron] ([COD_BARRIO], [ClaveGrupo], [Valor]) VALUES (9, N'M10A14', 13)
INSERT INTO [DatosPadron] ([COD_BARRIO], [ClaveGrupo], [Valor]) VALUES (76, N'M10A14', 43)
INSERT INTO [DatosPadron] ([COD_BARRIO], [ClaveGrupo], [Valor]) VALUES (52, N'M10A14', 108)
INSERT INTO [DatosPadron] ([COD_BARRIO], [ClaveGrupo], [Valor]) VALUES (1, N'M10A14', 14)
INSERT INTO [DatosPadron] ([COD_BARRIO], [ClaveGrupo], [Valor]) VALUES (45, N'M10A14', 62)
INSERT INTO [DatosPadron] ([COD_BARRIO], [ClaveGrupo], [Valor]) VALUES (70, N'M10A14', 26)
INSERT INTO [DatosPadron] ([COD_BARRIO], [ClaveGrupo], [Valor]) VALUES (16, N'M10A14', 26)
INSERT INTO [DatosPadron] ([COD_BARRIO], [ClaveGrupo], [Valor]) VALUES (33, N'M10A14', 55)
INSERT INTO [DatosPadron] ([COD_BARRIO], [ClaveGrupo], [Valor]) VALUES (15, N'M10A14', 6)
INSERT INTO [DatosPadron] ([COD_BARRIO], [ClaveGrupo], [Valor]) VALUES (57, N'M10A14', 16)
INSERT INTO [DatosPadron] ([COD_BARRIO], [ClaveGrupo], [Valor]) VALUES (56, N'M10A14', 66)
INSERT INTO [DatosPadron] ([COD_BARRIO], [ClaveGrupo], [Valor]) VALUES (31, N'M10A14', 11)
INSERT INTO [DatosPadron] ([COD_BARRIO], [ClaveGrupo], [Valor]) VALUES (59, N'M10A14', 79)
INSERT INTO [DatosPadron] ([COD_BARRIO], [ClaveGrupo], [Valor]) VALUES (78, N'M10A14', 33)
INSERT INTO [DatosPadron] ([COD_BARRIO], [ClaveGrupo], [Valor]) VALUES (26, N'M10A14', 60)
INSERT INTO [DatosPadron] ([COD_BARRIO], [ClaveGrupo], [Valor]) VALUES (14, N'M10A14', 20)
INSERT INTO [DatosPadron] ([COD_BARRIO], [ClaveGrupo], [Valor]) VALUES (35, N'M10A14', 34)
INSERT INTO [DatosPadron] ([COD_BARRIO], [ClaveGrupo], [Valor]) VALUES (80, N'M10A14', 57)
INSERT INTO [DatosPadron] ([COD_BARRIO], [ClaveGrupo], [Valor]) VALUES (79, N'M10A14', 163)
INSERT INTO [DatosPadron] ([COD_BARRIO], [ClaveGrupo], [Valor]) VALUES (37, N'M15A19', 6)
INSERT INTO [DatosPadron] ([COD_BARRIO], [ClaveGrupo], [Valor]) VALUES (74, N'M15A19', 58)
INSERT INTO [DatosPadron] ([COD_BARRIO], [ClaveGrupo], [Valor]) VALUES (17, N'M15A19', 20)
INSERT INTO [DatosPadron] ([COD_BARRIO], [ClaveGrupo], [Valor]) VALUES (2, N'M15A19', 72)
INSERT INTO [DatosPadron] ([COD_BARRIO], [ClaveGrupo], [Valor]) VALUES (32, N'M15A19', 167)
INSERT INTO [DatosPadron] ([COD_BARRIO], [ClaveGrupo], [Valor]) VALUES (58, N'M15A19', 28)
INSERT INTO [DatosPadron] ([COD_BARRIO], [ClaveGrupo], [Valor]) VALUES (53, N'M15A19', 249)
INSERT INTO [DatosPadron] ([COD_BARRIO], [ClaveGrupo], [Valor]) VALUES (75, N'M15A19', 19)
INSERT INTO [DatosPadron] ([COD_BARRIO], [ClaveGrupo], [Valor]) VALUES (30, N'M15A19', 106)
INSERT INTO [DatosPadron] ([COD_BARRIO], [ClaveGrupo], [Valor]) VALUES (72, N'M15A19', 20)
INSERT INTO [DatosPadron] ([COD_BARRIO], [ClaveGrupo], [Valor]) VALUES (64, N'M15A19', 53)
INSERT INTO [DatosPadron] ([COD_BARRIO], [ClaveGrupo], [Valor]) VALUES (24, N'M15A19', 14)
INSERT INTO [DatosPadron] ([COD_BARRIO], [ClaveGrupo], [Valor]) VALUES (47, N'M15A19', 25)
INSERT INTO [DatosPadron] ([COD_BARRIO], [ClaveGrupo], [Valor]) VALUES (44, N'M15A19', 38)
INSERT INTO [DatosPadron] ([COD_BARRIO], [ClaveGrupo], [Valor]) VALUES (69, N'M15A19', 187)
INSERT INTO [DatosPadron] ([COD_BARRIO], [ClaveGrupo], [Valor]) VALUES (36, N'M15A19', 35)
INSERT INTO [DatosPadron] ([COD_BARRIO], [ClaveGrupo], [Valor]) VALUES (71, N'M15A19', 137)
INSERT INTO [DatosPadron] ([COD_BARRIO], [ClaveGrupo], [Valor]) VALUES (39, N'M15A19', 2)
INSERT INTO [DatosPadron] ([COD_BARRIO], [ClaveGrupo], [Valor]) VALUES (28, N'M15A19', 2)
INSERT INTO [DatosPadron] ([COD_BARRIO], [ClaveGrupo], [Valor]) VALUES (43, N'M15A19', 52)
go
INSERT INTO [DatosPadron] ([COD_BARRIO], [ClaveGrupo], [Valor]) VALUES (4, N'M15A19', 21)
INSERT INTO [DatosPadron] ([COD_BARRIO], [ClaveGrupo], [Valor]) VALUES (73, N'M15A19', 1)
INSERT INTO [DatosPadron] ([COD_BARRIO], [ClaveGrupo], [Valor]) VALUES (55, N'M15A19', 51)
INSERT INTO [DatosPadron] ([COD_BARRIO], [ClaveGrupo], [Valor]) VALUES (63, N'M15A19', 7)
INSERT INTO [DatosPadron] ([COD_BARRIO], [ClaveGrupo], [Valor]) VALUES (6, N'M15A19', 1)
INSERT INTO [DatosPadron] ([COD_BARRIO], [ClaveGrupo], [Valor]) VALUES (18, N'M15A19', 4)
INSERT INTO [DatosPadron] ([COD_BARRIO], [ClaveGrupo], [Valor]) VALUES (66, N'M15A19', 6)
INSERT INTO [DatosPadron] ([COD_BARRIO], [ClaveGrupo], [Valor]) VALUES (65, N'M15A19', 1)
INSERT INTO [DatosPadron] ([COD_BARRIO], [ClaveGrupo], [Valor]) VALUES (3, N'M15A19', 1)
INSERT INTO [DatosPadron] ([COD_BARRIO], [ClaveGrupo], [Valor]) VALUES (51, N'M15A19', 2)
INSERT INTO [DatosPadron] ([COD_BARRIO], [ClaveGrupo], [Valor]) VALUES (11, N'M15A19', 37)
INSERT INTO [DatosPadron] ([COD_BARRIO], [ClaveGrupo], [Valor]) VALUES (54, N'M15A19', 263)
INSERT INTO [DatosPadron] ([COD_BARRIO], [ClaveGrupo], [Valor]) VALUES (12, N'M15A19', 69)
INSERT INTO [DatosPadron] ([COD_BARRIO], [ClaveGrupo], [Valor]) VALUES (25, N'M15A19', 77)
INSERT INTO [DatosPadron] ([COD_BARRIO], [ClaveGrupo], [Valor]) VALUES (27, N'M15A19', 15)
INSERT INTO [DatosPadron] ([COD_BARRIO], [ClaveGrupo], [Valor]) VALUES (49, N'M15A19', 115)
INSERT INTO [DatosPadron] ([COD_BARRIO], [ClaveGrupo], [Valor]) VALUES (77, N'M15A19', 21)
INSERT INTO [DatosPadron] ([COD_BARRIO], [ClaveGrupo], [Valor]) VALUES (34, N'M15A19', 123)
INSERT INTO [DatosPadron] ([COD_BARRIO], [ClaveGrupo], [Valor]) VALUES (62, N'M15A19', 49)
INSERT INTO [DatosPadron] ([COD_BARRIO], [ClaveGrupo], [Valor]) VALUES (23, N'M15A19', 54)
INSERT INTO [DatosPadron] ([COD_BARRIO], [ClaveGrupo], [Valor]) VALUES (29, N'M15A19', 59)
INSERT INTO [DatosPadron] ([COD_BARRIO], [ClaveGrupo], [Valor]) VALUES (68, N'M15A19', 24)
INSERT INTO [DatosPadron] ([COD_BARRIO], [ClaveGrupo], [Valor]) VALUES (46, N'M15A19', 35)
INSERT INTO [DatosPadron] ([COD_BARRIO], [ClaveGrupo], [Valor]) VALUES (19, N'M15A19', 75)
INSERT INTO [DatosPadron] ([COD_BARRIO], [ClaveGrupo], [Valor]) VALUES (38, N'M15A19', 27)
INSERT INTO [DatosPadron] ([COD_BARRIO], [ClaveGrupo], [Valor]) VALUES (50, N'M15A19', 17)
INSERT INTO [DatosPadron] ([COD_BARRIO], [ClaveGrupo], [Valor]) VALUES (48, N'M15A19', 83)
INSERT INTO [DatosPadron] ([COD_BARRIO], [ClaveGrupo], [Valor]) VALUES (20, N'M15A19', 13)
INSERT INTO [DatosPadron] ([COD_BARRIO], [ClaveGrupo], [Valor]) VALUES (7, N'M15A19', 302)
INSERT INTO [DatosPadron] ([COD_BARRIO], [ClaveGrupo], [Valor]) VALUES (67, N'M15A19', 67)
INSERT INTO [DatosPadron] ([COD_BARRIO], [ClaveGrupo], [Valor]) VALUES (10, N'M15A19', 164)
INSERT INTO [DatosPadron] ([COD_BARRIO], [ClaveGrupo], [Valor]) VALUES (61, N'M15A19', 290)
INSERT INTO [DatosPadron] ([COD_BARRIO], [ClaveGrupo], [Valor]) VALUES (60, N'M15A19', 18)
INSERT INTO [DatosPadron] ([COD_BARRIO], [ClaveGrupo], [Valor]) VALUES (5, N'M15A19', 141)
INSERT INTO [DatosPadron] ([COD_BARRIO], [ClaveGrupo], [Valor]) VALUES (40, N'M15A19', 32)
INSERT INTO [DatosPadron] ([COD_BARRIO], [ClaveGrupo], [Valor]) VALUES (13, N'M15A19', 6)
INSERT INTO [DatosPadron] ([COD_BARRIO], [ClaveGrupo], [Valor]) VALUES (41, N'M15A19', 51)
INSERT INTO [DatosPadron] ([COD_BARRIO], [ClaveGrupo], [Valor]) VALUES (22, N'M15A19', 86)
INSERT INTO [DatosPadron] ([COD_BARRIO], [ClaveGrupo], [Valor]) VALUES (9, N'M15A19', 16)
INSERT INTO [DatosPadron] ([COD_BARRIO], [ClaveGrupo], [Valor]) VALUES (76, N'M15A19', 62)
INSERT INTO [DatosPadron] ([COD_BARRIO], [ClaveGrupo], [Valor]) VALUES (52, N'M15A19', 125)
INSERT INTO [DatosPadron] ([COD_BARRIO], [ClaveGrupo], [Valor]) VALUES (1, N'M15A19', 23)
INSERT INTO [DatosPadron] ([COD_BARRIO], [ClaveGrupo], [Valor]) VALUES (45, N'M15A19', 67)
INSERT INTO [DatosPadron] ([COD_BARRIO], [ClaveGrupo], [Valor]) VALUES (70, N'M15A19', 32)
INSERT INTO [DatosPadron] ([COD_BARRIO], [ClaveGrupo], [Valor]) VALUES (16, N'M15A19', 34)
INSERT INTO [DatosPadron] ([COD_BARRIO], [ClaveGrupo], [Valor]) VALUES (33, N'M15A19', 51)
INSERT INTO [DatosPadron] ([COD_BARRIO], [ClaveGrupo], [Valor]) VALUES (15, N'M15A19', 10)
INSERT INTO [DatosPadron] ([COD_BARRIO], [ClaveGrupo], [Valor]) VALUES (57, N'M15A19', 25)
INSERT INTO [DatosPadron] ([COD_BARRIO], [ClaveGrupo], [Valor]) VALUES (56, N'M15A19', 53)
INSERT INTO [DatosPadron] ([COD_BARRIO], [ClaveGrupo], [Valor]) VALUES (31, N'M15A19', 16)
INSERT INTO [DatosPadron] ([COD_BARRIO], [ClaveGrupo], [Valor]) VALUES (59, N'M15A19', 96)
INSERT INTO [DatosPadron] ([COD_BARRIO], [ClaveGrupo], [Valor]) VALUES (78, N'M15A19', 38)
INSERT INTO [DatosPadron] ([COD_BARRIO], [ClaveGrupo], [Valor]) VALUES (26, N'M15A19', 72)
INSERT INTO [DatosPadron] ([COD_BARRIO], [ClaveGrupo], [Valor]) VALUES (14, N'M15A19', 19)
INSERT INTO [DatosPadron] ([COD_BARRIO], [ClaveGrupo], [Valor]) VALUES (35, N'M15A19', 35)
INSERT INTO [DatosPadron] ([COD_BARRIO], [ClaveGrupo], [Valor]) VALUES (80, N'M15A19', 63)
INSERT INTO [DatosPadron] ([COD_BARRIO], [ClaveGrupo], [Valor]) VALUES (79, N'M15A19', 164)
INSERT INTO [DatosPadron] ([COD_BARRIO], [ClaveGrupo], [Valor]) VALUES (37, N'M20A24', 10)
INSERT INTO [DatosPadron] ([COD_BARRIO], [ClaveGrupo], [Valor]) VALUES (74, N'M20A24', 43)
INSERT INTO [DatosPadron] ([COD_BARRIO], [ClaveGrupo], [Valor]) VALUES (17, N'M20A24', 24)
INSERT INTO [DatosPadron] ([COD_BARRIO], [ClaveGrupo], [Valor]) VALUES (2, N'M20A24', 54)
INSERT INTO [DatosPadron] ([COD_BARRIO], [ClaveGrupo], [Valor]) VALUES (32, N'M20A24', 144)
INSERT INTO [DatosPadron] ([COD_BARRIO], [ClaveGrupo], [Valor]) VALUES (58, N'M20A24', 29)
INSERT INTO [DatosPadron] ([COD_BARRIO], [ClaveGrupo], [Valor]) VALUES (53, N'M20A24', 309)
INSERT INTO [DatosPadron] ([COD_BARRIO], [ClaveGrupo], [Valor]) VALUES (75, N'M20A24', 14)
INSERT INTO [DatosPadron] ([COD_BARRIO], [ClaveGrupo], [Valor]) VALUES (30, N'M20A24', 129)
INSERT INTO [DatosPadron] ([COD_BARRIO], [ClaveGrupo], [Valor]) VALUES (72, N'M20A24', 32)
INSERT INTO [DatosPadron] ([COD_BARRIO], [ClaveGrupo], [Valor]) VALUES (64, N'M20A24', 52)
INSERT INTO [DatosPadron] ([COD_BARRIO], [ClaveGrupo], [Valor]) VALUES (24, N'M20A24', 10)
INSERT INTO [DatosPadron] ([COD_BARRIO], [ClaveGrupo], [Valor]) VALUES (47, N'M20A24', 15)
INSERT INTO [DatosPadron] ([COD_BARRIO], [ClaveGrupo], [Valor]) VALUES (44, N'M20A24', 31)
INSERT INTO [DatosPadron] ([COD_BARRIO], [ClaveGrupo], [Valor]) VALUES (69, N'M20A24', 224)
INSERT INTO [DatosPadron] ([COD_BARRIO], [ClaveGrupo], [Valor]) VALUES (36, N'M20A24', 44)
INSERT INTO [DatosPadron] ([COD_BARRIO], [ClaveGrupo], [Valor]) VALUES (71, N'M20A24', 125)
INSERT INTO [DatosPadron] ([COD_BARRIO], [ClaveGrupo], [Valor]) VALUES (39, N'M20A24', 3)
INSERT INTO [DatosPadron] ([COD_BARRIO], [ClaveGrupo], [Valor]) VALUES (28, N'M20A24', 4)
INSERT INTO [DatosPadron] ([COD_BARRIO], [ClaveGrupo], [Valor]) VALUES (43, N'M20A24', 62)
INSERT INTO [DatosPadron] ([COD_BARRIO], [ClaveGrupo], [Valor]) VALUES (4, N'M20A24', 34)
INSERT INTO [DatosPadron] ([COD_BARRIO], [ClaveGrupo], [Valor]) VALUES (73, N'M20A24', 2)
INSERT INTO [DatosPadron] ([COD_BARRIO], [ClaveGrupo], [Valor]) VALUES (55, N'M20A24', 69)
INSERT INTO [DatosPadron] ([COD_BARRIO], [ClaveGrupo], [Valor]) VALUES (63, N'M20A24', 6)
INSERT INTO [DatosPadron] ([COD_BARRIO], [ClaveGrupo], [Valor]) VALUES (6, N'M20A24', 6)
INSERT INTO [DatosPadron] ([COD_BARRIO], [ClaveGrupo], [Valor]) VALUES (18, N'M20A24', 1)
INSERT INTO [DatosPadron] ([COD_BARRIO], [ClaveGrupo], [Valor]) VALUES (66, N'M20A24', 10)
INSERT INTO [DatosPadron] ([COD_BARRIO], [ClaveGrupo], [Valor]) VALUES (65, N'M20A24', 1)
INSERT INTO [DatosPadron] ([COD_BARRIO], [ClaveGrupo], [Valor]) VALUES (3, N'M20A24', 1)
INSERT INTO [DatosPadron] ([COD_BARRIO], [ClaveGrupo], [Valor]) VALUES (51, N'M20A24', 2)
INSERT INTO [DatosPadron] ([COD_BARRIO], [ClaveGrupo], [Valor]) VALUES (11, N'M20A24', 32)
INSERT INTO [DatosPadron] ([COD_BARRIO], [ClaveGrupo], [Valor]) VALUES (54, N'M20A24', 279)
INSERT INTO [DatosPadron] ([COD_BARRIO], [ClaveGrupo], [Valor]) VALUES (12, N'M20A24', 90)
INSERT INTO [DatosPadron] ([COD_BARRIO], [ClaveGrupo], [Valor]) VALUES (25, N'M20A24', 121)
INSERT INTO [DatosPadron] ([COD_BARRIO], [ClaveGrupo], [Valor]) VALUES (27, N'M20A24', 12)
INSERT INTO [DatosPadron] ([COD_BARRIO], [ClaveGrupo], [Valor]) VALUES (49, N'M20A24', 152)
INSERT INTO [DatosPadron] ([COD_BARRIO], [ClaveGrupo], [Valor]) VALUES (77, N'M20A24', 23)
INSERT INTO [DatosPadron] ([COD_BARRIO], [ClaveGrupo], [Valor]) VALUES (34, N'M20A24', 143)
INSERT INTO [DatosPadron] ([COD_BARRIO], [ClaveGrupo], [Valor]) VALUES (62, N'M20A24', 88)
go
INSERT INTO [DatosPadron] ([COD_BARRIO], [ClaveGrupo], [Valor]) VALUES (23, N'M20A24', 71)
INSERT INTO [DatosPadron] ([COD_BARRIO], [ClaveGrupo], [Valor]) VALUES (29, N'M20A24', 66)
INSERT INTO [DatosPadron] ([COD_BARRIO], [ClaveGrupo], [Valor]) VALUES (68, N'M20A24', 26)
INSERT INTO [DatosPadron] ([COD_BARRIO], [ClaveGrupo], [Valor]) VALUES (46, N'M20A24', 30)
INSERT INTO [DatosPadron] ([COD_BARRIO], [ClaveGrupo], [Valor]) VALUES (19, N'M20A24', 86)
INSERT INTO [DatosPadron] ([COD_BARRIO], [ClaveGrupo], [Valor]) VALUES (38, N'M20A24', 25)
INSERT INTO [DatosPadron] ([COD_BARRIO], [ClaveGrupo], [Valor]) VALUES (50, N'M20A24', 19)
INSERT INTO [DatosPadron] ([COD_BARRIO], [ClaveGrupo], [Valor]) VALUES (48, N'M20A24', 97)
INSERT INTO [DatosPadron] ([COD_BARRIO], [ClaveGrupo], [Valor]) VALUES (20, N'M20A24', 14)
INSERT INTO [DatosPadron] ([COD_BARRIO], [ClaveGrupo], [Valor]) VALUES (7, N'M20A24', 333)
INSERT INTO [DatosPadron] ([COD_BARRIO], [ClaveGrupo], [Valor]) VALUES (67, N'M20A24', 83)
INSERT INTO [DatosPadron] ([COD_BARRIO], [ClaveGrupo], [Valor]) VALUES (10, N'M20A24', 198)
INSERT INTO [DatosPadron] ([COD_BARRIO], [ClaveGrupo], [Valor]) VALUES (61, N'M20A24', 275)
INSERT INTO [DatosPadron] ([COD_BARRIO], [ClaveGrupo], [Valor]) VALUES (60, N'M20A24', 22)
INSERT INTO [DatosPadron] ([COD_BARRIO], [ClaveGrupo], [Valor]) VALUES (5, N'M20A24', 142)
INSERT INTO [DatosPadron] ([COD_BARRIO], [ClaveGrupo], [Valor]) VALUES (40, N'M20A24', 56)
INSERT INTO [DatosPadron] ([COD_BARRIO], [ClaveGrupo], [Valor]) VALUES (13, N'M20A24', 11)
INSERT INTO [DatosPadron] ([COD_BARRIO], [ClaveGrupo], [Valor]) VALUES (41, N'M20A24', 58)
INSERT INTO [DatosPadron] ([COD_BARRIO], [ClaveGrupo], [Valor]) VALUES (22, N'M20A24', 92)
INSERT INTO [DatosPadron] ([COD_BARRIO], [ClaveGrupo], [Valor]) VALUES (9, N'M20A24', 21)
INSERT INTO [DatosPadron] ([COD_BARRIO], [ClaveGrupo], [Valor]) VALUES (76, N'M20A24', 65)
INSERT INTO [DatosPadron] ([COD_BARRIO], [ClaveGrupo], [Valor]) VALUES (52, N'M20A24', 133)
INSERT INTO [DatosPadron] ([COD_BARRIO], [ClaveGrupo], [Valor]) VALUES (1, N'M20A24', 27)
INSERT INTO [DatosPadron] ([COD_BARRIO], [ClaveGrupo], [Valor]) VALUES (45, N'M20A24', 63)
INSERT INTO [DatosPadron] ([COD_BARRIO], [ClaveGrupo], [Valor]) VALUES (70, N'M20A24', 38)
INSERT INTO [DatosPadron] ([COD_BARRIO], [ClaveGrupo], [Valor]) VALUES (16, N'M20A24', 30)
INSERT INTO [DatosPadron] ([COD_BARRIO], [ClaveGrupo], [Valor]) VALUES (33, N'M20A24', 51)
INSERT INTO [DatosPadron] ([COD_BARRIO], [ClaveGrupo], [Valor]) VALUES (15, N'M20A24', 13)
INSERT INTO [DatosPadron] ([COD_BARRIO], [ClaveGrupo], [Valor]) VALUES (57, N'M20A24', 31)
INSERT INTO [DatosPadron] ([COD_BARRIO], [ClaveGrupo], [Valor]) VALUES (56, N'M20A24', 61)
INSERT INTO [DatosPadron] ([COD_BARRIO], [ClaveGrupo], [Valor]) VALUES (31, N'M20A24', 24)
INSERT INTO [DatosPadron] ([COD_BARRIO], [ClaveGrupo], [Valor]) VALUES (59, N'M20A24', 116)
INSERT INTO [DatosPadron] ([COD_BARRIO], [ClaveGrupo], [Valor]) VALUES (78, N'M20A24', 39)
INSERT INTO [DatosPadron] ([COD_BARRIO], [ClaveGrupo], [Valor]) VALUES (26, N'M20A24', 63)
INSERT INTO [DatosPadron] ([COD_BARRIO], [ClaveGrupo], [Valor]) VALUES (14, N'M20A24', 18)
INSERT INTO [DatosPadron] ([COD_BARRIO], [ClaveGrupo], [Valor]) VALUES (35, N'M20A24', 29)
INSERT INTO [DatosPadron] ([COD_BARRIO], [ClaveGrupo], [Valor]) VALUES (80, N'M20A24', 77)
INSERT INTO [DatosPadron] ([COD_BARRIO], [ClaveGrupo], [Valor]) VALUES (79, N'M20A24', 221)
INSERT INTO [DatosPadron] ([COD_BARRIO], [ClaveGrupo], [Valor]) VALUES (37, N'M25A29', 22)
INSERT INTO [DatosPadron] ([COD_BARRIO], [ClaveGrupo], [Valor]) VALUES (74, N'M25A29', 60)
INSERT INTO [DatosPadron] ([COD_BARRIO], [ClaveGrupo], [Valor]) VALUES (17, N'M25A29', 22)
INSERT INTO [DatosPadron] ([COD_BARRIO], [ClaveGrupo], [Valor]) VALUES (2, N'M25A29', 60)
INSERT INTO [DatosPadron] ([COD_BARRIO], [ClaveGrupo], [Valor]) VALUES (32, N'M25A29', 160)
INSERT INTO [DatosPadron] ([COD_BARRIO], [ClaveGrupo], [Valor]) VALUES (58, N'M25A29', 33)
INSERT INTO [DatosPadron] ([COD_BARRIO], [ClaveGrupo], [Valor]) VALUES (53, N'M25A29', 408)
INSERT INTO [DatosPadron] ([COD_BARRIO], [ClaveGrupo], [Valor]) VALUES (75, N'M25A29', 25)
INSERT INTO [DatosPadron] ([COD_BARRIO], [ClaveGrupo], [Valor]) VALUES (30, N'M25A29', 163)
INSERT INTO [DatosPadron] ([COD_BARRIO], [ClaveGrupo], [Valor]) VALUES (72, N'M25A29', 50)
INSERT INTO [DatosPadron] ([COD_BARRIO], [ClaveGrupo], [Valor]) VALUES (64, N'M25A29', 49)
INSERT INTO [DatosPadron] ([COD_BARRIO], [ClaveGrupo], [Valor]) VALUES (24, N'M25A29', 26)
INSERT INTO [DatosPadron] ([COD_BARRIO], [ClaveGrupo], [Valor]) VALUES (47, N'M25A29', 35)
INSERT INTO [DatosPadron] ([COD_BARRIO], [ClaveGrupo], [Valor]) VALUES (44, N'M25A29', 19)
INSERT INTO [DatosPadron] ([COD_BARRIO], [ClaveGrupo], [Valor]) VALUES (69, N'M25A29', 260)
INSERT INTO [DatosPadron] ([COD_BARRIO], [ClaveGrupo], [Valor]) VALUES (36, N'M25A29', 45)
INSERT INTO [DatosPadron] ([COD_BARRIO], [ClaveGrupo], [Valor]) VALUES (71, N'M25A29', 156)
INSERT INTO [DatosPadron] ([COD_BARRIO], [ClaveGrupo], [Valor]) VALUES (39, N'M25A29', 6)
INSERT INTO [DatosPadron] ([COD_BARRIO], [ClaveGrupo], [Valor]) VALUES (28, N'M25A29', 12)
INSERT INTO [DatosPadron] ([COD_BARRIO], [ClaveGrupo], [Valor]) VALUES (43, N'M25A29', 68)
INSERT INTO [DatosPadron] ([COD_BARRIO], [ClaveGrupo], [Valor]) VALUES (4, N'M25A29', 31)
INSERT INTO [DatosPadron] ([COD_BARRIO], [ClaveGrupo], [Valor]) VALUES (73, N'M25A29', 3)
INSERT INTO [DatosPadron] ([COD_BARRIO], [ClaveGrupo], [Valor]) VALUES (55, N'M25A29', 74)
INSERT INTO [DatosPadron] ([COD_BARRIO], [ClaveGrupo], [Valor]) VALUES (63, N'M25A29', 11)
INSERT INTO [DatosPadron] ([COD_BARRIO], [ClaveGrupo], [Valor]) VALUES (6, N'M25A29', 6)
INSERT INTO [DatosPadron] ([COD_BARRIO], [ClaveGrupo], [Valor]) VALUES (18, N'M25A29', 5)
INSERT INTO [DatosPadron] ([COD_BARRIO], [ClaveGrupo], [Valor]) VALUES (66, N'M25A29', 13)
INSERT INTO [DatosPadron] ([COD_BARRIO], [ClaveGrupo], [Valor]) VALUES (65, N'M25A29', 2)
INSERT INTO [DatosPadron] ([COD_BARRIO], [ClaveGrupo], [Valor]) VALUES (3, N'M25A29', 4)
INSERT INTO [DatosPadron] ([COD_BARRIO], [ClaveGrupo], [Valor]) VALUES (51, N'M25A29', 1)
INSERT INTO [DatosPadron] ([COD_BARRIO], [ClaveGrupo], [Valor]) VALUES (11, N'M25A29', 41)
INSERT INTO [DatosPadron] ([COD_BARRIO], [ClaveGrupo], [Valor]) VALUES (54, N'M25A29', 343)
INSERT INTO [DatosPadron] ([COD_BARRIO], [ClaveGrupo], [Valor]) VALUES (12, N'M25A29', 131)
INSERT INTO [DatosPadron] ([COD_BARRIO], [ClaveGrupo], [Valor]) VALUES (25, N'M25A29', 99)
INSERT INTO [DatosPadron] ([COD_BARRIO], [ClaveGrupo], [Valor]) VALUES (27, N'M25A29', 12)
INSERT INTO [DatosPadron] ([COD_BARRIO], [ClaveGrupo], [Valor]) VALUES (49, N'M25A29', 180)
INSERT INTO [DatosPadron] ([COD_BARRIO], [ClaveGrupo], [Valor]) VALUES (77, N'M25A29', 30)
INSERT INTO [DatosPadron] ([COD_BARRIO], [ClaveGrupo], [Valor]) VALUES (34, N'M25A29', 195)
INSERT INTO [DatosPadron] ([COD_BARRIO], [ClaveGrupo], [Valor]) VALUES (62, N'M25A29', 82)
INSERT INTO [DatosPadron] ([COD_BARRIO], [ClaveGrupo], [Valor]) VALUES (23, N'M25A29', 80)
INSERT INTO [DatosPadron] ([COD_BARRIO], [ClaveGrupo], [Valor]) VALUES (29, N'M25A29', 73)
INSERT INTO [DatosPadron] ([COD_BARRIO], [ClaveGrupo], [Valor]) VALUES (68, N'M25A29', 30)
INSERT INTO [DatosPadron] ([COD_BARRIO], [ClaveGrupo], [Valor]) VALUES (46, N'M25A29', 38)
INSERT INTO [DatosPadron] ([COD_BARRIO], [ClaveGrupo], [Valor]) VALUES (19, N'M25A29', 129)
INSERT INTO [DatosPadron] ([COD_BARRIO], [ClaveGrupo], [Valor]) VALUES (38, N'M25A29', 31)
INSERT INTO [DatosPadron] ([COD_BARRIO], [ClaveGrupo], [Valor]) VALUES (50, N'M25A29', 12)
INSERT INTO [DatosPadron] ([COD_BARRIO], [ClaveGrupo], [Valor]) VALUES (48, N'M25A29', 99)
INSERT INTO [DatosPadron] ([COD_BARRIO], [ClaveGrupo], [Valor]) VALUES (20, N'M25A29', 25)
INSERT INTO [DatosPadron] ([COD_BARRIO], [ClaveGrupo], [Valor]) VALUES (7, N'M25A29', 396)
INSERT INTO [DatosPadron] ([COD_BARRIO], [ClaveGrupo], [Valor]) VALUES (67, N'M25A29', 106)
INSERT INTO [DatosPadron] ([COD_BARRIO], [ClaveGrupo], [Valor]) VALUES (10, N'M25A29', 210)
INSERT INTO [DatosPadron] ([COD_BARRIO], [ClaveGrupo], [Valor]) VALUES (61, N'M25A29', 302)
INSERT INTO [DatosPadron] ([COD_BARRIO], [ClaveGrupo], [Valor]) VALUES (60, N'M25A29', 22)
INSERT INTO [DatosPadron] ([COD_BARRIO], [ClaveGrupo], [Valor]) VALUES (5, N'M25A29', 158)
INSERT INTO [DatosPadron] ([COD_BARRIO], [ClaveGrupo], [Valor]) VALUES (40, N'M25A29', 45)
INSERT INTO [DatosPadron] ([COD_BARRIO], [ClaveGrupo], [Valor]) VALUES (13, N'M25A29', 9)
INSERT INTO [DatosPadron] ([COD_BARRIO], [ClaveGrupo], [Valor]) VALUES (41, N'M25A29', 98)
INSERT INTO [DatosPadron] ([COD_BARRIO], [ClaveGrupo], [Valor]) VALUES (22, N'M25A29', 118)
go
INSERT INTO [DatosPadron] ([COD_BARRIO], [ClaveGrupo], [Valor]) VALUES (9, N'M25A29', 18)
INSERT INTO [DatosPadron] ([COD_BARRIO], [ClaveGrupo], [Valor]) VALUES (76, N'M25A29', 68)
INSERT INTO [DatosPadron] ([COD_BARRIO], [ClaveGrupo], [Valor]) VALUES (52, N'M25A29', 188)
INSERT INTO [DatosPadron] ([COD_BARRIO], [ClaveGrupo], [Valor]) VALUES (1, N'M25A29', 29)
INSERT INTO [DatosPadron] ([COD_BARRIO], [ClaveGrupo], [Valor]) VALUES (45, N'M25A29', 81)
INSERT INTO [DatosPadron] ([COD_BARRIO], [ClaveGrupo], [Valor]) VALUES (70, N'M25A29', 38)
INSERT INTO [DatosPadron] ([COD_BARRIO], [ClaveGrupo], [Valor]) VALUES (16, N'M25A29', 30)
INSERT INTO [DatosPadron] ([COD_BARRIO], [ClaveGrupo], [Valor]) VALUES (33, N'M25A29', 81)
INSERT INTO [DatosPadron] ([COD_BARRIO], [ClaveGrupo], [Valor]) VALUES (15, N'M25A29', 14)
INSERT INTO [DatosPadron] ([COD_BARRIO], [ClaveGrupo], [Valor]) VALUES (57, N'M25A29', 33)
INSERT INTO [DatosPadron] ([COD_BARRIO], [ClaveGrupo], [Valor]) VALUES (56, N'M25A29', 48)
INSERT INTO [DatosPadron] ([COD_BARRIO], [ClaveGrupo], [Valor]) VALUES (31, N'M25A29', 25)
INSERT INTO [DatosPadron] ([COD_BARRIO], [ClaveGrupo], [Valor]) VALUES (59, N'M25A29', 103)
INSERT INTO [DatosPadron] ([COD_BARRIO], [ClaveGrupo], [Valor]) VALUES (78, N'M25A29', 44)
INSERT INTO [DatosPadron] ([COD_BARRIO], [ClaveGrupo], [Valor]) VALUES (26, N'M25A29', 93)
INSERT INTO [DatosPadron] ([COD_BARRIO], [ClaveGrupo], [Valor]) VALUES (14, N'M25A29', 11)
INSERT INTO [DatosPadron] ([COD_BARRIO], [ClaveGrupo], [Valor]) VALUES (35, N'M25A29', 29)
INSERT INTO [DatosPadron] ([COD_BARRIO], [ClaveGrupo], [Valor]) VALUES (80, N'M25A29', 98)
INSERT INTO [DatosPadron] ([COD_BARRIO], [ClaveGrupo], [Valor]) VALUES (79, N'M25A29', 281)
INSERT INTO [DatosPadron] ([COD_BARRIO], [ClaveGrupo], [Valor]) VALUES (37, N'M30A34', 12)
INSERT INTO [DatosPadron] ([COD_BARRIO], [ClaveGrupo], [Valor]) VALUES (74, N'M30A34', 69)
INSERT INTO [DatosPadron] ([COD_BARRIO], [ClaveGrupo], [Valor]) VALUES (17, N'M30A34', 42)
INSERT INTO [DatosPadron] ([COD_BARRIO], [ClaveGrupo], [Valor]) VALUES (2, N'M30A34', 127)
INSERT INTO [DatosPadron] ([COD_BARRIO], [ClaveGrupo], [Valor]) VALUES (32, N'M30A34', 323)
INSERT INTO [DatosPadron] ([COD_BARRIO], [ClaveGrupo], [Valor]) VALUES (58, N'M30A34', 54)
INSERT INTO [DatosPadron] ([COD_BARRIO], [ClaveGrupo], [Valor]) VALUES (53, N'M30A34', 505)
INSERT INTO [DatosPadron] ([COD_BARRIO], [ClaveGrupo], [Valor]) VALUES (75, N'M30A34', 15)
INSERT INTO [DatosPadron] ([COD_BARRIO], [ClaveGrupo], [Valor]) VALUES (30, N'M30A34', 223)
INSERT INTO [DatosPadron] ([COD_BARRIO], [ClaveGrupo], [Valor]) VALUES (72, N'M30A34', 47)
INSERT INTO [DatosPadron] ([COD_BARRIO], [ClaveGrupo], [Valor]) VALUES (64, N'M30A34', 66)
INSERT INTO [DatosPadron] ([COD_BARRIO], [ClaveGrupo], [Valor]) VALUES (24, N'M30A34', 28)
INSERT INTO [DatosPadron] ([COD_BARRIO], [ClaveGrupo], [Valor]) VALUES (47, N'M30A34', 29)
INSERT INTO [DatosPadron] ([COD_BARRIO], [ClaveGrupo], [Valor]) VALUES (44, N'M30A34', 26)
INSERT INTO [DatosPadron] ([COD_BARRIO], [ClaveGrupo], [Valor]) VALUES (69, N'M30A34', 335)
INSERT INTO [DatosPadron] ([COD_BARRIO], [ClaveGrupo], [Valor]) VALUES (36, N'M30A34', 50)
INSERT INTO [DatosPadron] ([COD_BARRIO], [ClaveGrupo], [Valor]) VALUES (71, N'M30A34', 183)
INSERT INTO [DatosPadron] ([COD_BARRIO], [ClaveGrupo], [Valor]) VALUES (39, N'M30A34', 15)
INSERT INTO [DatosPadron] ([COD_BARRIO], [ClaveGrupo], [Valor]) VALUES (28, N'M30A34', 4)
INSERT INTO [DatosPadron] ([COD_BARRIO], [ClaveGrupo], [Valor]) VALUES (43, N'M30A34', 92)
INSERT INTO [DatosPadron] ([COD_BARRIO], [ClaveGrupo], [Valor]) VALUES (4, N'M30A34', 57)
INSERT INTO [DatosPadron] ([COD_BARRIO], [ClaveGrupo], [Valor]) VALUES (73, N'M30A34', 3)
INSERT INTO [DatosPadron] ([COD_BARRIO], [ClaveGrupo], [Valor]) VALUES (55, N'M30A34', 100)
INSERT INTO [DatosPadron] ([COD_BARRIO], [ClaveGrupo], [Valor]) VALUES (63, N'M30A34', 10)
INSERT INTO [DatosPadron] ([COD_BARRIO], [ClaveGrupo], [Valor]) VALUES (21, N'M30A34', 2)
INSERT INTO [DatosPadron] ([COD_BARRIO], [ClaveGrupo], [Valor]) VALUES (6, N'M30A34', 8)
INSERT INTO [DatosPadron] ([COD_BARRIO], [ClaveGrupo], [Valor]) VALUES (18, N'M30A34', 6)
INSERT INTO [DatosPadron] ([COD_BARRIO], [ClaveGrupo], [Valor]) VALUES (66, N'M30A34', 13)
INSERT INTO [DatosPadron] ([COD_BARRIO], [ClaveGrupo], [Valor]) VALUES (65, N'M30A34', 5)
INSERT INTO [DatosPadron] ([COD_BARRIO], [ClaveGrupo], [Valor]) VALUES (3, N'M30A34', 3)
INSERT INTO [DatosPadron] ([COD_BARRIO], [ClaveGrupo], [Valor]) VALUES (11, N'M30A34', 48)
INSERT INTO [DatosPadron] ([COD_BARRIO], [ClaveGrupo], [Valor]) VALUES (54, N'M30A34', 368)
INSERT INTO [DatosPadron] ([COD_BARRIO], [ClaveGrupo], [Valor]) VALUES (12, N'M30A34', 122)
INSERT INTO [DatosPadron] ([COD_BARRIO], [ClaveGrupo], [Valor]) VALUES (25, N'M30A34', 131)
INSERT INTO [DatosPadron] ([COD_BARRIO], [ClaveGrupo], [Valor]) VALUES (27, N'M30A34', 17)
INSERT INTO [DatosPadron] ([COD_BARRIO], [ClaveGrupo], [Valor]) VALUES (49, N'M30A34', 234)
INSERT INTO [DatosPadron] ([COD_BARRIO], [ClaveGrupo], [Valor]) VALUES (77, N'M30A34', 44)
INSERT INTO [DatosPadron] ([COD_BARRIO], [ClaveGrupo], [Valor]) VALUES (34, N'M30A34', 283)
INSERT INTO [DatosPadron] ([COD_BARRIO], [ClaveGrupo], [Valor]) VALUES (62, N'M30A34', 102)
INSERT INTO [DatosPadron] ([COD_BARRIO], [ClaveGrupo], [Valor]) VALUES (23, N'M30A34', 84)
INSERT INTO [DatosPadron] ([COD_BARRIO], [ClaveGrupo], [Valor]) VALUES (29, N'M30A34', 129)
INSERT INTO [DatosPadron] ([COD_BARRIO], [ClaveGrupo], [Valor]) VALUES (68, N'M30A34', 25)
INSERT INTO [DatosPadron] ([COD_BARRIO], [ClaveGrupo], [Valor]) VALUES (46, N'M30A34', 43)
INSERT INTO [DatosPadron] ([COD_BARRIO], [ClaveGrupo], [Valor]) VALUES (19, N'M30A34', 158)
INSERT INTO [DatosPadron] ([COD_BARRIO], [ClaveGrupo], [Valor]) VALUES (38, N'M30A34', 34)
INSERT INTO [DatosPadron] ([COD_BARRIO], [ClaveGrupo], [Valor]) VALUES (50, N'M30A34', 26)
INSERT INTO [DatosPadron] ([COD_BARRIO], [ClaveGrupo], [Valor]) VALUES (48, N'M30A34', 113)
INSERT INTO [DatosPadron] ([COD_BARRIO], [ClaveGrupo], [Valor]) VALUES (20, N'M30A34', 24)
INSERT INTO [DatosPadron] ([COD_BARRIO], [ClaveGrupo], [Valor]) VALUES (7, N'M30A34', 384)
INSERT INTO [DatosPadron] ([COD_BARRIO], [ClaveGrupo], [Valor]) VALUES (67, N'M30A34', 125)
INSERT INTO [DatosPadron] ([COD_BARRIO], [ClaveGrupo], [Valor]) VALUES (10, N'M30A34', 345)
INSERT INTO [DatosPadron] ([COD_BARRIO], [ClaveGrupo], [Valor]) VALUES (61, N'M30A34', 433)
INSERT INTO [DatosPadron] ([COD_BARRIO], [ClaveGrupo], [Valor]) VALUES (60, N'M30A34', 33)
INSERT INTO [DatosPadron] ([COD_BARRIO], [ClaveGrupo], [Valor]) VALUES (5, N'M30A34', 179)
INSERT INTO [DatosPadron] ([COD_BARRIO], [ClaveGrupo], [Valor]) VALUES (40, N'M30A34', 48)
INSERT INTO [DatosPadron] ([COD_BARRIO], [ClaveGrupo], [Valor]) VALUES (13, N'M30A34', 8)
INSERT INTO [DatosPadron] ([COD_BARRIO], [ClaveGrupo], [Valor]) VALUES (41, N'M30A34', 182)
INSERT INTO [DatosPadron] ([COD_BARRIO], [ClaveGrupo], [Valor]) VALUES (22, N'M30A34', 160)
INSERT INTO [DatosPadron] ([COD_BARRIO], [ClaveGrupo], [Valor]) VALUES (9, N'M30A34', 24)
INSERT INTO [DatosPadron] ([COD_BARRIO], [ClaveGrupo], [Valor]) VALUES (76, N'M30A34', 65)
INSERT INTO [DatosPadron] ([COD_BARRIO], [ClaveGrupo], [Valor]) VALUES (52, N'M30A34', 225)
INSERT INTO [DatosPadron] ([COD_BARRIO], [ClaveGrupo], [Valor]) VALUES (1, N'M30A34', 20)
INSERT INTO [DatosPadron] ([COD_BARRIO], [ClaveGrupo], [Valor]) VALUES (45, N'M30A34', 80)
INSERT INTO [DatosPadron] ([COD_BARRIO], [ClaveGrupo], [Valor]) VALUES (70, N'M30A34', 54)
INSERT INTO [DatosPadron] ([COD_BARRIO], [ClaveGrupo], [Valor]) VALUES (16, N'M30A34', 47)
INSERT INTO [DatosPadron] ([COD_BARRIO], [ClaveGrupo], [Valor]) VALUES (33, N'M30A34', 101)
INSERT INTO [DatosPadron] ([COD_BARRIO], [ClaveGrupo], [Valor]) VALUES (15, N'M30A34', 19)
INSERT INTO [DatosPadron] ([COD_BARRIO], [ClaveGrupo], [Valor]) VALUES (57, N'M30A34', 44)
INSERT INTO [DatosPadron] ([COD_BARRIO], [ClaveGrupo], [Valor]) VALUES (56, N'M30A34', 57)
INSERT INTO [DatosPadron] ([COD_BARRIO], [ClaveGrupo], [Valor]) VALUES (31, N'M30A34', 33)
INSERT INTO [DatosPadron] ([COD_BARRIO], [ClaveGrupo], [Valor]) VALUES (59, N'M30A34', 153)
INSERT INTO [DatosPadron] ([COD_BARRIO], [ClaveGrupo], [Valor]) VALUES (78, N'M30A34', 49)
INSERT INTO [DatosPadron] ([COD_BARRIO], [ClaveGrupo], [Valor]) VALUES (26, N'M30A34', 114)
INSERT INTO [DatosPadron] ([COD_BARRIO], [ClaveGrupo], [Valor]) VALUES (14, N'M30A34', 29)
INSERT INTO [DatosPadron] ([COD_BARRIO], [ClaveGrupo], [Valor]) VALUES (35, N'M30A34', 53)
INSERT INTO [DatosPadron] ([COD_BARRIO], [ClaveGrupo], [Valor]) VALUES (80, N'M30A34', 77)
INSERT INTO [DatosPadron] ([COD_BARRIO], [ClaveGrupo], [Valor]) VALUES (79, N'M30A34', 346)
go
INSERT INTO [DatosPadron] ([COD_BARRIO], [ClaveGrupo], [Valor]) VALUES (37, N'M35A39', 16)
INSERT INTO [DatosPadron] ([COD_BARRIO], [ClaveGrupo], [Valor]) VALUES (74, N'M35A39', 82)
INSERT INTO [DatosPadron] ([COD_BARRIO], [ClaveGrupo], [Valor]) VALUES (17, N'M35A39', 41)
INSERT INTO [DatosPadron] ([COD_BARRIO], [ClaveGrupo], [Valor]) VALUES (2, N'M35A39', 189)
INSERT INTO [DatosPadron] ([COD_BARRIO], [ClaveGrupo], [Valor]) VALUES (32, N'M35A39', 492)
INSERT INTO [DatosPadron] ([COD_BARRIO], [ClaveGrupo], [Valor]) VALUES (58, N'M35A39', 80)
INSERT INTO [DatosPadron] ([COD_BARRIO], [ClaveGrupo], [Valor]) VALUES (53, N'M35A39', 513)
INSERT INTO [DatosPadron] ([COD_BARRIO], [ClaveGrupo], [Valor]) VALUES (75, N'M35A39', 34)
INSERT INTO [DatosPadron] ([COD_BARRIO], [ClaveGrupo], [Valor]) VALUES (30, N'M35A39', 241)
INSERT INTO [DatosPadron] ([COD_BARRIO], [ClaveGrupo], [Valor]) VALUES (72, N'M35A39', 43)
INSERT INTO [DatosPadron] ([COD_BARRIO], [ClaveGrupo], [Valor]) VALUES (64, N'M35A39', 69)
INSERT INTO [DatosPadron] ([COD_BARRIO], [ClaveGrupo], [Valor]) VALUES (24, N'M35A39', 24)
INSERT INTO [DatosPadron] ([COD_BARRIO], [ClaveGrupo], [Valor]) VALUES (47, N'M35A39', 29)
INSERT INTO [DatosPadron] ([COD_BARRIO], [ClaveGrupo], [Valor]) VALUES (44, N'M35A39', 20)
INSERT INTO [DatosPadron] ([COD_BARRIO], [ClaveGrupo], [Valor]) VALUES (69, N'M35A39', 375)
INSERT INTO [DatosPadron] ([COD_BARRIO], [ClaveGrupo], [Valor]) VALUES (36, N'M35A39', 39)
INSERT INTO [DatosPadron] ([COD_BARRIO], [ClaveGrupo], [Valor]) VALUES (71, N'M35A39', 223)
INSERT INTO [DatosPadron] ([COD_BARRIO], [ClaveGrupo], [Valor]) VALUES (39, N'M35A39', 9)
INSERT INTO [DatosPadron] ([COD_BARRIO], [ClaveGrupo], [Valor]) VALUES (28, N'M35A39', 9)
INSERT INTO [DatosPadron] ([COD_BARRIO], [ClaveGrupo], [Valor]) VALUES (43, N'M35A39', 106)
INSERT INTO [DatosPadron] ([COD_BARRIO], [ClaveGrupo], [Valor]) VALUES (4, N'M35A39', 46)
INSERT INTO [DatosPadron] ([COD_BARRIO], [ClaveGrupo], [Valor]) VALUES (73, N'M35A39', 3)
INSERT INTO [DatosPadron] ([COD_BARRIO], [ClaveGrupo], [Valor]) VALUES (55, N'M35A39', 108)
INSERT INTO [DatosPadron] ([COD_BARRIO], [ClaveGrupo], [Valor]) VALUES (63, N'M35A39', 11)
INSERT INTO [DatosPadron] ([COD_BARRIO], [ClaveGrupo], [Valor]) VALUES (21, N'M35A39', 1)
INSERT INTO [DatosPadron] ([COD_BARRIO], [ClaveGrupo], [Valor]) VALUES (6, N'M35A39', 6)
INSERT INTO [DatosPadron] ([COD_BARRIO], [ClaveGrupo], [Valor]) VALUES (8, N'M35A39', 1)
INSERT INTO [DatosPadron] ([COD_BARRIO], [ClaveGrupo], [Valor]) VALUES (18, N'M35A39', 4)
INSERT INTO [DatosPadron] ([COD_BARRIO], [ClaveGrupo], [Valor]) VALUES (66, N'M35A39', 17)
INSERT INTO [DatosPadron] ([COD_BARRIO], [ClaveGrupo], [Valor]) VALUES (3, N'M35A39', 2)
INSERT INTO [DatosPadron] ([COD_BARRIO], [ClaveGrupo], [Valor]) VALUES (51, N'M35A39', 4)
INSERT INTO [DatosPadron] ([COD_BARRIO], [ClaveGrupo], [Valor]) VALUES (11, N'M35A39', 48)
INSERT INTO [DatosPadron] ([COD_BARRIO], [ClaveGrupo], [Valor]) VALUES (54, N'M35A39', 419)
INSERT INTO [DatosPadron] ([COD_BARRIO], [ClaveGrupo], [Valor]) VALUES (12, N'M35A39', 150)
INSERT INTO [DatosPadron] ([COD_BARRIO], [ClaveGrupo], [Valor]) VALUES (25, N'M35A39', 135)
INSERT INTO [DatosPadron] ([COD_BARRIO], [ClaveGrupo], [Valor]) VALUES (27, N'M35A39', 15)
INSERT INTO [DatosPadron] ([COD_BARRIO], [ClaveGrupo], [Valor]) VALUES (49, N'M35A39', 183)
INSERT INTO [DatosPadron] ([COD_BARRIO], [ClaveGrupo], [Valor]) VALUES (77, N'M35A39', 35)
INSERT INTO [DatosPadron] ([COD_BARRIO], [ClaveGrupo], [Valor]) VALUES (34, N'M35A39', 261)
INSERT INTO [DatosPadron] ([COD_BARRIO], [ClaveGrupo], [Valor]) VALUES (62, N'M35A39', 97)
INSERT INTO [DatosPadron] ([COD_BARRIO], [ClaveGrupo], [Valor]) VALUES (23, N'M35A39', 127)
INSERT INTO [DatosPadron] ([COD_BARRIO], [ClaveGrupo], [Valor]) VALUES (29, N'M35A39', 120)
INSERT INTO [DatosPadron] ([COD_BARRIO], [ClaveGrupo], [Valor]) VALUES (68, N'M35A39', 38)
INSERT INTO [DatosPadron] ([COD_BARRIO], [ClaveGrupo], [Valor]) VALUES (46, N'M35A39', 60)
INSERT INTO [DatosPadron] ([COD_BARRIO], [ClaveGrupo], [Valor]) VALUES (19, N'M35A39', 166)
INSERT INTO [DatosPadron] ([COD_BARRIO], [ClaveGrupo], [Valor]) VALUES (38, N'M35A39', 40)
INSERT INTO [DatosPadron] ([COD_BARRIO], [ClaveGrupo], [Valor]) VALUES (50, N'M35A39', 34)
INSERT INTO [DatosPadron] ([COD_BARRIO], [ClaveGrupo], [Valor]) VALUES (48, N'M35A39', 160)
INSERT INTO [DatosPadron] ([COD_BARRIO], [ClaveGrupo], [Valor]) VALUES (20, N'M35A39', 28)
INSERT INTO [DatosPadron] ([COD_BARRIO], [ClaveGrupo], [Valor]) VALUES (7, N'M35A39', 392)
INSERT INTO [DatosPadron] ([COD_BARRIO], [ClaveGrupo], [Valor]) VALUES (67, N'M35A39', 114)
INSERT INTO [DatosPadron] ([COD_BARRIO], [ClaveGrupo], [Valor]) VALUES (10, N'M35A39', 444)
INSERT INTO [DatosPadron] ([COD_BARRIO], [ClaveGrupo], [Valor]) VALUES (61, N'M35A39', 556)
INSERT INTO [DatosPadron] ([COD_BARRIO], [ClaveGrupo], [Valor]) VALUES (60, N'M35A39', 32)
INSERT INTO [DatosPadron] ([COD_BARRIO], [ClaveGrupo], [Valor]) VALUES (5, N'M35A39', 245)
INSERT INTO [DatosPadron] ([COD_BARRIO], [ClaveGrupo], [Valor]) VALUES (40, N'M35A39', 57)
INSERT INTO [DatosPadron] ([COD_BARRIO], [ClaveGrupo], [Valor]) VALUES (13, N'M35A39', 10)
INSERT INTO [DatosPadron] ([COD_BARRIO], [ClaveGrupo], [Valor]) VALUES (41, N'M35A39', 198)
INSERT INTO [DatosPadron] ([COD_BARRIO], [ClaveGrupo], [Valor]) VALUES (22, N'M35A39', 151)
INSERT INTO [DatosPadron] ([COD_BARRIO], [ClaveGrupo], [Valor]) VALUES (9, N'M35A39', 25)
INSERT INTO [DatosPadron] ([COD_BARRIO], [ClaveGrupo], [Valor]) VALUES (76, N'M35A39', 59)
INSERT INTO [DatosPadron] ([COD_BARRIO], [ClaveGrupo], [Valor]) VALUES (52, N'M35A39', 252)
INSERT INTO [DatosPadron] ([COD_BARRIO], [ClaveGrupo], [Valor]) VALUES (1, N'M35A39', 23)
INSERT INTO [DatosPadron] ([COD_BARRIO], [ClaveGrupo], [Valor]) VALUES (45, N'M35A39', 105)
INSERT INTO [DatosPadron] ([COD_BARRIO], [ClaveGrupo], [Valor]) VALUES (70, N'M35A39', 31)
INSERT INTO [DatosPadron] ([COD_BARRIO], [ClaveGrupo], [Valor]) VALUES (16, N'M35A39', 55)
INSERT INTO [DatosPadron] ([COD_BARRIO], [ClaveGrupo], [Valor]) VALUES (33, N'M35A39', 90)
INSERT INTO [DatosPadron] ([COD_BARRIO], [ClaveGrupo], [Valor]) VALUES (15, N'M35A39', 22)
INSERT INTO [DatosPadron] ([COD_BARRIO], [ClaveGrupo], [Valor]) VALUES (57, N'M35A39', 23)
INSERT INTO [DatosPadron] ([COD_BARRIO], [ClaveGrupo], [Valor]) VALUES (56, N'M35A39', 78)
INSERT INTO [DatosPadron] ([COD_BARRIO], [ClaveGrupo], [Valor]) VALUES (31, N'M35A39', 24)
INSERT INTO [DatosPadron] ([COD_BARRIO], [ClaveGrupo], [Valor]) VALUES (59, N'M35A39', 134)
INSERT INTO [DatosPadron] ([COD_BARRIO], [ClaveGrupo], [Valor]) VALUES (78, N'M35A39', 74)
INSERT INTO [DatosPadron] ([COD_BARRIO], [ClaveGrupo], [Valor]) VALUES (26, N'M35A39', 145)
INSERT INTO [DatosPadron] ([COD_BARRIO], [ClaveGrupo], [Valor]) VALUES (14, N'M35A39', 32)
INSERT INTO [DatosPadron] ([COD_BARRIO], [ClaveGrupo], [Valor]) VALUES (35, N'M35A39', 58)
INSERT INTO [DatosPadron] ([COD_BARRIO], [ClaveGrupo], [Valor]) VALUES (80, N'M35A39', 108)
INSERT INTO [DatosPadron] ([COD_BARRIO], [ClaveGrupo], [Valor]) VALUES (79, N'M35A39', 371)
INSERT INTO [DatosPadron] ([COD_BARRIO], [ClaveGrupo], [Valor]) VALUES (37, N'M40A44', 15)
INSERT INTO [DatosPadron] ([COD_BARRIO], [ClaveGrupo], [Valor]) VALUES (74, N'M40A44', 97)
INSERT INTO [DatosPadron] ([COD_BARRIO], [ClaveGrupo], [Valor]) VALUES (17, N'M40A44', 37)
INSERT INTO [DatosPadron] ([COD_BARRIO], [ClaveGrupo], [Valor]) VALUES (2, N'M40A44', 173)
INSERT INTO [DatosPadron] ([COD_BARRIO], [ClaveGrupo], [Valor]) VALUES (32, N'M40A44', 476)
INSERT INTO [DatosPadron] ([COD_BARRIO], [ClaveGrupo], [Valor]) VALUES (58, N'M40A44', 58)
INSERT INTO [DatosPadron] ([COD_BARRIO], [ClaveGrupo], [Valor]) VALUES (53, N'M40A44', 526)
INSERT INTO [DatosPadron] ([COD_BARRIO], [ClaveGrupo], [Valor]) VALUES (75, N'M40A44', 37)
INSERT INTO [DatosPadron] ([COD_BARRIO], [ClaveGrupo], [Valor]) VALUES (30, N'M40A44', 256)
INSERT INTO [DatosPadron] ([COD_BARRIO], [ClaveGrupo], [Valor]) VALUES (72, N'M40A44', 52)
INSERT INTO [DatosPadron] ([COD_BARRIO], [ClaveGrupo], [Valor]) VALUES (64, N'M40A44', 77)
INSERT INTO [DatosPadron] ([COD_BARRIO], [ClaveGrupo], [Valor]) VALUES (24, N'M40A44', 36)
INSERT INTO [DatosPadron] ([COD_BARRIO], [ClaveGrupo], [Valor]) VALUES (47, N'M40A44', 45)
INSERT INTO [DatosPadron] ([COD_BARRIO], [ClaveGrupo], [Valor]) VALUES (44, N'M40A44', 34)
INSERT INTO [DatosPadron] ([COD_BARRIO], [ClaveGrupo], [Valor]) VALUES (69, N'M40A44', 370)
INSERT INTO [DatosPadron] ([COD_BARRIO], [ClaveGrupo], [Valor]) VALUES (36, N'M40A44', 52)
INSERT INTO [DatosPadron] ([COD_BARRIO], [ClaveGrupo], [Valor]) VALUES (71, N'M40A44', 233)
INSERT INTO [DatosPadron] ([COD_BARRIO], [ClaveGrupo], [Valor]) VALUES (39, N'M40A44', 14)
go
INSERT INTO [DatosPadron] ([COD_BARRIO], [ClaveGrupo], [Valor]) VALUES (28, N'M40A44', 8)
INSERT INTO [DatosPadron] ([COD_BARRIO], [ClaveGrupo], [Valor]) VALUES (43, N'M40A44', 116)
INSERT INTO [DatosPadron] ([COD_BARRIO], [ClaveGrupo], [Valor]) VALUES (4, N'M40A44', 48)
INSERT INTO [DatosPadron] ([COD_BARRIO], [ClaveGrupo], [Valor]) VALUES (73, N'M40A44', 4)
INSERT INTO [DatosPadron] ([COD_BARRIO], [ClaveGrupo], [Valor]) VALUES (55, N'M40A44', 99)
INSERT INTO [DatosPadron] ([COD_BARRIO], [ClaveGrupo], [Valor]) VALUES (63, N'M40A44', 10)
INSERT INTO [DatosPadron] ([COD_BARRIO], [ClaveGrupo], [Valor]) VALUES (42, N'M40A44', 1)
INSERT INTO [DatosPadron] ([COD_BARRIO], [ClaveGrupo], [Valor]) VALUES (6, N'M40A44', 7)
INSERT INTO [DatosPadron] ([COD_BARRIO], [ClaveGrupo], [Valor]) VALUES (18, N'M40A44', 6)
INSERT INTO [DatosPadron] ([COD_BARRIO], [ClaveGrupo], [Valor]) VALUES (66, N'M40A44', 20)
INSERT INTO [DatosPadron] ([COD_BARRIO], [ClaveGrupo], [Valor]) VALUES (65, N'M40A44', 3)
INSERT INTO [DatosPadron] ([COD_BARRIO], [ClaveGrupo], [Valor]) VALUES (3, N'M40A44', 2)
INSERT INTO [DatosPadron] ([COD_BARRIO], [ClaveGrupo], [Valor]) VALUES (51, N'M40A44', 4)
INSERT INTO [DatosPadron] ([COD_BARRIO], [ClaveGrupo], [Valor]) VALUES (11, N'M40A44', 52)
INSERT INTO [DatosPadron] ([COD_BARRIO], [ClaveGrupo], [Valor]) VALUES (54, N'M40A44', 480)
INSERT INTO [DatosPadron] ([COD_BARRIO], [ClaveGrupo], [Valor]) VALUES (12, N'M40A44', 153)
INSERT INTO [DatosPadron] ([COD_BARRIO], [ClaveGrupo], [Valor]) VALUES (25, N'M40A44', 177)
INSERT INTO [DatosPadron] ([COD_BARRIO], [ClaveGrupo], [Valor]) VALUES (27, N'M40A44', 15)
INSERT INTO [DatosPadron] ([COD_BARRIO], [ClaveGrupo], [Valor]) VALUES (49, N'M40A44', 167)
INSERT INTO [DatosPadron] ([COD_BARRIO], [ClaveGrupo], [Valor]) VALUES (77, N'M40A44', 38)
INSERT INTO [DatosPadron] ([COD_BARRIO], [ClaveGrupo], [Valor]) VALUES (34, N'M40A44', 273)
INSERT INTO [DatosPadron] ([COD_BARRIO], [ClaveGrupo], [Valor]) VALUES (62, N'M40A44', 89)
INSERT INTO [DatosPadron] ([COD_BARRIO], [ClaveGrupo], [Valor]) VALUES (23, N'M40A44', 122)
INSERT INTO [DatosPadron] ([COD_BARRIO], [ClaveGrupo], [Valor]) VALUES (29, N'M40A44', 113)
INSERT INTO [DatosPadron] ([COD_BARRIO], [ClaveGrupo], [Valor]) VALUES (68, N'M40A44', 39)
INSERT INTO [DatosPadron] ([COD_BARRIO], [ClaveGrupo], [Valor]) VALUES (46, N'M40A44', 45)
INSERT INTO [DatosPadron] ([COD_BARRIO], [ClaveGrupo], [Valor]) VALUES (19, N'M40A44', 150)
INSERT INTO [DatosPadron] ([COD_BARRIO], [ClaveGrupo], [Valor]) VALUES (38, N'M40A44', 39)
INSERT INTO [DatosPadron] ([COD_BARRIO], [ClaveGrupo], [Valor]) VALUES (50, N'M40A44', 57)
INSERT INTO [DatosPadron] ([COD_BARRIO], [ClaveGrupo], [Valor]) VALUES (48, N'M40A44', 118)
INSERT INTO [DatosPadron] ([COD_BARRIO], [ClaveGrupo], [Valor]) VALUES (20, N'M40A44', 30)
INSERT INTO [DatosPadron] ([COD_BARRIO], [ClaveGrupo], [Valor]) VALUES (7, N'M40A44', 409)
INSERT INTO [DatosPadron] ([COD_BARRIO], [ClaveGrupo], [Valor]) VALUES (67, N'M40A44', 97)
INSERT INTO [DatosPadron] ([COD_BARRIO], [ClaveGrupo], [Valor]) VALUES (10, N'M40A44', 410)
INSERT INTO [DatosPadron] ([COD_BARRIO], [ClaveGrupo], [Valor]) VALUES (61, N'M40A44', 578)
INSERT INTO [DatosPadron] ([COD_BARRIO], [ClaveGrupo], [Valor]) VALUES (60, N'M40A44', 43)
INSERT INTO [DatosPadron] ([COD_BARRIO], [ClaveGrupo], [Valor]) VALUES (5, N'M40A44', 276)
INSERT INTO [DatosPadron] ([COD_BARRIO], [ClaveGrupo], [Valor]) VALUES (40, N'M40A44', 50)
INSERT INTO [DatosPadron] ([COD_BARRIO], [ClaveGrupo], [Valor]) VALUES (13, N'M40A44', 5)
INSERT INTO [DatosPadron] ([COD_BARRIO], [ClaveGrupo], [Valor]) VALUES (41, N'M40A44', 151)
INSERT INTO [DatosPadron] ([COD_BARRIO], [ClaveGrupo], [Valor]) VALUES (22, N'M40A44', 163)
INSERT INTO [DatosPadron] ([COD_BARRIO], [ClaveGrupo], [Valor]) VALUES (9, N'M40A44', 21)
INSERT INTO [DatosPadron] ([COD_BARRIO], [ClaveGrupo], [Valor]) VALUES (76, N'M40A44', 48)
INSERT INTO [DatosPadron] ([COD_BARRIO], [ClaveGrupo], [Valor]) VALUES (52, N'M40A44', 247)
INSERT INTO [DatosPadron] ([COD_BARRIO], [ClaveGrupo], [Valor]) VALUES (1, N'M40A44', 21)
INSERT INTO [DatosPadron] ([COD_BARRIO], [ClaveGrupo], [Valor]) VALUES (45, N'M40A44', 148)
INSERT INTO [DatosPadron] ([COD_BARRIO], [ClaveGrupo], [Valor]) VALUES (70, N'M40A44', 50)
INSERT INTO [DatosPadron] ([COD_BARRIO], [ClaveGrupo], [Valor]) VALUES (16, N'M40A44', 47)
INSERT INTO [DatosPadron] ([COD_BARRIO], [ClaveGrupo], [Valor]) VALUES (33, N'M40A44', 105)
INSERT INTO [DatosPadron] ([COD_BARRIO], [ClaveGrupo], [Valor]) VALUES (15, N'M40A44', 16)
INSERT INTO [DatosPadron] ([COD_BARRIO], [ClaveGrupo], [Valor]) VALUES (57, N'M40A44', 23)
INSERT INTO [DatosPadron] ([COD_BARRIO], [ClaveGrupo], [Valor]) VALUES (56, N'M40A44', 81)
INSERT INTO [DatosPadron] ([COD_BARRIO], [ClaveGrupo], [Valor]) VALUES (31, N'M40A44', 21)
INSERT INTO [DatosPadron] ([COD_BARRIO], [ClaveGrupo], [Valor]) VALUES (59, N'M40A44', 147)
INSERT INTO [DatosPadron] ([COD_BARRIO], [ClaveGrupo], [Valor]) VALUES (78, N'M40A44', 80)
INSERT INTO [DatosPadron] ([COD_BARRIO], [ClaveGrupo], [Valor]) VALUES (26, N'M40A44', 135)
INSERT INTO [DatosPadron] ([COD_BARRIO], [ClaveGrupo], [Valor]) VALUES (14, N'M40A44', 36)
INSERT INTO [DatosPadron] ([COD_BARRIO], [ClaveGrupo], [Valor]) VALUES (35, N'M40A44', 65)
INSERT INTO [DatosPadron] ([COD_BARRIO], [ClaveGrupo], [Valor]) VALUES (80, N'M40A44', 123)
INSERT INTO [DatosPadron] ([COD_BARRIO], [ClaveGrupo], [Valor]) VALUES (79, N'M40A44', 392)
INSERT INTO [DatosPadron] ([COD_BARRIO], [ClaveGrupo], [Valor]) VALUES (37, N'M45A49', 25)
INSERT INTO [DatosPadron] ([COD_BARRIO], [ClaveGrupo], [Valor]) VALUES (74, N'M45A49', 87)
INSERT INTO [DatosPadron] ([COD_BARRIO], [ClaveGrupo], [Valor]) VALUES (17, N'M45A49', 38)
INSERT INTO [DatosPadron] ([COD_BARRIO], [ClaveGrupo], [Valor]) VALUES (2, N'M45A49', 137)
INSERT INTO [DatosPadron] ([COD_BARRIO], [ClaveGrupo], [Valor]) VALUES (32, N'M45A49', 304)
INSERT INTO [DatosPadron] ([COD_BARRIO], [ClaveGrupo], [Valor]) VALUES (58, N'M45A49', 62)
INSERT INTO [DatosPadron] ([COD_BARRIO], [ClaveGrupo], [Valor]) VALUES (53, N'M45A49', 540)
INSERT INTO [DatosPadron] ([COD_BARRIO], [ClaveGrupo], [Valor]) VALUES (75, N'M45A49', 31)
INSERT INTO [DatosPadron] ([COD_BARRIO], [ClaveGrupo], [Valor]) VALUES (30, N'M45A49', 239)
INSERT INTO [DatosPadron] ([COD_BARRIO], [ClaveGrupo], [Valor]) VALUES (72, N'M45A49', 53)
INSERT INTO [DatosPadron] ([COD_BARRIO], [ClaveGrupo], [Valor]) VALUES (64, N'M45A49', 77)
INSERT INTO [DatosPadron] ([COD_BARRIO], [ClaveGrupo], [Valor]) VALUES (24, N'M45A49', 19)
INSERT INTO [DatosPadron] ([COD_BARRIO], [ClaveGrupo], [Valor]) VALUES (47, N'M45A49', 39)
INSERT INTO [DatosPadron] ([COD_BARRIO], [ClaveGrupo], [Valor]) VALUES (44, N'M45A49', 21)
INSERT INTO [DatosPadron] ([COD_BARRIO], [ClaveGrupo], [Valor]) VALUES (69, N'M45A49', 450)
INSERT INTO [DatosPadron] ([COD_BARRIO], [ClaveGrupo], [Valor]) VALUES (36, N'M45A49', 62)
INSERT INTO [DatosPadron] ([COD_BARRIO], [ClaveGrupo], [Valor]) VALUES (71, N'M45A49', 191)
INSERT INTO [DatosPadron] ([COD_BARRIO], [ClaveGrupo], [Valor]) VALUES (39, N'M45A49', 8)
INSERT INTO [DatosPadron] ([COD_BARRIO], [ClaveGrupo], [Valor]) VALUES (28, N'M45A49', 7)
INSERT INTO [DatosPadron] ([COD_BARRIO], [ClaveGrupo], [Valor]) VALUES (43, N'M45A49', 96)
INSERT INTO [DatosPadron] ([COD_BARRIO], [ClaveGrupo], [Valor]) VALUES (4, N'M45A49', 44)
INSERT INTO [DatosPadron] ([COD_BARRIO], [ClaveGrupo], [Valor]) VALUES (73, N'M45A49', 3)
INSERT INTO [DatosPadron] ([COD_BARRIO], [ClaveGrupo], [Valor]) VALUES (55, N'M45A49', 110)
INSERT INTO [DatosPadron] ([COD_BARRIO], [ClaveGrupo], [Valor]) VALUES (63, N'M45A49', 16)
INSERT INTO [DatosPadron] ([COD_BARRIO], [ClaveGrupo], [Valor]) VALUES (21, N'M45A49', 4)
INSERT INTO [DatosPadron] ([COD_BARRIO], [ClaveGrupo], [Valor]) VALUES (6, N'M45A49', 9)
INSERT INTO [DatosPadron] ([COD_BARRIO], [ClaveGrupo], [Valor]) VALUES (18, N'M45A49', 6)
INSERT INTO [DatosPadron] ([COD_BARRIO], [ClaveGrupo], [Valor]) VALUES (66, N'M45A49', 13)
INSERT INTO [DatosPadron] ([COD_BARRIO], [ClaveGrupo], [Valor]) VALUES (65, N'M45A49', 2)
INSERT INTO [DatosPadron] ([COD_BARRIO], [ClaveGrupo], [Valor]) VALUES (3, N'M45A49', 2)
INSERT INTO [DatosPadron] ([COD_BARRIO], [ClaveGrupo], [Valor]) VALUES (51, N'M45A49', 4)
INSERT INTO [DatosPadron] ([COD_BARRIO], [ClaveGrupo], [Valor]) VALUES (11, N'M45A49', 56)
INSERT INTO [DatosPadron] ([COD_BARRIO], [ClaveGrupo], [Valor]) VALUES (54, N'M45A49', 454)
INSERT INTO [DatosPadron] ([COD_BARRIO], [ClaveGrupo], [Valor]) VALUES (12, N'M45A49', 140)
INSERT INTO [DatosPadron] ([COD_BARRIO], [ClaveGrupo], [Valor]) VALUES (25, N'M45A49', 154)
INSERT INTO [DatosPadron] ([COD_BARRIO], [ClaveGrupo], [Valor]) VALUES (27, N'M45A49', 20)
go
INSERT INTO [DatosPadron] ([COD_BARRIO], [ClaveGrupo], [Valor]) VALUES (49, N'M45A49', 219)
INSERT INTO [DatosPadron] ([COD_BARRIO], [ClaveGrupo], [Valor]) VALUES (77, N'M45A49', 44)
INSERT INTO [DatosPadron] ([COD_BARRIO], [ClaveGrupo], [Valor]) VALUES (34, N'M45A49', 253)
INSERT INTO [DatosPadron] ([COD_BARRIO], [ClaveGrupo], [Valor]) VALUES (62, N'M45A49', 109)
INSERT INTO [DatosPadron] ([COD_BARRIO], [ClaveGrupo], [Valor]) VALUES (23, N'M45A49', 108)
INSERT INTO [DatosPadron] ([COD_BARRIO], [ClaveGrupo], [Valor]) VALUES (29, N'M45A49', 100)
INSERT INTO [DatosPadron] ([COD_BARRIO], [ClaveGrupo], [Valor]) VALUES (68, N'M45A49', 55)
INSERT INTO [DatosPadron] ([COD_BARRIO], [ClaveGrupo], [Valor]) VALUES (46, N'M45A49', 55)
INSERT INTO [DatosPadron] ([COD_BARRIO], [ClaveGrupo], [Valor]) VALUES (19, N'M45A49', 159)
INSERT INTO [DatosPadron] ([COD_BARRIO], [ClaveGrupo], [Valor]) VALUES (38, N'M45A49', 41)
INSERT INTO [DatosPadron] ([COD_BARRIO], [ClaveGrupo], [Valor]) VALUES (50, N'M45A49', 28)
INSERT INTO [DatosPadron] ([COD_BARRIO], [ClaveGrupo], [Valor]) VALUES (48, N'M45A49', 110)
INSERT INTO [DatosPadron] ([COD_BARRIO], [ClaveGrupo], [Valor]) VALUES (20, N'M45A49', 33)
INSERT INTO [DatosPadron] ([COD_BARRIO], [ClaveGrupo], [Valor]) VALUES (7, N'M45A49', 498)
INSERT INTO [DatosPadron] ([COD_BARRIO], [ClaveGrupo], [Valor]) VALUES (67, N'M45A49', 126)
INSERT INTO [DatosPadron] ([COD_BARRIO], [ClaveGrupo], [Valor]) VALUES (10, N'M45A49', 296)
INSERT INTO [DatosPadron] ([COD_BARRIO], [ClaveGrupo], [Valor]) VALUES (61, N'M45A49', 513)
INSERT INTO [DatosPadron] ([COD_BARRIO], [ClaveGrupo], [Valor]) VALUES (60, N'M45A49', 36)
INSERT INTO [DatosPadron] ([COD_BARRIO], [ClaveGrupo], [Valor]) VALUES (5, N'M45A49', 248)
INSERT INTO [DatosPadron] ([COD_BARRIO], [ClaveGrupo], [Valor]) VALUES (40, N'M45A49', 64)
INSERT INTO [DatosPadron] ([COD_BARRIO], [ClaveGrupo], [Valor]) VALUES (13, N'M45A49', 10)
INSERT INTO [DatosPadron] ([COD_BARRIO], [ClaveGrupo], [Valor]) VALUES (41, N'M45A49', 153)
INSERT INTO [DatosPadron] ([COD_BARRIO], [ClaveGrupo], [Valor]) VALUES (22, N'M45A49', 164)
INSERT INTO [DatosPadron] ([COD_BARRIO], [ClaveGrupo], [Valor]) VALUES (9, N'M45A49', 26)
INSERT INTO [DatosPadron] ([COD_BARRIO], [ClaveGrupo], [Valor]) VALUES (76, N'M45A49', 92)
INSERT INTO [DatosPadron] ([COD_BARRIO], [ClaveGrupo], [Valor]) VALUES (52, N'M45A49', 261)
INSERT INTO [DatosPadron] ([COD_BARRIO], [ClaveGrupo], [Valor]) VALUES (1, N'M45A49', 22)
INSERT INTO [DatosPadron] ([COD_BARRIO], [ClaveGrupo], [Valor]) VALUES (45, N'M45A49', 107)
INSERT INTO [DatosPadron] ([COD_BARRIO], [ClaveGrupo], [Valor]) VALUES (70, N'M45A49', 27)
INSERT INTO [DatosPadron] ([COD_BARRIO], [ClaveGrupo], [Valor]) VALUES (16, N'M45A49', 49)
INSERT INTO [DatosPadron] ([COD_BARRIO], [ClaveGrupo], [Valor]) VALUES (33, N'M45A49', 93)
INSERT INTO [DatosPadron] ([COD_BARRIO], [ClaveGrupo], [Valor]) VALUES (15, N'M45A49', 22)
INSERT INTO [DatosPadron] ([COD_BARRIO], [ClaveGrupo], [Valor]) VALUES (57, N'M45A49', 40)
INSERT INTO [DatosPadron] ([COD_BARRIO], [ClaveGrupo], [Valor]) VALUES (56, N'M45A49', 84)
INSERT INTO [DatosPadron] ([COD_BARRIO], [ClaveGrupo], [Valor]) VALUES (31, N'M45A49', 31)
INSERT INTO [DatosPadron] ([COD_BARRIO], [ClaveGrupo], [Valor]) VALUES (59, N'M45A49', 145)
INSERT INTO [DatosPadron] ([COD_BARRIO], [ClaveGrupo], [Valor]) VALUES (78, N'M45A49', 77)
INSERT INTO [DatosPadron] ([COD_BARRIO], [ClaveGrupo], [Valor]) VALUES (26, N'M45A49', 138)
INSERT INTO [DatosPadron] ([COD_BARRIO], [ClaveGrupo], [Valor]) VALUES (14, N'M45A49', 32)
INSERT INTO [DatosPadron] ([COD_BARRIO], [ClaveGrupo], [Valor]) VALUES (35, N'M45A49', 57)
INSERT INTO [DatosPadron] ([COD_BARRIO], [ClaveGrupo], [Valor]) VALUES (80, N'M45A49', 105)
INSERT INTO [DatosPadron] ([COD_BARRIO], [ClaveGrupo], [Valor]) VALUES (79, N'M45A49', 400)
INSERT INTO [DatosPadron] ([COD_BARRIO], [ClaveGrupo], [Valor]) VALUES (37, N'M50A54', 24)
INSERT INTO [DatosPadron] ([COD_BARRIO], [ClaveGrupo], [Valor]) VALUES (74, N'M50A54', 82)
INSERT INTO [DatosPadron] ([COD_BARRIO], [ClaveGrupo], [Valor]) VALUES (17, N'M50A54', 39)
INSERT INTO [DatosPadron] ([COD_BARRIO], [ClaveGrupo], [Valor]) VALUES (2, N'M50A54', 102)
INSERT INTO [DatosPadron] ([COD_BARRIO], [ClaveGrupo], [Valor]) VALUES (32, N'M50A54', 183)
INSERT INTO [DatosPadron] ([COD_BARRIO], [ClaveGrupo], [Valor]) VALUES (58, N'M50A54', 53)
INSERT INTO [DatosPadron] ([COD_BARRIO], [ClaveGrupo], [Valor]) VALUES (53, N'M50A54', 458)
INSERT INTO [DatosPadron] ([COD_BARRIO], [ClaveGrupo], [Valor]) VALUES (75, N'M50A54', 38)
INSERT INTO [DatosPadron] ([COD_BARRIO], [ClaveGrupo], [Valor]) VALUES (30, N'M50A54', 191)
INSERT INTO [DatosPadron] ([COD_BARRIO], [ClaveGrupo], [Valor]) VALUES (72, N'M50A54', 49)
INSERT INTO [DatosPadron] ([COD_BARRIO], [ClaveGrupo], [Valor]) VALUES (64, N'M50A54', 74)
INSERT INTO [DatosPadron] ([COD_BARRIO], [ClaveGrupo], [Valor]) VALUES (24, N'M50A54', 16)
INSERT INTO [DatosPadron] ([COD_BARRIO], [ClaveGrupo], [Valor]) VALUES (47, N'M50A54', 34)
INSERT INTO [DatosPadron] ([COD_BARRIO], [ClaveGrupo], [Valor]) VALUES (44, N'M50A54', 35)
INSERT INTO [DatosPadron] ([COD_BARRIO], [ClaveGrupo], [Valor]) VALUES (69, N'M50A54', 407)
INSERT INTO [DatosPadron] ([COD_BARRIO], [ClaveGrupo], [Valor]) VALUES (36, N'M50A54', 73)
INSERT INTO [DatosPadron] ([COD_BARRIO], [ClaveGrupo], [Valor]) VALUES (71, N'M50A54', 230)
INSERT INTO [DatosPadron] ([COD_BARRIO], [ClaveGrupo], [Valor]) VALUES (39, N'M50A54', 13)
INSERT INTO [DatosPadron] ([COD_BARRIO], [ClaveGrupo], [Valor]) VALUES (28, N'M50A54', 17)
INSERT INTO [DatosPadron] ([COD_BARRIO], [ClaveGrupo], [Valor]) VALUES (43, N'M50A54', 123)
INSERT INTO [DatosPadron] ([COD_BARRIO], [ClaveGrupo], [Valor]) VALUES (4, N'M50A54', 43)
INSERT INTO [DatosPadron] ([COD_BARRIO], [ClaveGrupo], [Valor]) VALUES (73, N'M50A54', 6)
INSERT INTO [DatosPadron] ([COD_BARRIO], [ClaveGrupo], [Valor]) VALUES (55, N'M50A54', 104)
INSERT INTO [DatosPadron] ([COD_BARRIO], [ClaveGrupo], [Valor]) VALUES (63, N'M50A54', 18)
INSERT INTO [DatosPadron] ([COD_BARRIO], [ClaveGrupo], [Valor]) VALUES (42, N'M50A54', 1)
INSERT INTO [DatosPadron] ([COD_BARRIO], [ClaveGrupo], [Valor]) VALUES (21, N'M50A54', 3)
INSERT INTO [DatosPadron] ([COD_BARRIO], [ClaveGrupo], [Valor]) VALUES (6, N'M50A54', 6)
INSERT INTO [DatosPadron] ([COD_BARRIO], [ClaveGrupo], [Valor]) VALUES (18, N'M50A54', 7)
INSERT INTO [DatosPadron] ([COD_BARRIO], [ClaveGrupo], [Valor]) VALUES (66, N'M50A54', 11)
INSERT INTO [DatosPadron] ([COD_BARRIO], [ClaveGrupo], [Valor]) VALUES (65, N'M50A54', 6)
INSERT INTO [DatosPadron] ([COD_BARRIO], [ClaveGrupo], [Valor]) VALUES (3, N'M50A54', 4)
INSERT INTO [DatosPadron] ([COD_BARRIO], [ClaveGrupo], [Valor]) VALUES (51, N'M50A54', 2)
INSERT INTO [DatosPadron] ([COD_BARRIO], [ClaveGrupo], [Valor]) VALUES (11, N'M50A54', 61)
INSERT INTO [DatosPadron] ([COD_BARRIO], [ClaveGrupo], [Valor]) VALUES (54, N'M50A54', 415)
INSERT INTO [DatosPadron] ([COD_BARRIO], [ClaveGrupo], [Valor]) VALUES (12, N'M50A54', 153)
INSERT INTO [DatosPadron] ([COD_BARRIO], [ClaveGrupo], [Valor]) VALUES (25, N'M50A54', 190)
INSERT INTO [DatosPadron] ([COD_BARRIO], [ClaveGrupo], [Valor]) VALUES (27, N'M50A54', 27)
INSERT INTO [DatosPadron] ([COD_BARRIO], [ClaveGrupo], [Valor]) VALUES (49, N'M50A54', 261)
INSERT INTO [DatosPadron] ([COD_BARRIO], [ClaveGrupo], [Valor]) VALUES (77, N'M50A54', 30)
INSERT INTO [DatosPadron] ([COD_BARRIO], [ClaveGrupo], [Valor]) VALUES (34, N'M50A54', 252)
INSERT INTO [DatosPadron] ([COD_BARRIO], [ClaveGrupo], [Valor]) VALUES (62, N'M50A54', 118)
INSERT INTO [DatosPadron] ([COD_BARRIO], [ClaveGrupo], [Valor]) VALUES (23, N'M50A54', 96)
INSERT INTO [DatosPadron] ([COD_BARRIO], [ClaveGrupo], [Valor]) VALUES (29, N'M50A54', 122)
INSERT INTO [DatosPadron] ([COD_BARRIO], [ClaveGrupo], [Valor]) VALUES (68, N'M50A54', 57)
INSERT INTO [DatosPadron] ([COD_BARRIO], [ClaveGrupo], [Valor]) VALUES (46, N'M50A54', 63)
INSERT INTO [DatosPadron] ([COD_BARRIO], [ClaveGrupo], [Valor]) VALUES (19, N'M50A54', 150)
INSERT INTO [DatosPadron] ([COD_BARRIO], [ClaveGrupo], [Valor]) VALUES (38, N'M50A54', 48)
INSERT INTO [DatosPadron] ([COD_BARRIO], [ClaveGrupo], [Valor]) VALUES (50, N'M50A54', 20)
INSERT INTO [DatosPadron] ([COD_BARRIO], [ClaveGrupo], [Valor]) VALUES (48, N'M50A54', 131)
INSERT INTO [DatosPadron] ([COD_BARRIO], [ClaveGrupo], [Valor]) VALUES (20, N'M50A54', 33)
INSERT INTO [DatosPadron] ([COD_BARRIO], [ClaveGrupo], [Valor]) VALUES (7, N'M50A54', 460)
INSERT INTO [DatosPadron] ([COD_BARRIO], [ClaveGrupo], [Valor]) VALUES (67, N'M50A54', 109)
INSERT INTO [DatosPadron] ([COD_BARRIO], [ClaveGrupo], [Valor]) VALUES (10, N'M50A54', 258)
INSERT INTO [DatosPadron] ([COD_BARRIO], [ClaveGrupo], [Valor]) VALUES (61, N'M50A54', 373)
go
INSERT INTO [DatosPadron] ([COD_BARRIO], [ClaveGrupo], [Valor]) VALUES (60, N'M50A54', 29)
INSERT INTO [DatosPadron] ([COD_BARRIO], [ClaveGrupo], [Valor]) VALUES (5, N'M50A54', 249)
INSERT INTO [DatosPadron] ([COD_BARRIO], [ClaveGrupo], [Valor]) VALUES (40, N'M50A54', 52)
INSERT INTO [DatosPadron] ([COD_BARRIO], [ClaveGrupo], [Valor]) VALUES (13, N'M50A54', 12)
INSERT INTO [DatosPadron] ([COD_BARRIO], [ClaveGrupo], [Valor]) VALUES (41, N'M50A54', 102)
INSERT INTO [DatosPadron] ([COD_BARRIO], [ClaveGrupo], [Valor]) VALUES (22, N'M50A54', 170)
INSERT INTO [DatosPadron] ([COD_BARRIO], [ClaveGrupo], [Valor]) VALUES (9, N'M50A54', 26)
INSERT INTO [DatosPadron] ([COD_BARRIO], [ClaveGrupo], [Valor]) VALUES (76, N'M50A54', 113)
INSERT INTO [DatosPadron] ([COD_BARRIO], [ClaveGrupo], [Valor]) VALUES (52, N'M50A54', 215)
INSERT INTO [DatosPadron] ([COD_BARRIO], [ClaveGrupo], [Valor]) VALUES (1, N'M50A54', 39)
INSERT INTO [DatosPadron] ([COD_BARRIO], [ClaveGrupo], [Valor]) VALUES (45, N'M50A54', 105)
INSERT INTO [DatosPadron] ([COD_BARRIO], [ClaveGrupo], [Valor]) VALUES (70, N'M50A54', 41)
INSERT INTO [DatosPadron] ([COD_BARRIO], [ClaveGrupo], [Valor]) VALUES (16, N'M50A54', 40)
INSERT INTO [DatosPadron] ([COD_BARRIO], [ClaveGrupo], [Valor]) VALUES (33, N'M50A54', 101)
INSERT INTO [DatosPadron] ([COD_BARRIO], [ClaveGrupo], [Valor]) VALUES (15, N'M50A54', 19)
INSERT INTO [DatosPadron] ([COD_BARRIO], [ClaveGrupo], [Valor]) VALUES (57, N'M50A54', 42)
INSERT INTO [DatosPadron] ([COD_BARRIO], [ClaveGrupo], [Valor]) VALUES (56, N'M50A54', 62)
INSERT INTO [DatosPadron] ([COD_BARRIO], [ClaveGrupo], [Valor]) VALUES (31, N'M50A54', 35)
INSERT INTO [DatosPadron] ([COD_BARRIO], [ClaveGrupo], [Valor]) VALUES (59, N'M50A54', 163)
INSERT INTO [DatosPadron] ([COD_BARRIO], [ClaveGrupo], [Valor]) VALUES (78, N'M50A54', 50)
INSERT INTO [DatosPadron] ([COD_BARRIO], [ClaveGrupo], [Valor]) VALUES (26, N'M50A54', 130)
INSERT INTO [DatosPadron] ([COD_BARRIO], [ClaveGrupo], [Valor]) VALUES (14, N'M50A54', 31)
INSERT INTO [DatosPadron] ([COD_BARRIO], [ClaveGrupo], [Valor]) VALUES (35, N'M50A54', 53)
INSERT INTO [DatosPadron] ([COD_BARRIO], [ClaveGrupo], [Valor]) VALUES (80, N'M50A54', 133)
INSERT INTO [DatosPadron] ([COD_BARRIO], [ClaveGrupo], [Valor]) VALUES (79, N'M50A54', 336)
INSERT INTO [DatosPadron] ([COD_BARRIO], [ClaveGrupo], [Valor]) VALUES (37, N'M55A59', 27)
INSERT INTO [DatosPadron] ([COD_BARRIO], [ClaveGrupo], [Valor]) VALUES (74, N'M55A59', 66)
INSERT INTO [DatosPadron] ([COD_BARRIO], [ClaveGrupo], [Valor]) VALUES (17, N'M55A59', 41)
INSERT INTO [DatosPadron] ([COD_BARRIO], [ClaveGrupo], [Valor]) VALUES (2, N'M55A59', 58)
INSERT INTO [DatosPadron] ([COD_BARRIO], [ClaveGrupo], [Valor]) VALUES (32, N'M55A59', 107)
INSERT INTO [DatosPadron] ([COD_BARRIO], [ClaveGrupo], [Valor]) VALUES (58, N'M55A59', 59)
INSERT INTO [DatosPadron] ([COD_BARRIO], [ClaveGrupo], [Valor]) VALUES (53, N'M55A59', 467)
INSERT INTO [DatosPadron] ([COD_BARRIO], [ClaveGrupo], [Valor]) VALUES (75, N'M55A59', 29)
INSERT INTO [DatosPadron] ([COD_BARRIO], [ClaveGrupo], [Valor]) VALUES (30, N'M55A59', 204)
INSERT INTO [DatosPadron] ([COD_BARRIO], [ClaveGrupo], [Valor]) VALUES (72, N'M55A59', 43)
INSERT INTO [DatosPadron] ([COD_BARRIO], [ClaveGrupo], [Valor]) VALUES (64, N'M55A59', 39)
INSERT INTO [DatosPadron] ([COD_BARRIO], [ClaveGrupo], [Valor]) VALUES (24, N'M55A59', 16)
INSERT INTO [DatosPadron] ([COD_BARRIO], [ClaveGrupo], [Valor]) VALUES (47, N'M55A59', 28)
INSERT INTO [DatosPadron] ([COD_BARRIO], [ClaveGrupo], [Valor]) VALUES (44, N'M55A59', 25)
INSERT INTO [DatosPadron] ([COD_BARRIO], [ClaveGrupo], [Valor]) VALUES (69, N'M55A59', 356)
INSERT INTO [DatosPadron] ([COD_BARRIO], [ClaveGrupo], [Valor]) VALUES (36, N'M55A59', 54)
INSERT INTO [DatosPadron] ([COD_BARRIO], [ClaveGrupo], [Valor]) VALUES (71, N'M55A59', 244)
INSERT INTO [DatosPadron] ([COD_BARRIO], [ClaveGrupo], [Valor]) VALUES (39, N'M55A59', 5)
INSERT INTO [DatosPadron] ([COD_BARRIO], [ClaveGrupo], [Valor]) VALUES (28, N'M55A59', 14)
INSERT INTO [DatosPadron] ([COD_BARRIO], [ClaveGrupo], [Valor]) VALUES (43, N'M55A59', 73)
INSERT INTO [DatosPadron] ([COD_BARRIO], [ClaveGrupo], [Valor]) VALUES (4, N'M55A59', 70)
INSERT INTO [DatosPadron] ([COD_BARRIO], [ClaveGrupo], [Valor]) VALUES (73, N'M55A59', 5)
INSERT INTO [DatosPadron] ([COD_BARRIO], [ClaveGrupo], [Valor]) VALUES (55, N'M55A59', 91)
INSERT INTO [DatosPadron] ([COD_BARRIO], [ClaveGrupo], [Valor]) VALUES (63, N'M55A59', 13)
INSERT INTO [DatosPadron] ([COD_BARRIO], [ClaveGrupo], [Valor]) VALUES (42, N'M55A59', 1)
INSERT INTO [DatosPadron] ([COD_BARRIO], [ClaveGrupo], [Valor]) VALUES (21, N'M55A59', 2)
INSERT INTO [DatosPadron] ([COD_BARRIO], [ClaveGrupo], [Valor]) VALUES (6, N'M55A59', 9)
INSERT INTO [DatosPadron] ([COD_BARRIO], [ClaveGrupo], [Valor]) VALUES (18, N'M55A59', 4)
INSERT INTO [DatosPadron] ([COD_BARRIO], [ClaveGrupo], [Valor]) VALUES (66, N'M55A59', 19)
INSERT INTO [DatosPadron] ([COD_BARRIO], [ClaveGrupo], [Valor]) VALUES (65, N'M55A59', 1)
INSERT INTO [DatosPadron] ([COD_BARRIO], [ClaveGrupo], [Valor]) VALUES (3, N'M55A59', 4)
INSERT INTO [DatosPadron] ([COD_BARRIO], [ClaveGrupo], [Valor]) VALUES (51, N'M55A59', 1)
INSERT INTO [DatosPadron] ([COD_BARRIO], [ClaveGrupo], [Valor]) VALUES (11, N'M55A59', 43)
INSERT INTO [DatosPadron] ([COD_BARRIO], [ClaveGrupo], [Valor]) VALUES (54, N'M55A59', 354)
INSERT INTO [DatosPadron] ([COD_BARRIO], [ClaveGrupo], [Valor]) VALUES (12, N'M55A59', 152)
INSERT INTO [DatosPadron] ([COD_BARRIO], [ClaveGrupo], [Valor]) VALUES (25, N'M55A59', 165)
INSERT INTO [DatosPadron] ([COD_BARRIO], [ClaveGrupo], [Valor]) VALUES (27, N'M55A59', 26)
INSERT INTO [DatosPadron] ([COD_BARRIO], [ClaveGrupo], [Valor]) VALUES (49, N'M55A59', 258)
INSERT INTO [DatosPadron] ([COD_BARRIO], [ClaveGrupo], [Valor]) VALUES (77, N'M55A59', 41)
INSERT INTO [DatosPadron] ([COD_BARRIO], [ClaveGrupo], [Valor]) VALUES (34, N'M55A59', 248)
INSERT INTO [DatosPadron] ([COD_BARRIO], [ClaveGrupo], [Valor]) VALUES (62, N'M55A59', 106)
INSERT INTO [DatosPadron] ([COD_BARRIO], [ClaveGrupo], [Valor]) VALUES (23, N'M55A59', 110)
INSERT INTO [DatosPadron] ([COD_BARRIO], [ClaveGrupo], [Valor]) VALUES (29, N'M55A59', 128)
INSERT INTO [DatosPadron] ([COD_BARRIO], [ClaveGrupo], [Valor]) VALUES (68, N'M55A59', 37)
INSERT INTO [DatosPadron] ([COD_BARRIO], [ClaveGrupo], [Valor]) VALUES (46, N'M55A59', 46)
INSERT INTO [DatosPadron] ([COD_BARRIO], [ClaveGrupo], [Valor]) VALUES (19, N'M55A59', 158)
INSERT INTO [DatosPadron] ([COD_BARRIO], [ClaveGrupo], [Valor]) VALUES (38, N'M55A59', 44)
INSERT INTO [DatosPadron] ([COD_BARRIO], [ClaveGrupo], [Valor]) VALUES (50, N'M55A59', 16)
INSERT INTO [DatosPadron] ([COD_BARRIO], [ClaveGrupo], [Valor]) VALUES (48, N'M55A59', 144)
INSERT INTO [DatosPadron] ([COD_BARRIO], [ClaveGrupo], [Valor]) VALUES (20, N'M55A59', 17)
INSERT INTO [DatosPadron] ([COD_BARRIO], [ClaveGrupo], [Valor]) VALUES (7, N'M55A59', 341)
INSERT INTO [DatosPadron] ([COD_BARRIO], [ClaveGrupo], [Valor]) VALUES (67, N'M55A59', 104)
INSERT INTO [DatosPadron] ([COD_BARRIO], [ClaveGrupo], [Valor]) VALUES (10, N'M55A59', 195)
INSERT INTO [DatosPadron] ([COD_BARRIO], [ClaveGrupo], [Valor]) VALUES (61, N'M55A59', 251)
INSERT INTO [DatosPadron] ([COD_BARRIO], [ClaveGrupo], [Valor]) VALUES (60, N'M55A59', 20)
INSERT INTO [DatosPadron] ([COD_BARRIO], [ClaveGrupo], [Valor]) VALUES (5, N'M55A59', 163)
INSERT INTO [DatosPadron] ([COD_BARRIO], [ClaveGrupo], [Valor]) VALUES (40, N'M55A59', 39)
INSERT INTO [DatosPadron] ([COD_BARRIO], [ClaveGrupo], [Valor]) VALUES (13, N'M55A59', 7)
INSERT INTO [DatosPadron] ([COD_BARRIO], [ClaveGrupo], [Valor]) VALUES (41, N'M55A59', 81)
INSERT INTO [DatosPadron] ([COD_BARRIO], [ClaveGrupo], [Valor]) VALUES (22, N'M55A59', 181)
INSERT INTO [DatosPadron] ([COD_BARRIO], [ClaveGrupo], [Valor]) VALUES (9, N'M55A59', 26)
INSERT INTO [DatosPadron] ([COD_BARRIO], [ClaveGrupo], [Valor]) VALUES (76, N'M55A59', 102)
INSERT INTO [DatosPadron] ([COD_BARRIO], [ClaveGrupo], [Valor]) VALUES (52, N'M55A59', 225)
INSERT INTO [DatosPadron] ([COD_BARRIO], [ClaveGrupo], [Valor]) VALUES (1, N'M55A59', 33)
INSERT INTO [DatosPadron] ([COD_BARRIO], [ClaveGrupo], [Valor]) VALUES (45, N'M55A59', 84)
INSERT INTO [DatosPadron] ([COD_BARRIO], [ClaveGrupo], [Valor]) VALUES (70, N'M55A59', 55)
INSERT INTO [DatosPadron] ([COD_BARRIO], [ClaveGrupo], [Valor]) VALUES (16, N'M55A59', 56)
INSERT INTO [DatosPadron] ([COD_BARRIO], [ClaveGrupo], [Valor]) VALUES (33, N'M55A59', 99)
INSERT INTO [DatosPadron] ([COD_BARRIO], [ClaveGrupo], [Valor]) VALUES (15, N'M55A59', 10)
INSERT INTO [DatosPadron] ([COD_BARRIO], [ClaveGrupo], [Valor]) VALUES (57, N'M55A59', 49)
INSERT INTO [DatosPadron] ([COD_BARRIO], [ClaveGrupo], [Valor]) VALUES (56, N'M55A59', 63)
go
INSERT INTO [DatosPadron] ([COD_BARRIO], [ClaveGrupo], [Valor]) VALUES (31, N'M55A59', 20)
INSERT INTO [DatosPadron] ([COD_BARRIO], [ClaveGrupo], [Valor]) VALUES (59, N'M55A59', 147)
INSERT INTO [DatosPadron] ([COD_BARRIO], [ClaveGrupo], [Valor]) VALUES (78, N'M55A59', 46)
INSERT INTO [DatosPadron] ([COD_BARRIO], [ClaveGrupo], [Valor]) VALUES (26, N'M55A59', 114)
INSERT INTO [DatosPadron] ([COD_BARRIO], [ClaveGrupo], [Valor]) VALUES (14, N'M55A59', 25)
INSERT INTO [DatosPadron] ([COD_BARRIO], [ClaveGrupo], [Valor]) VALUES (35, N'M55A59', 45)
INSERT INTO [DatosPadron] ([COD_BARRIO], [ClaveGrupo], [Valor]) VALUES (80, N'M55A59', 113)
INSERT INTO [DatosPadron] ([COD_BARRIO], [ClaveGrupo], [Valor]) VALUES (79, N'M55A59', 346)
INSERT INTO [DatosPadron] ([COD_BARRIO], [ClaveGrupo], [Valor]) VALUES (37, N'M60A64', 23)
INSERT INTO [DatosPadron] ([COD_BARRIO], [ClaveGrupo], [Valor]) VALUES (74, N'M60A64', 48)
INSERT INTO [DatosPadron] ([COD_BARRIO], [ClaveGrupo], [Valor]) VALUES (17, N'M60A64', 36)
INSERT INTO [DatosPadron] ([COD_BARRIO], [ClaveGrupo], [Valor]) VALUES (2, N'M60A64', 34)
INSERT INTO [DatosPadron] ([COD_BARRIO], [ClaveGrupo], [Valor]) VALUES (32, N'M60A64', 99)
INSERT INTO [DatosPadron] ([COD_BARRIO], [ClaveGrupo], [Valor]) VALUES (58, N'M60A64', 46)
INSERT INTO [DatosPadron] ([COD_BARRIO], [ClaveGrupo], [Valor]) VALUES (53, N'M60A64', 459)
INSERT INTO [DatosPadron] ([COD_BARRIO], [ClaveGrupo], [Valor]) VALUES (75, N'M60A64', 22)
INSERT INTO [DatosPadron] ([COD_BARRIO], [ClaveGrupo], [Valor]) VALUES (30, N'M60A64', 180)
INSERT INTO [DatosPadron] ([COD_BARRIO], [ClaveGrupo], [Valor]) VALUES (72, N'M60A64', 36)
INSERT INTO [DatosPadron] ([COD_BARRIO], [ClaveGrupo], [Valor]) VALUES (64, N'M60A64', 52)
INSERT INTO [DatosPadron] ([COD_BARRIO], [ClaveGrupo], [Valor]) VALUES (24, N'M60A64', 19)
INSERT INTO [DatosPadron] ([COD_BARRIO], [ClaveGrupo], [Valor]) VALUES (47, N'M60A64', 33)
INSERT INTO [DatosPadron] ([COD_BARRIO], [ClaveGrupo], [Valor]) VALUES (44, N'M60A64', 14)
INSERT INTO [DatosPadron] ([COD_BARRIO], [ClaveGrupo], [Valor]) VALUES (69, N'M60A64', 311)
INSERT INTO [DatosPadron] ([COD_BARRIO], [ClaveGrupo], [Valor]) VALUES (36, N'M60A64', 66)
INSERT INTO [DatosPadron] ([COD_BARRIO], [ClaveGrupo], [Valor]) VALUES (71, N'M60A64', 225)
INSERT INTO [DatosPadron] ([COD_BARRIO], [ClaveGrupo], [Valor]) VALUES (39, N'M60A64', 8)
INSERT INTO [DatosPadron] ([COD_BARRIO], [ClaveGrupo], [Valor]) VALUES (28, N'M60A64', 15)
INSERT INTO [DatosPadron] ([COD_BARRIO], [ClaveGrupo], [Valor]) VALUES (43, N'M60A64', 45)
INSERT INTO [DatosPadron] ([COD_BARRIO], [ClaveGrupo], [Valor]) VALUES (4, N'M60A64', 36)
INSERT INTO [DatosPadron] ([COD_BARRIO], [ClaveGrupo], [Valor]) VALUES (55, N'M60A64', 71)
INSERT INTO [DatosPadron] ([COD_BARRIO], [ClaveGrupo], [Valor]) VALUES (63, N'M60A64', 8)
INSERT INTO [DatosPadron] ([COD_BARRIO], [ClaveGrupo], [Valor]) VALUES (21, N'M60A64', 1)
INSERT INTO [DatosPadron] ([COD_BARRIO], [ClaveGrupo], [Valor]) VALUES (6, N'M60A64', 15)
INSERT INTO [DatosPadron] ([COD_BARRIO], [ClaveGrupo], [Valor]) VALUES (18, N'M60A64', 3)
INSERT INTO [DatosPadron] ([COD_BARRIO], [ClaveGrupo], [Valor]) VALUES (66, N'M60A64', 15)
INSERT INTO [DatosPadron] ([COD_BARRIO], [ClaveGrupo], [Valor]) VALUES (65, N'M60A64', 3)
INSERT INTO [DatosPadron] ([COD_BARRIO], [ClaveGrupo], [Valor]) VALUES (3, N'M60A64', 1)
INSERT INTO [DatosPadron] ([COD_BARRIO], [ClaveGrupo], [Valor]) VALUES (51, N'M60A64', 4)
INSERT INTO [DatosPadron] ([COD_BARRIO], [ClaveGrupo], [Valor]) VALUES (11, N'M60A64', 28)
INSERT INTO [DatosPadron] ([COD_BARRIO], [ClaveGrupo], [Valor]) VALUES (54, N'M60A64', 323)
INSERT INTO [DatosPadron] ([COD_BARRIO], [ClaveGrupo], [Valor]) VALUES (12, N'M60A64', 137)
INSERT INTO [DatosPadron] ([COD_BARRIO], [ClaveGrupo], [Valor]) VALUES (25, N'M60A64', 117)
INSERT INTO [DatosPadron] ([COD_BARRIO], [ClaveGrupo], [Valor]) VALUES (27, N'M60A64', 16)
INSERT INTO [DatosPadron] ([COD_BARRIO], [ClaveGrupo], [Valor]) VALUES (49, N'M60A64', 199)
INSERT INTO [DatosPadron] ([COD_BARRIO], [ClaveGrupo], [Valor]) VALUES (77, N'M60A64', 38)
INSERT INTO [DatosPadron] ([COD_BARRIO], [ClaveGrupo], [Valor]) VALUES (34, N'M60A64', 283)
INSERT INTO [DatosPadron] ([COD_BARRIO], [ClaveGrupo], [Valor]) VALUES (62, N'M60A64', 85)
INSERT INTO [DatosPadron] ([COD_BARRIO], [ClaveGrupo], [Valor]) VALUES (23, N'M60A64', 122)
INSERT INTO [DatosPadron] ([COD_BARRIO], [ClaveGrupo], [Valor]) VALUES (29, N'M60A64', 102)
INSERT INTO [DatosPadron] ([COD_BARRIO], [ClaveGrupo], [Valor]) VALUES (68, N'M60A64', 34)
INSERT INTO [DatosPadron] ([COD_BARRIO], [ClaveGrupo], [Valor]) VALUES (46, N'M60A64', 63)
INSERT INTO [DatosPadron] ([COD_BARRIO], [ClaveGrupo], [Valor]) VALUES (19, N'M60A64', 208)
INSERT INTO [DatosPadron] ([COD_BARRIO], [ClaveGrupo], [Valor]) VALUES (38, N'M60A64', 24)
INSERT INTO [DatosPadron] ([COD_BARRIO], [ClaveGrupo], [Valor]) VALUES (50, N'M60A64', 31)
INSERT INTO [DatosPadron] ([COD_BARRIO], [ClaveGrupo], [Valor]) VALUES (48, N'M60A64', 138)
INSERT INTO [DatosPadron] ([COD_BARRIO], [ClaveGrupo], [Valor]) VALUES (20, N'M60A64', 22)
INSERT INTO [DatosPadron] ([COD_BARRIO], [ClaveGrupo], [Valor]) VALUES (7, N'M60A64', 198)
INSERT INTO [DatosPadron] ([COD_BARRIO], [ClaveGrupo], [Valor]) VALUES (67, N'M60A64', 77)
INSERT INTO [DatosPadron] ([COD_BARRIO], [ClaveGrupo], [Valor]) VALUES (10, N'M60A64', 154)
INSERT INTO [DatosPadron] ([COD_BARRIO], [ClaveGrupo], [Valor]) VALUES (61, N'M60A64', 198)
INSERT INTO [DatosPadron] ([COD_BARRIO], [ClaveGrupo], [Valor]) VALUES (60, N'M60A64', 21)
INSERT INTO [DatosPadron] ([COD_BARRIO], [ClaveGrupo], [Valor]) VALUES (5, N'M60A64', 90)
INSERT INTO [DatosPadron] ([COD_BARRIO], [ClaveGrupo], [Valor]) VALUES (40, N'M60A64', 31)
INSERT INTO [DatosPadron] ([COD_BARRIO], [ClaveGrupo], [Valor]) VALUES (13, N'M60A64', 6)
INSERT INTO [DatosPadron] ([COD_BARRIO], [ClaveGrupo], [Valor]) VALUES (41, N'M60A64', 55)
INSERT INTO [DatosPadron] ([COD_BARRIO], [ClaveGrupo], [Valor]) VALUES (22, N'M60A64', 173)
INSERT INTO [DatosPadron] ([COD_BARRIO], [ClaveGrupo], [Valor]) VALUES (9, N'M60A64', 24)
INSERT INTO [DatosPadron] ([COD_BARRIO], [ClaveGrupo], [Valor]) VALUES (76, N'M60A64', 61)
INSERT INTO [DatosPadron] ([COD_BARRIO], [ClaveGrupo], [Valor]) VALUES (52, N'M60A64', 196)
INSERT INTO [DatosPadron] ([COD_BARRIO], [ClaveGrupo], [Valor]) VALUES (1, N'M60A64', 24)
INSERT INTO [DatosPadron] ([COD_BARRIO], [ClaveGrupo], [Valor]) VALUES (45, N'M60A64', 102)
INSERT INTO [DatosPadron] ([COD_BARRIO], [ClaveGrupo], [Valor]) VALUES (70, N'M60A64', 70)
INSERT INTO [DatosPadron] ([COD_BARRIO], [ClaveGrupo], [Valor]) VALUES (16, N'M60A64', 36)
INSERT INTO [DatosPadron] ([COD_BARRIO], [ClaveGrupo], [Valor]) VALUES (33, N'M60A64', 84)
INSERT INTO [DatosPadron] ([COD_BARRIO], [ClaveGrupo], [Valor]) VALUES (15, N'M60A64', 11)
INSERT INTO [DatosPadron] ([COD_BARRIO], [ClaveGrupo], [Valor]) VALUES (57, N'M60A64', 29)
INSERT INTO [DatosPadron] ([COD_BARRIO], [ClaveGrupo], [Valor]) VALUES (56, N'M60A64', 45)
INSERT INTO [DatosPadron] ([COD_BARRIO], [ClaveGrupo], [Valor]) VALUES (31, N'M60A64', 17)
INSERT INTO [DatosPadron] ([COD_BARRIO], [ClaveGrupo], [Valor]) VALUES (59, N'M60A64', 127)
INSERT INTO [DatosPadron] ([COD_BARRIO], [ClaveGrupo], [Valor]) VALUES (78, N'M60A64', 55)
INSERT INTO [DatosPadron] ([COD_BARRIO], [ClaveGrupo], [Valor]) VALUES (26, N'M60A64', 85)
INSERT INTO [DatosPadron] ([COD_BARRIO], [ClaveGrupo], [Valor]) VALUES (14, N'M60A64', 28)
INSERT INTO [DatosPadron] ([COD_BARRIO], [ClaveGrupo], [Valor]) VALUES (35, N'M60A64', 53)
INSERT INTO [DatosPadron] ([COD_BARRIO], [ClaveGrupo], [Valor]) VALUES (80, N'M60A64', 99)
INSERT INTO [DatosPadron] ([COD_BARRIO], [ClaveGrupo], [Valor]) VALUES (79, N'M60A64', 282)
INSERT INTO [DatosPadron] ([COD_BARRIO], [ClaveGrupo], [Valor]) VALUES (37, N'M65A69', 18)
INSERT INTO [DatosPadron] ([COD_BARRIO], [ClaveGrupo], [Valor]) VALUES (74, N'M65A69', 68)
INSERT INTO [DatosPadron] ([COD_BARRIO], [ClaveGrupo], [Valor]) VALUES (17, N'M65A69', 28)
INSERT INTO [DatosPadron] ([COD_BARRIO], [ClaveGrupo], [Valor]) VALUES (2, N'M65A69', 18)
INSERT INTO [DatosPadron] ([COD_BARRIO], [ClaveGrupo], [Valor]) VALUES (32, N'M65A69', 60)
INSERT INTO [DatosPadron] ([COD_BARRIO], [ClaveGrupo], [Valor]) VALUES (58, N'M65A69', 41)
INSERT INTO [DatosPadron] ([COD_BARRIO], [ClaveGrupo], [Valor]) VALUES (53, N'M65A69', 445)
INSERT INTO [DatosPadron] ([COD_BARRIO], [ClaveGrupo], [Valor]) VALUES (75, N'M65A69', 28)
INSERT INTO [DatosPadron] ([COD_BARRIO], [ClaveGrupo], [Valor]) VALUES (30, N'M65A69', 214)
INSERT INTO [DatosPadron] ([COD_BARRIO], [ClaveGrupo], [Valor]) VALUES (72, N'M65A69', 34)
INSERT INTO [DatosPadron] ([COD_BARRIO], [ClaveGrupo], [Valor]) VALUES (64, N'M65A69', 44)
go
INSERT INTO [DatosPadron] ([COD_BARRIO], [ClaveGrupo], [Valor]) VALUES (24, N'M65A69', 12)
INSERT INTO [DatosPadron] ([COD_BARRIO], [ClaveGrupo], [Valor]) VALUES (47, N'M65A69', 23)
INSERT INTO [DatosPadron] ([COD_BARRIO], [ClaveGrupo], [Valor]) VALUES (44, N'M65A69', 8)
INSERT INTO [DatosPadron] ([COD_BARRIO], [ClaveGrupo], [Valor]) VALUES (69, N'M65A69', 287)
INSERT INTO [DatosPadron] ([COD_BARRIO], [ClaveGrupo], [Valor]) VALUES (36, N'M65A69', 39)
INSERT INTO [DatosPadron] ([COD_BARRIO], [ClaveGrupo], [Valor]) VALUES (71, N'M65A69', 165)
INSERT INTO [DatosPadron] ([COD_BARRIO], [ClaveGrupo], [Valor]) VALUES (39, N'M65A69', 11)
INSERT INTO [DatosPadron] ([COD_BARRIO], [ClaveGrupo], [Valor]) VALUES (28, N'M65A69', 5)
INSERT INTO [DatosPadron] ([COD_BARRIO], [ClaveGrupo], [Valor]) VALUES (43, N'M65A69', 49)
INSERT INTO [DatosPadron] ([COD_BARRIO], [ClaveGrupo], [Valor]) VALUES (4, N'M65A69', 34)
INSERT INTO [DatosPadron] ([COD_BARRIO], [ClaveGrupo], [Valor]) VALUES (73, N'M65A69', 1)
INSERT INTO [DatosPadron] ([COD_BARRIO], [ClaveGrupo], [Valor]) VALUES (55, N'M65A69', 68)
INSERT INTO [DatosPadron] ([COD_BARRIO], [ClaveGrupo], [Valor]) VALUES (63, N'M65A69', 10)
INSERT INTO [DatosPadron] ([COD_BARRIO], [ClaveGrupo], [Valor]) VALUES (6, N'M65A69', 7)
INSERT INTO [DatosPadron] ([COD_BARRIO], [ClaveGrupo], [Valor]) VALUES (18, N'M65A69', 5)
INSERT INTO [DatosPadron] ([COD_BARRIO], [ClaveGrupo], [Valor]) VALUES (66, N'M65A69', 12)
INSERT INTO [DatosPadron] ([COD_BARRIO], [ClaveGrupo], [Valor]) VALUES (65, N'M65A69', 4)
INSERT INTO [DatosPadron] ([COD_BARRIO], [ClaveGrupo], [Valor]) VALUES (3, N'M65A69', 2)
INSERT INTO [DatosPadron] ([COD_BARRIO], [ClaveGrupo], [Valor]) VALUES (51, N'M65A69', 4)
INSERT INTO [DatosPadron] ([COD_BARRIO], [ClaveGrupo], [Valor]) VALUES (11, N'M65A69', 39)
INSERT INTO [DatosPadron] ([COD_BARRIO], [ClaveGrupo], [Valor]) VALUES (54, N'M65A69', 338)
INSERT INTO [DatosPadron] ([COD_BARRIO], [ClaveGrupo], [Valor]) VALUES (12, N'M65A69', 116)
INSERT INTO [DatosPadron] ([COD_BARRIO], [ClaveGrupo], [Valor]) VALUES (25, N'M65A69', 122)
INSERT INTO [DatosPadron] ([COD_BARRIO], [ClaveGrupo], [Valor]) VALUES (27, N'M65A69', 13)
INSERT INTO [DatosPadron] ([COD_BARRIO], [ClaveGrupo], [Valor]) VALUES (49, N'M65A69', 180)
INSERT INTO [DatosPadron] ([COD_BARRIO], [ClaveGrupo], [Valor]) VALUES (77, N'M65A69', 41)
INSERT INTO [DatosPadron] ([COD_BARRIO], [ClaveGrupo], [Valor]) VALUES (34, N'M65A69', 297)
INSERT INTO [DatosPadron] ([COD_BARRIO], [ClaveGrupo], [Valor]) VALUES (62, N'M65A69', 101)
INSERT INTO [DatosPadron] ([COD_BARRIO], [ClaveGrupo], [Valor]) VALUES (23, N'M65A69', 135)
INSERT INTO [DatosPadron] ([COD_BARRIO], [ClaveGrupo], [Valor]) VALUES (29, N'M65A69', 109)
INSERT INTO [DatosPadron] ([COD_BARRIO], [ClaveGrupo], [Valor]) VALUES (68, N'M65A69', 22)
INSERT INTO [DatosPadron] ([COD_BARRIO], [ClaveGrupo], [Valor]) VALUES (46, N'M65A69', 60)
INSERT INTO [DatosPadron] ([COD_BARRIO], [ClaveGrupo], [Valor]) VALUES (19, N'M65A69', 169)
INSERT INTO [DatosPadron] ([COD_BARRIO], [ClaveGrupo], [Valor]) VALUES (38, N'M65A69', 20)
INSERT INTO [DatosPadron] ([COD_BARRIO], [ClaveGrupo], [Valor]) VALUES (50, N'M65A69', 46)
INSERT INTO [DatosPadron] ([COD_BARRIO], [ClaveGrupo], [Valor]) VALUES (48, N'M65A69', 81)
INSERT INTO [DatosPadron] ([COD_BARRIO], [ClaveGrupo], [Valor]) VALUES (20, N'M65A69', 15)
INSERT INTO [DatosPadron] ([COD_BARRIO], [ClaveGrupo], [Valor]) VALUES (7, N'M65A69', 143)
INSERT INTO [DatosPadron] ([COD_BARRIO], [ClaveGrupo], [Valor]) VALUES (67, N'M65A69', 50)
INSERT INTO [DatosPadron] ([COD_BARRIO], [ClaveGrupo], [Valor]) VALUES (10, N'M65A69', 147)
INSERT INTO [DatosPadron] ([COD_BARRIO], [ClaveGrupo], [Valor]) VALUES (61, N'M65A69', 142)
INSERT INTO [DatosPadron] ([COD_BARRIO], [ClaveGrupo], [Valor]) VALUES (60, N'M65A69', 21)
INSERT INTO [DatosPadron] ([COD_BARRIO], [ClaveGrupo], [Valor]) VALUES (5, N'M65A69', 65)
INSERT INTO [DatosPadron] ([COD_BARRIO], [ClaveGrupo], [Valor]) VALUES (40, N'M65A69', 27)
INSERT INTO [DatosPadron] ([COD_BARRIO], [ClaveGrupo], [Valor]) VALUES (13, N'M65A69', 7)
INSERT INTO [DatosPadron] ([COD_BARRIO], [ClaveGrupo], [Valor]) VALUES (41, N'M65A69', 46)
INSERT INTO [DatosPadron] ([COD_BARRIO], [ClaveGrupo], [Valor]) VALUES (22, N'M65A69', 143)
INSERT INTO [DatosPadron] ([COD_BARRIO], [ClaveGrupo], [Valor]) VALUES (9, N'M65A69', 20)
INSERT INTO [DatosPadron] ([COD_BARRIO], [ClaveGrupo], [Valor]) VALUES (76, N'M65A69', 51)
INSERT INTO [DatosPadron] ([COD_BARRIO], [ClaveGrupo], [Valor]) VALUES (52, N'M65A69', 177)
INSERT INTO [DatosPadron] ([COD_BARRIO], [ClaveGrupo], [Valor]) VALUES (1, N'M65A69', 25)
INSERT INTO [DatosPadron] ([COD_BARRIO], [ClaveGrupo], [Valor]) VALUES (45, N'M65A69', 107)
INSERT INTO [DatosPadron] ([COD_BARRIO], [ClaveGrupo], [Valor]) VALUES (70, N'M65A69', 43)
INSERT INTO [DatosPadron] ([COD_BARRIO], [ClaveGrupo], [Valor]) VALUES (16, N'M65A69', 37)
INSERT INTO [DatosPadron] ([COD_BARRIO], [ClaveGrupo], [Valor]) VALUES (33, N'M65A69', 100)
INSERT INTO [DatosPadron] ([COD_BARRIO], [ClaveGrupo], [Valor]) VALUES (15, N'M65A69', 11)
INSERT INTO [DatosPadron] ([COD_BARRIO], [ClaveGrupo], [Valor]) VALUES (57, N'M65A69', 20)
INSERT INTO [DatosPadron] ([COD_BARRIO], [ClaveGrupo], [Valor]) VALUES (56, N'M65A69', 35)
INSERT INTO [DatosPadron] ([COD_BARRIO], [ClaveGrupo], [Valor]) VALUES (31, N'M65A69', 17)
INSERT INTO [DatosPadron] ([COD_BARRIO], [ClaveGrupo], [Valor]) VALUES (59, N'M65A69', 123)
INSERT INTO [DatosPadron] ([COD_BARRIO], [ClaveGrupo], [Valor]) VALUES (78, N'M65A69', 50)
INSERT INTO [DatosPadron] ([COD_BARRIO], [ClaveGrupo], [Valor]) VALUES (26, N'M65A69', 96)
INSERT INTO [DatosPadron] ([COD_BARRIO], [ClaveGrupo], [Valor]) VALUES (14, N'M65A69', 14)
INSERT INTO [DatosPadron] ([COD_BARRIO], [ClaveGrupo], [Valor]) VALUES (35, N'M65A69', 50)
INSERT INTO [DatosPadron] ([COD_BARRIO], [ClaveGrupo], [Valor]) VALUES (80, N'M65A69', 86)
INSERT INTO [DatosPadron] ([COD_BARRIO], [ClaveGrupo], [Valor]) VALUES (79, N'M65A69', 283)
INSERT INTO [DatosPadron] ([COD_BARRIO], [ClaveGrupo], [Valor]) VALUES (37, N'M70A74', 14)
INSERT INTO [DatosPadron] ([COD_BARRIO], [ClaveGrupo], [Valor]) VALUES (74, N'M70A74', 72)
INSERT INTO [DatosPadron] ([COD_BARRIO], [ClaveGrupo], [Valor]) VALUES (17, N'M70A74', 22)
INSERT INTO [DatosPadron] ([COD_BARRIO], [ClaveGrupo], [Valor]) VALUES (2, N'M70A74', 14)
INSERT INTO [DatosPadron] ([COD_BARRIO], [ClaveGrupo], [Valor]) VALUES (32, N'M70A74', 39)
INSERT INTO [DatosPadron] ([COD_BARRIO], [ClaveGrupo], [Valor]) VALUES (58, N'M70A74', 35)
INSERT INTO [DatosPadron] ([COD_BARRIO], [ClaveGrupo], [Valor]) VALUES (53, N'M70A74', 372)
INSERT INTO [DatosPadron] ([COD_BARRIO], [ClaveGrupo], [Valor]) VALUES (75, N'M70A74', 26)
INSERT INTO [DatosPadron] ([COD_BARRIO], [ClaveGrupo], [Valor]) VALUES (30, N'M70A74', 162)
INSERT INTO [DatosPadron] ([COD_BARRIO], [ClaveGrupo], [Valor]) VALUES (72, N'M70A74', 36)
INSERT INTO [DatosPadron] ([COD_BARRIO], [ClaveGrupo], [Valor]) VALUES (64, N'M70A74', 37)
INSERT INTO [DatosPadron] ([COD_BARRIO], [ClaveGrupo], [Valor]) VALUES (24, N'M70A74', 11)
INSERT INTO [DatosPadron] ([COD_BARRIO], [ClaveGrupo], [Valor]) VALUES (47, N'M70A74', 25)
INSERT INTO [DatosPadron] ([COD_BARRIO], [ClaveGrupo], [Valor]) VALUES (44, N'M70A74', 13)
INSERT INTO [DatosPadron] ([COD_BARRIO], [ClaveGrupo], [Valor]) VALUES (69, N'M70A74', 294)
INSERT INTO [DatosPadron] ([COD_BARRIO], [ClaveGrupo], [Valor]) VALUES (36, N'M70A74', 29)
INSERT INTO [DatosPadron] ([COD_BARRIO], [ClaveGrupo], [Valor]) VALUES (71, N'M70A74', 166)
INSERT INTO [DatosPadron] ([COD_BARRIO], [ClaveGrupo], [Valor]) VALUES (39, N'M70A74', 9)
INSERT INTO [DatosPadron] ([COD_BARRIO], [ClaveGrupo], [Valor]) VALUES (28, N'M70A74', 7)
INSERT INTO [DatosPadron] ([COD_BARRIO], [ClaveGrupo], [Valor]) VALUES (43, N'M70A74', 37)
INSERT INTO [DatosPadron] ([COD_BARRIO], [ClaveGrupo], [Valor]) VALUES (4, N'M70A74', 43)
INSERT INTO [DatosPadron] ([COD_BARRIO], [ClaveGrupo], [Valor]) VALUES (55, N'M70A74', 70)
INSERT INTO [DatosPadron] ([COD_BARRIO], [ClaveGrupo], [Valor]) VALUES (63, N'M70A74', 17)
INSERT INTO [DatosPadron] ([COD_BARRIO], [ClaveGrupo], [Valor]) VALUES (6, N'M70A74', 8)
INSERT INTO [DatosPadron] ([COD_BARRIO], [ClaveGrupo], [Valor]) VALUES (8, N'M70A74', 1)
INSERT INTO [DatosPadron] ([COD_BARRIO], [ClaveGrupo], [Valor]) VALUES (18, N'M70A74', 6)
INSERT INTO [DatosPadron] ([COD_BARRIO], [ClaveGrupo], [Valor]) VALUES (66, N'M70A74', 18)
INSERT INTO [DatosPadron] ([COD_BARRIO], [ClaveGrupo], [Valor]) VALUES (65, N'M70A74', 2)
INSERT INTO [DatosPadron] ([COD_BARRIO], [ClaveGrupo], [Valor]) VALUES (3, N'M70A74', 3)
INSERT INTO [DatosPadron] ([COD_BARRIO], [ClaveGrupo], [Valor]) VALUES (51, N'M70A74', 6)
go
INSERT INTO [DatosPadron] ([COD_BARRIO], [ClaveGrupo], [Valor]) VALUES (11, N'M70A74', 37)
INSERT INTO [DatosPadron] ([COD_BARRIO], [ClaveGrupo], [Valor]) VALUES (54, N'M70A74', 317)
INSERT INTO [DatosPadron] ([COD_BARRIO], [ClaveGrupo], [Valor]) VALUES (12, N'M70A74', 85)
INSERT INTO [DatosPadron] ([COD_BARRIO], [ClaveGrupo], [Valor]) VALUES (25, N'M70A74', 101)
INSERT INTO [DatosPadron] ([COD_BARRIO], [ClaveGrupo], [Valor]) VALUES (27, N'M70A74', 13)
INSERT INTO [DatosPadron] ([COD_BARRIO], [ClaveGrupo], [Valor]) VALUES (49, N'M70A74', 127)
INSERT INTO [DatosPadron] ([COD_BARRIO], [ClaveGrupo], [Valor]) VALUES (77, N'M70A74', 41)
INSERT INTO [DatosPadron] ([COD_BARRIO], [ClaveGrupo], [Valor]) VALUES (34, N'M70A74', 273)
INSERT INTO [DatosPadron] ([COD_BARRIO], [ClaveGrupo], [Valor]) VALUES (62, N'M70A74', 85)
INSERT INTO [DatosPadron] ([COD_BARRIO], [ClaveGrupo], [Valor]) VALUES (23, N'M70A74', 134)
INSERT INTO [DatosPadron] ([COD_BARRIO], [ClaveGrupo], [Valor]) VALUES (29, N'M70A74', 113)
INSERT INTO [DatosPadron] ([COD_BARRIO], [ClaveGrupo], [Valor]) VALUES (68, N'M70A74', 36)
INSERT INTO [DatosPadron] ([COD_BARRIO], [ClaveGrupo], [Valor]) VALUES (46, N'M70A74', 62)
INSERT INTO [DatosPadron] ([COD_BARRIO], [ClaveGrupo], [Valor]) VALUES (19, N'M70A74', 114)
INSERT INTO [DatosPadron] ([COD_BARRIO], [ClaveGrupo], [Valor]) VALUES (38, N'M70A74', 55)
INSERT INTO [DatosPadron] ([COD_BARRIO], [ClaveGrupo], [Valor]) VALUES (50, N'M70A74', 38)
INSERT INTO [DatosPadron] ([COD_BARRIO], [ClaveGrupo], [Valor]) VALUES (48, N'M70A74', 56)
INSERT INTO [DatosPadron] ([COD_BARRIO], [ClaveGrupo], [Valor]) VALUES (20, N'M70A74', 20)
INSERT INTO [DatosPadron] ([COD_BARRIO], [ClaveGrupo], [Valor]) VALUES (7, N'M70A74', 93)
INSERT INTO [DatosPadron] ([COD_BARRIO], [ClaveGrupo], [Valor]) VALUES (67, N'M70A74', 62)
INSERT INTO [DatosPadron] ([COD_BARRIO], [ClaveGrupo], [Valor]) VALUES (10, N'M70A74', 119)
INSERT INTO [DatosPadron] ([COD_BARRIO], [ClaveGrupo], [Valor]) VALUES (61, N'M70A74', 118)
INSERT INTO [DatosPadron] ([COD_BARRIO], [ClaveGrupo], [Valor]) VALUES (60, N'M70A74', 28)
INSERT INTO [DatosPadron] ([COD_BARRIO], [ClaveGrupo], [Valor]) VALUES (5, N'M70A74', 45)
INSERT INTO [DatosPadron] ([COD_BARRIO], [ClaveGrupo], [Valor]) VALUES (40, N'M70A74', 14)
INSERT INTO [DatosPadron] ([COD_BARRIO], [ClaveGrupo], [Valor]) VALUES (13, N'M70A74', 7)
INSERT INTO [DatosPadron] ([COD_BARRIO], [ClaveGrupo], [Valor]) VALUES (41, N'M70A74', 38)
INSERT INTO [DatosPadron] ([COD_BARRIO], [ClaveGrupo], [Valor]) VALUES (22, N'M70A74', 102)
INSERT INTO [DatosPadron] ([COD_BARRIO], [ClaveGrupo], [Valor]) VALUES (9, N'M70A74', 29)
INSERT INTO [DatosPadron] ([COD_BARRIO], [ClaveGrupo], [Valor]) VALUES (76, N'M70A74', 48)
INSERT INTO [DatosPadron] ([COD_BARRIO], [ClaveGrupo], [Valor]) VALUES (52, N'M70A74', 133)
INSERT INTO [DatosPadron] ([COD_BARRIO], [ClaveGrupo], [Valor]) VALUES (1, N'M70A74', 5)
INSERT INTO [DatosPadron] ([COD_BARRIO], [ClaveGrupo], [Valor]) VALUES (45, N'M70A74', 101)
INSERT INTO [DatosPadron] ([COD_BARRIO], [ClaveGrupo], [Valor]) VALUES (70, N'M70A74', 26)
INSERT INTO [DatosPadron] ([COD_BARRIO], [ClaveGrupo], [Valor]) VALUES (16, N'M70A74', 24)
INSERT INTO [DatosPadron] ([COD_BARRIO], [ClaveGrupo], [Valor]) VALUES (33, N'M70A74', 85)
INSERT INTO [DatosPadron] ([COD_BARRIO], [ClaveGrupo], [Valor]) VALUES (15, N'M70A74', 11)
INSERT INTO [DatosPadron] ([COD_BARRIO], [ClaveGrupo], [Valor]) VALUES (57, N'M70A74', 16)
INSERT INTO [DatosPadron] ([COD_BARRIO], [ClaveGrupo], [Valor]) VALUES (56, N'M70A74', 16)
INSERT INTO [DatosPadron] ([COD_BARRIO], [ClaveGrupo], [Valor]) VALUES (31, N'M70A74', 12)
INSERT INTO [DatosPadron] ([COD_BARRIO], [ClaveGrupo], [Valor]) VALUES (59, N'M70A74', 90)
INSERT INTO [DatosPadron] ([COD_BARRIO], [ClaveGrupo], [Valor]) VALUES (78, N'M70A74', 42)
INSERT INTO [DatosPadron] ([COD_BARRIO], [ClaveGrupo], [Valor]) VALUES (26, N'M70A74', 98)
INSERT INTO [DatosPadron] ([COD_BARRIO], [ClaveGrupo], [Valor]) VALUES (14, N'M70A74', 13)
INSERT INTO [DatosPadron] ([COD_BARRIO], [ClaveGrupo], [Valor]) VALUES (35, N'M70A74', 45)
INSERT INTO [DatosPadron] ([COD_BARRIO], [ClaveGrupo], [Valor]) VALUES (80, N'M70A74', 69)
INSERT INTO [DatosPadron] ([COD_BARRIO], [ClaveGrupo], [Valor]) VALUES (79, N'M70A74', 254)
INSERT INTO [DatosPadron] ([COD_BARRIO], [ClaveGrupo], [Valor]) VALUES (37, N'M75A79', 16)
INSERT INTO [DatosPadron] ([COD_BARRIO], [ClaveGrupo], [Valor]) VALUES (74, N'M75A79', 65)
INSERT INTO [DatosPadron] ([COD_BARRIO], [ClaveGrupo], [Valor]) VALUES (17, N'M75A79', 19)
INSERT INTO [DatosPadron] ([COD_BARRIO], [ClaveGrupo], [Valor]) VALUES (2, N'M75A79', 9)
INSERT INTO [DatosPadron] ([COD_BARRIO], [ClaveGrupo], [Valor]) VALUES (32, N'M75A79', 27)
INSERT INTO [DatosPadron] ([COD_BARRIO], [ClaveGrupo], [Valor]) VALUES (58, N'M75A79', 28)
INSERT INTO [DatosPadron] ([COD_BARRIO], [ClaveGrupo], [Valor]) VALUES (53, N'M75A79', 297)
INSERT INTO [DatosPadron] ([COD_BARRIO], [ClaveGrupo], [Valor]) VALUES (75, N'M75A79', 22)
INSERT INTO [DatosPadron] ([COD_BARRIO], [ClaveGrupo], [Valor]) VALUES (30, N'M75A79', 144)
INSERT INTO [DatosPadron] ([COD_BARRIO], [ClaveGrupo], [Valor]) VALUES (72, N'M75A79', 31)
INSERT INTO [DatosPadron] ([COD_BARRIO], [ClaveGrupo], [Valor]) VALUES (64, N'M75A79', 31)
INSERT INTO [DatosPadron] ([COD_BARRIO], [ClaveGrupo], [Valor]) VALUES (24, N'M75A79', 8)
INSERT INTO [DatosPadron] ([COD_BARRIO], [ClaveGrupo], [Valor]) VALUES (47, N'M75A79', 14)
INSERT INTO [DatosPadron] ([COD_BARRIO], [ClaveGrupo], [Valor]) VALUES (44, N'M75A79', 4)
INSERT INTO [DatosPadron] ([COD_BARRIO], [ClaveGrupo], [Valor]) VALUES (69, N'M75A79', 263)
INSERT INTO [DatosPadron] ([COD_BARRIO], [ClaveGrupo], [Valor]) VALUES (36, N'M75A79', 13)
INSERT INTO [DatosPadron] ([COD_BARRIO], [ClaveGrupo], [Valor]) VALUES (71, N'M75A79', 89)
INSERT INTO [DatosPadron] ([COD_BARRIO], [ClaveGrupo], [Valor]) VALUES (39, N'M75A79', 5)
INSERT INTO [DatosPadron] ([COD_BARRIO], [ClaveGrupo], [Valor]) VALUES (28, N'M75A79', 9)
INSERT INTO [DatosPadron] ([COD_BARRIO], [ClaveGrupo], [Valor]) VALUES (43, N'M75A79', 31)
INSERT INTO [DatosPadron] ([COD_BARRIO], [ClaveGrupo], [Valor]) VALUES (4, N'M75A79', 29)
INSERT INTO [DatosPadron] ([COD_BARRIO], [ClaveGrupo], [Valor]) VALUES (73, N'M75A79', 1)
INSERT INTO [DatosPadron] ([COD_BARRIO], [ClaveGrupo], [Valor]) VALUES (55, N'M75A79', 62)
INSERT INTO [DatosPadron] ([COD_BARRIO], [ClaveGrupo], [Valor]) VALUES (63, N'M75A79', 7)
INSERT INTO [DatosPadron] ([COD_BARRIO], [ClaveGrupo], [Valor]) VALUES (42, N'M75A79', 2)
INSERT INTO [DatosPadron] ([COD_BARRIO], [ClaveGrupo], [Valor]) VALUES (21, N'M75A79', 3)
INSERT INTO [DatosPadron] ([COD_BARRIO], [ClaveGrupo], [Valor]) VALUES (6, N'M75A79', 7)
INSERT INTO [DatosPadron] ([COD_BARRIO], [ClaveGrupo], [Valor]) VALUES (18, N'M75A79', 2)
INSERT INTO [DatosPadron] ([COD_BARRIO], [ClaveGrupo], [Valor]) VALUES (66, N'M75A79', 22)
INSERT INTO [DatosPadron] ([COD_BARRIO], [ClaveGrupo], [Valor]) VALUES (65, N'M75A79', 1)
INSERT INTO [DatosPadron] ([COD_BARRIO], [ClaveGrupo], [Valor]) VALUES (3, N'M75A79', 6)
INSERT INTO [DatosPadron] ([COD_BARRIO], [ClaveGrupo], [Valor]) VALUES (51, N'M75A79', 6)
INSERT INTO [DatosPadron] ([COD_BARRIO], [ClaveGrupo], [Valor]) VALUES (11, N'M75A79', 20)
INSERT INTO [DatosPadron] ([COD_BARRIO], [ClaveGrupo], [Valor]) VALUES (54, N'M75A79', 318)
INSERT INTO [DatosPadron] ([COD_BARRIO], [ClaveGrupo], [Valor]) VALUES (12, N'M75A79', 92)
INSERT INTO [DatosPadron] ([COD_BARRIO], [ClaveGrupo], [Valor]) VALUES (25, N'M75A79', 95)
INSERT INTO [DatosPadron] ([COD_BARRIO], [ClaveGrupo], [Valor]) VALUES (27, N'M75A79', 10)
INSERT INTO [DatosPadron] ([COD_BARRIO], [ClaveGrupo], [Valor]) VALUES (49, N'M75A79', 79)
INSERT INTO [DatosPadron] ([COD_BARRIO], [ClaveGrupo], [Valor]) VALUES (77, N'M75A79', 22)
INSERT INTO [DatosPadron] ([COD_BARRIO], [ClaveGrupo], [Valor]) VALUES (34, N'M75A79', 212)
INSERT INTO [DatosPadron] ([COD_BARRIO], [ClaveGrupo], [Valor]) VALUES (62, N'M75A79', 83)
INSERT INTO [DatosPadron] ([COD_BARRIO], [ClaveGrupo], [Valor]) VALUES (23, N'M75A79', 90)
INSERT INTO [DatosPadron] ([COD_BARRIO], [ClaveGrupo], [Valor]) VALUES (29, N'M75A79', 86)
INSERT INTO [DatosPadron] ([COD_BARRIO], [ClaveGrupo], [Valor]) VALUES (68, N'M75A79', 50)
INSERT INTO [DatosPadron] ([COD_BARRIO], [ClaveGrupo], [Valor]) VALUES (46, N'M75A79', 56)
INSERT INTO [DatosPadron] ([COD_BARRIO], [ClaveGrupo], [Valor]) VALUES (19, N'M75A79', 73)
INSERT INTO [DatosPadron] ([COD_BARRIO], [ClaveGrupo], [Valor]) VALUES (38, N'M75A79', 42)
INSERT INTO [DatosPadron] ([COD_BARRIO], [ClaveGrupo], [Valor]) VALUES (50, N'M75A79', 27)
INSERT INTO [DatosPadron] ([COD_BARRIO], [ClaveGrupo], [Valor]) VALUES (48, N'M75A79', 34)
go
INSERT INTO [DatosPadron] ([COD_BARRIO], [ClaveGrupo], [Valor]) VALUES (20, N'M75A79', 33)
INSERT INTO [DatosPadron] ([COD_BARRIO], [ClaveGrupo], [Valor]) VALUES (7, N'M75A79', 65)
INSERT INTO [DatosPadron] ([COD_BARRIO], [ClaveGrupo], [Valor]) VALUES (67, N'M75A79', 44)
INSERT INTO [DatosPadron] ([COD_BARRIO], [ClaveGrupo], [Valor]) VALUES (10, N'M75A79', 102)
INSERT INTO [DatosPadron] ([COD_BARRIO], [ClaveGrupo], [Valor]) VALUES (61, N'M75A79', 90)
INSERT INTO [DatosPadron] ([COD_BARRIO], [ClaveGrupo], [Valor]) VALUES (60, N'M75A79', 44)
INSERT INTO [DatosPadron] ([COD_BARRIO], [ClaveGrupo], [Valor]) VALUES (5, N'M75A79', 38)
INSERT INTO [DatosPadron] ([COD_BARRIO], [ClaveGrupo], [Valor]) VALUES (40, N'M75A79', 16)
INSERT INTO [DatosPadron] ([COD_BARRIO], [ClaveGrupo], [Valor]) VALUES (13, N'M75A79', 10)
INSERT INTO [DatosPadron] ([COD_BARRIO], [ClaveGrupo], [Valor]) VALUES (41, N'M75A79', 24)
INSERT INTO [DatosPadron] ([COD_BARRIO], [ClaveGrupo], [Valor]) VALUES (22, N'M75A79', 68)
INSERT INTO [DatosPadron] ([COD_BARRIO], [ClaveGrupo], [Valor]) VALUES (9, N'M75A79', 20)
INSERT INTO [DatosPadron] ([COD_BARRIO], [ClaveGrupo], [Valor]) VALUES (76, N'M75A79', 41)
INSERT INTO [DatosPadron] ([COD_BARRIO], [ClaveGrupo], [Valor]) VALUES (52, N'M75A79', 128)
INSERT INTO [DatosPadron] ([COD_BARRIO], [ClaveGrupo], [Valor]) VALUES (1, N'M75A79', 11)
INSERT INTO [DatosPadron] ([COD_BARRIO], [ClaveGrupo], [Valor]) VALUES (45, N'M75A79', 71)
INSERT INTO [DatosPadron] ([COD_BARRIO], [ClaveGrupo], [Valor]) VALUES (70, N'M75A79', 16)
INSERT INTO [DatosPadron] ([COD_BARRIO], [ClaveGrupo], [Valor]) VALUES (16, N'M75A79', 19)
INSERT INTO [DatosPadron] ([COD_BARRIO], [ClaveGrupo], [Valor]) VALUES (33, N'M75A79', 81)
INSERT INTO [DatosPadron] ([COD_BARRIO], [ClaveGrupo], [Valor]) VALUES (15, N'M75A79', 13)
INSERT INTO [DatosPadron] ([COD_BARRIO], [ClaveGrupo], [Valor]) VALUES (57, N'M75A79', 14)
INSERT INTO [DatosPadron] ([COD_BARRIO], [ClaveGrupo], [Valor]) VALUES (56, N'M75A79', 33)
INSERT INTO [DatosPadron] ([COD_BARRIO], [ClaveGrupo], [Valor]) VALUES (31, N'M75A79', 11)
INSERT INTO [DatosPadron] ([COD_BARRIO], [ClaveGrupo], [Valor]) VALUES (59, N'M75A79', 76)
INSERT INTO [DatosPadron] ([COD_BARRIO], [ClaveGrupo], [Valor]) VALUES (78, N'M75A79', 37)
INSERT INTO [DatosPadron] ([COD_BARRIO], [ClaveGrupo], [Valor]) VALUES (26, N'M75A79', 74)
INSERT INTO [DatosPadron] ([COD_BARRIO], [ClaveGrupo], [Valor]) VALUES (14, N'M75A79', 12)
INSERT INTO [DatosPadron] ([COD_BARRIO], [ClaveGrupo], [Valor]) VALUES (35, N'M75A79', 46)
INSERT INTO [DatosPadron] ([COD_BARRIO], [ClaveGrupo], [Valor]) VALUES (80, N'M75A79', 58)
INSERT INTO [DatosPadron] ([COD_BARRIO], [ClaveGrupo], [Valor]) VALUES (79, N'M75A79', 204)
INSERT INTO [DatosPadron] ([COD_BARRIO], [ClaveGrupo], [Valor]) VALUES (37, N'M80A84', 6)
INSERT INTO [DatosPadron] ([COD_BARRIO], [ClaveGrupo], [Valor]) VALUES (74, N'M80A84', 59)
INSERT INTO [DatosPadron] ([COD_BARRIO], [ClaveGrupo], [Valor]) VALUES (17, N'M80A84', 16)
INSERT INTO [DatosPadron] ([COD_BARRIO], [ClaveGrupo], [Valor]) VALUES (2, N'M80A84', 9)
INSERT INTO [DatosPadron] ([COD_BARRIO], [ClaveGrupo], [Valor]) VALUES (32, N'M80A84', 9)
INSERT INTO [DatosPadron] ([COD_BARRIO], [ClaveGrupo], [Valor]) VALUES (58, N'M80A84', 34)
INSERT INTO [DatosPadron] ([COD_BARRIO], [ClaveGrupo], [Valor]) VALUES (53, N'M80A84', 224)
INSERT INTO [DatosPadron] ([COD_BARRIO], [ClaveGrupo], [Valor]) VALUES (75, N'M80A84', 29)
INSERT INTO [DatosPadron] ([COD_BARRIO], [ClaveGrupo], [Valor]) VALUES (30, N'M80A84', 153)
INSERT INTO [DatosPadron] ([COD_BARRIO], [ClaveGrupo], [Valor]) VALUES (72, N'M80A84', 28)
INSERT INTO [DatosPadron] ([COD_BARRIO], [ClaveGrupo], [Valor]) VALUES (64, N'M80A84', 28)
INSERT INTO [DatosPadron] ([COD_BARRIO], [ClaveGrupo], [Valor]) VALUES (24, N'M80A84', 5)
INSERT INTO [DatosPadron] ([COD_BARRIO], [ClaveGrupo], [Valor]) VALUES (47, N'M80A84', 14)
INSERT INTO [DatosPadron] ([COD_BARRIO], [ClaveGrupo], [Valor]) VALUES (44, N'M80A84', 8)
INSERT INTO [DatosPadron] ([COD_BARRIO], [ClaveGrupo], [Valor]) VALUES (69, N'M80A84', 213)
INSERT INTO [DatosPadron] ([COD_BARRIO], [ClaveGrupo], [Valor]) VALUES (36, N'M80A84', 7)
INSERT INTO [DatosPadron] ([COD_BARRIO], [ClaveGrupo], [Valor]) VALUES (71, N'M80A84', 71)
INSERT INTO [DatosPadron] ([COD_BARRIO], [ClaveGrupo], [Valor]) VALUES (39, N'M80A84', 4)
INSERT INTO [DatosPadron] ([COD_BARRIO], [ClaveGrupo], [Valor]) VALUES (28, N'M80A84', 6)
INSERT INTO [DatosPadron] ([COD_BARRIO], [ClaveGrupo], [Valor]) VALUES (43, N'M80A84', 26)
INSERT INTO [DatosPadron] ([COD_BARRIO], [ClaveGrupo], [Valor]) VALUES (4, N'M80A84', 29)
INSERT INTO [DatosPadron] ([COD_BARRIO], [ClaveGrupo], [Valor]) VALUES (73, N'M80A84', 2)
INSERT INTO [DatosPadron] ([COD_BARRIO], [ClaveGrupo], [Valor]) VALUES (55, N'M80A84', 61)
INSERT INTO [DatosPadron] ([COD_BARRIO], [ClaveGrupo], [Valor]) VALUES (63, N'M80A84', 7)
INSERT INTO [DatosPadron] ([COD_BARRIO], [ClaveGrupo], [Valor]) VALUES (42, N'M80A84', 3)
INSERT INTO [DatosPadron] ([COD_BARRIO], [ClaveGrupo], [Valor]) VALUES (21, N'M80A84', 1)
INSERT INTO [DatosPadron] ([COD_BARRIO], [ClaveGrupo], [Valor]) VALUES (6, N'M80A84', 4)
INSERT INTO [DatosPadron] ([COD_BARRIO], [ClaveGrupo], [Valor]) VALUES (8, N'M80A84', 1)
INSERT INTO [DatosPadron] ([COD_BARRIO], [ClaveGrupo], [Valor]) VALUES (18, N'M80A84', 6)
INSERT INTO [DatosPadron] ([COD_BARRIO], [ClaveGrupo], [Valor]) VALUES (66, N'M80A84', 15)
INSERT INTO [DatosPadron] ([COD_BARRIO], [ClaveGrupo], [Valor]) VALUES (65, N'M80A84', 2)
INSERT INTO [DatosPadron] ([COD_BARRIO], [ClaveGrupo], [Valor]) VALUES (3, N'M80A84', 1)
INSERT INTO [DatosPadron] ([COD_BARRIO], [ClaveGrupo], [Valor]) VALUES (51, N'M80A84', 1)
INSERT INTO [DatosPadron] ([COD_BARRIO], [ClaveGrupo], [Valor]) VALUES (11, N'M80A84', 35)
INSERT INTO [DatosPadron] ([COD_BARRIO], [ClaveGrupo], [Valor]) VALUES (54, N'M80A84', 328)
INSERT INTO [DatosPadron] ([COD_BARRIO], [ClaveGrupo], [Valor]) VALUES (12, N'M80A84', 84)
INSERT INTO [DatosPadron] ([COD_BARRIO], [ClaveGrupo], [Valor]) VALUES (25, N'M80A84', 80)
INSERT INTO [DatosPadron] ([COD_BARRIO], [ClaveGrupo], [Valor]) VALUES (27, N'M80A84', 9)
INSERT INTO [DatosPadron] ([COD_BARRIO], [ClaveGrupo], [Valor]) VALUES (49, N'M80A84', 78)
INSERT INTO [DatosPadron] ([COD_BARRIO], [ClaveGrupo], [Valor]) VALUES (77, N'M80A84', 15)
INSERT INTO [DatosPadron] ([COD_BARRIO], [ClaveGrupo], [Valor]) VALUES (34, N'M80A84', 186)
INSERT INTO [DatosPadron] ([COD_BARRIO], [ClaveGrupo], [Valor]) VALUES (62, N'M80A84', 94)
INSERT INTO [DatosPadron] ([COD_BARRIO], [ClaveGrupo], [Valor]) VALUES (23, N'M80A84', 65)
INSERT INTO [DatosPadron] ([COD_BARRIO], [ClaveGrupo], [Valor]) VALUES (29, N'M80A84', 59)
INSERT INTO [DatosPadron] ([COD_BARRIO], [ClaveGrupo], [Valor]) VALUES (68, N'M80A84', 44)
INSERT INTO [DatosPadron] ([COD_BARRIO], [ClaveGrupo], [Valor]) VALUES (46, N'M80A84', 59)
INSERT INTO [DatosPadron] ([COD_BARRIO], [ClaveGrupo], [Valor]) VALUES (19, N'M80A84', 52)
INSERT INTO [DatosPadron] ([COD_BARRIO], [ClaveGrupo], [Valor]) VALUES (38, N'M80A84', 39)
INSERT INTO [DatosPadron] ([COD_BARRIO], [ClaveGrupo], [Valor]) VALUES (50, N'M80A84', 17)
INSERT INTO [DatosPadron] ([COD_BARRIO], [ClaveGrupo], [Valor]) VALUES (48, N'M80A84', 27)
INSERT INTO [DatosPadron] ([COD_BARRIO], [ClaveGrupo], [Valor]) VALUES (20, N'M80A84', 16)
INSERT INTO [DatosPadron] ([COD_BARRIO], [ClaveGrupo], [Valor]) VALUES (7, N'M80A84', 46)
INSERT INTO [DatosPadron] ([COD_BARRIO], [ClaveGrupo], [Valor]) VALUES (67, N'M80A84', 49)
INSERT INTO [DatosPadron] ([COD_BARRIO], [ClaveGrupo], [Valor]) VALUES (10, N'M80A84', 68)
INSERT INTO [DatosPadron] ([COD_BARRIO], [ClaveGrupo], [Valor]) VALUES (61, N'M80A84', 78)
INSERT INTO [DatosPadron] ([COD_BARRIO], [ClaveGrupo], [Valor]) VALUES (60, N'M80A84', 30)
INSERT INTO [DatosPadron] ([COD_BARRIO], [ClaveGrupo], [Valor]) VALUES (5, N'M80A84', 30)
INSERT INTO [DatosPadron] ([COD_BARRIO], [ClaveGrupo], [Valor]) VALUES (40, N'M80A84', 15)
INSERT INTO [DatosPadron] ([COD_BARRIO], [ClaveGrupo], [Valor]) VALUES (13, N'M80A84', 8)
INSERT INTO [DatosPadron] ([COD_BARRIO], [ClaveGrupo], [Valor]) VALUES (41, N'M80A84', 16)
INSERT INTO [DatosPadron] ([COD_BARRIO], [ClaveGrupo], [Valor]) VALUES (22, N'M80A84', 79)
INSERT INTO [DatosPadron] ([COD_BARRIO], [ClaveGrupo], [Valor]) VALUES (9, N'M80A84', 15)
INSERT INTO [DatosPadron] ([COD_BARRIO], [ClaveGrupo], [Valor]) VALUES (76, N'M80A84', 25)
INSERT INTO [DatosPadron] ([COD_BARRIO], [ClaveGrupo], [Valor]) VALUES (52, N'M80A84', 136)
INSERT INTO [DatosPadron] ([COD_BARRIO], [ClaveGrupo], [Valor]) VALUES (1, N'M80A84', 9)
INSERT INTO [DatosPadron] ([COD_BARRIO], [ClaveGrupo], [Valor]) VALUES (45, N'M80A84', 50)
go
INSERT INTO [DatosPadron] ([COD_BARRIO], [ClaveGrupo], [Valor]) VALUES (70, N'M80A84', 7)
INSERT INTO [DatosPadron] ([COD_BARRIO], [ClaveGrupo], [Valor]) VALUES (16, N'M80A84', 20)
INSERT INTO [DatosPadron] ([COD_BARRIO], [ClaveGrupo], [Valor]) VALUES (33, N'M80A84', 93)
INSERT INTO [DatosPadron] ([COD_BARRIO], [ClaveGrupo], [Valor]) VALUES (15, N'M80A84', 9)
INSERT INTO [DatosPadron] ([COD_BARRIO], [ClaveGrupo], [Valor]) VALUES (57, N'M80A84', 23)
INSERT INTO [DatosPadron] ([COD_BARRIO], [ClaveGrupo], [Valor]) VALUES (56, N'M80A84', 37)
INSERT INTO [DatosPadron] ([COD_BARRIO], [ClaveGrupo], [Valor]) VALUES (31, N'M80A84', 13)
INSERT INTO [DatosPadron] ([COD_BARRIO], [ClaveGrupo], [Valor]) VALUES (59, N'M80A84', 74)
INSERT INTO [DatosPadron] ([COD_BARRIO], [ClaveGrupo], [Valor]) VALUES (78, N'M80A84', 29)
INSERT INTO [DatosPadron] ([COD_BARRIO], [ClaveGrupo], [Valor]) VALUES (26, N'M80A84', 74)
INSERT INTO [DatosPadron] ([COD_BARRIO], [ClaveGrupo], [Valor]) VALUES (14, N'M80A84', 4)
INSERT INTO [DatosPadron] ([COD_BARRIO], [ClaveGrupo], [Valor]) VALUES (35, N'M80A84', 37)
INSERT INTO [DatosPadron] ([COD_BARRIO], [ClaveGrupo], [Valor]) VALUES (80, N'M80A84', 63)
INSERT INTO [DatosPadron] ([COD_BARRIO], [ClaveGrupo], [Valor]) VALUES (79, N'M80A84', 162)
INSERT INTO [DatosPadron] ([COD_BARRIO], [ClaveGrupo], [Valor]) VALUES (37, N'M85A89', 10)
INSERT INTO [DatosPadron] ([COD_BARRIO], [ClaveGrupo], [Valor]) VALUES (74, N'M85A89', 23)
INSERT INTO [DatosPadron] ([COD_BARRIO], [ClaveGrupo], [Valor]) VALUES (17, N'M85A89', 7)
INSERT INTO [DatosPadron] ([COD_BARRIO], [ClaveGrupo], [Valor]) VALUES (2, N'M85A89', 4)
INSERT INTO [DatosPadron] ([COD_BARRIO], [ClaveGrupo], [Valor]) VALUES (32, N'M85A89', 8)
INSERT INTO [DatosPadron] ([COD_BARRIO], [ClaveGrupo], [Valor]) VALUES (58, N'M85A89', 19)
INSERT INTO [DatosPadron] ([COD_BARRIO], [ClaveGrupo], [Valor]) VALUES (53, N'M85A89', 161)
INSERT INTO [DatosPadron] ([COD_BARRIO], [ClaveGrupo], [Valor]) VALUES (75, N'M85A89', 26)
INSERT INTO [DatosPadron] ([COD_BARRIO], [ClaveGrupo], [Valor]) VALUES (30, N'M85A89', 100)
INSERT INTO [DatosPadron] ([COD_BARRIO], [ClaveGrupo], [Valor]) VALUES (72, N'M85A89', 27)
INSERT INTO [DatosPadron] ([COD_BARRIO], [ClaveGrupo], [Valor]) VALUES (64, N'M85A89', 9)
INSERT INTO [DatosPadron] ([COD_BARRIO], [ClaveGrupo], [Valor]) VALUES (24, N'M85A89', 2)
INSERT INTO [DatosPadron] ([COD_BARRIO], [ClaveGrupo], [Valor]) VALUES (47, N'M85A89', 8)
INSERT INTO [DatosPadron] ([COD_BARRIO], [ClaveGrupo], [Valor]) VALUES (44, N'M85A89', 5)
INSERT INTO [DatosPadron] ([COD_BARRIO], [ClaveGrupo], [Valor]) VALUES (69, N'M85A89', 147)
INSERT INTO [DatosPadron] ([COD_BARRIO], [ClaveGrupo], [Valor]) VALUES (36, N'M85A89', 6)
INSERT INTO [DatosPadron] ([COD_BARRIO], [ClaveGrupo], [Valor]) VALUES (71, N'M85A89', 34)
INSERT INTO [DatosPadron] ([COD_BARRIO], [ClaveGrupo], [Valor]) VALUES (39, N'M85A89', 8)
INSERT INTO [DatosPadron] ([COD_BARRIO], [ClaveGrupo], [Valor]) VALUES (28, N'M85A89', 2)
INSERT INTO [DatosPadron] ([COD_BARRIO], [ClaveGrupo], [Valor]) VALUES (43, N'M85A89', 14)
INSERT INTO [DatosPadron] ([COD_BARRIO], [ClaveGrupo], [Valor]) VALUES (4, N'M85A89', 19)
INSERT INTO [DatosPadron] ([COD_BARRIO], [ClaveGrupo], [Valor]) VALUES (73, N'M85A89', 1)
INSERT INTO [DatosPadron] ([COD_BARRIO], [ClaveGrupo], [Valor]) VALUES (55, N'M85A89', 31)
INSERT INTO [DatosPadron] ([COD_BARRIO], [ClaveGrupo], [Valor]) VALUES (63, N'M85A89', 4)
INSERT INTO [DatosPadron] ([COD_BARRIO], [ClaveGrupo], [Valor]) VALUES (21, N'M85A89', 1)
INSERT INTO [DatosPadron] ([COD_BARRIO], [ClaveGrupo], [Valor]) VALUES (6, N'M85A89', 2)
INSERT INTO [DatosPadron] ([COD_BARRIO], [ClaveGrupo], [Valor]) VALUES (18, N'M85A89', 3)
INSERT INTO [DatosPadron] ([COD_BARRIO], [ClaveGrupo], [Valor]) VALUES (66, N'M85A89', 4)
INSERT INTO [DatosPadron] ([COD_BARRIO], [ClaveGrupo], [Valor]) VALUES (3, N'M85A89', 1)
INSERT INTO [DatosPadron] ([COD_BARRIO], [ClaveGrupo], [Valor]) VALUES (51, N'M85A89', 3)
INSERT INTO [DatosPadron] ([COD_BARRIO], [ClaveGrupo], [Valor]) VALUES (11, N'M85A89', 18)
INSERT INTO [DatosPadron] ([COD_BARRIO], [ClaveGrupo], [Valor]) VALUES (54, N'M85A89', 179)
INSERT INTO [DatosPadron] ([COD_BARRIO], [ClaveGrupo], [Valor]) VALUES (12, N'M85A89', 45)
INSERT INTO [DatosPadron] ([COD_BARRIO], [ClaveGrupo], [Valor]) VALUES (25, N'M85A89', 45)
INSERT INTO [DatosPadron] ([COD_BARRIO], [ClaveGrupo], [Valor]) VALUES (27, N'M85A89', 9)
INSERT INTO [DatosPadron] ([COD_BARRIO], [ClaveGrupo], [Valor]) VALUES (49, N'M85A89', 50)
INSERT INTO [DatosPadron] ([COD_BARRIO], [ClaveGrupo], [Valor]) VALUES (77, N'M85A89', 12)
INSERT INTO [DatosPadron] ([COD_BARRIO], [ClaveGrupo], [Valor]) VALUES (34, N'M85A89', 106)
INSERT INTO [DatosPadron] ([COD_BARRIO], [ClaveGrupo], [Valor]) VALUES (62, N'M85A89', 75)
INSERT INTO [DatosPadron] ([COD_BARRIO], [ClaveGrupo], [Valor]) VALUES (23, N'M85A89', 21)
INSERT INTO [DatosPadron] ([COD_BARRIO], [ClaveGrupo], [Valor]) VALUES (29, N'M85A89', 30)
INSERT INTO [DatosPadron] ([COD_BARRIO], [ClaveGrupo], [Valor]) VALUES (68, N'M85A89', 19)
INSERT INTO [DatosPadron] ([COD_BARRIO], [ClaveGrupo], [Valor]) VALUES (46, N'M85A89', 22)
INSERT INTO [DatosPadron] ([COD_BARRIO], [ClaveGrupo], [Valor]) VALUES (19, N'M85A89', 17)
INSERT INTO [DatosPadron] ([COD_BARRIO], [ClaveGrupo], [Valor]) VALUES (38, N'M85A89', 10)
INSERT INTO [DatosPadron] ([COD_BARRIO], [ClaveGrupo], [Valor]) VALUES (50, N'M85A89', 6)
INSERT INTO [DatosPadron] ([COD_BARRIO], [ClaveGrupo], [Valor]) VALUES (48, N'M85A89', 21)
INSERT INTO [DatosPadron] ([COD_BARRIO], [ClaveGrupo], [Valor]) VALUES (20, N'M85A89', 6)
INSERT INTO [DatosPadron] ([COD_BARRIO], [ClaveGrupo], [Valor]) VALUES (7, N'M85A89', 22)
INSERT INTO [DatosPadron] ([COD_BARRIO], [ClaveGrupo], [Valor]) VALUES (67, N'M85A89', 19)
INSERT INTO [DatosPadron] ([COD_BARRIO], [ClaveGrupo], [Valor]) VALUES (10, N'M85A89', 37)
INSERT INTO [DatosPadron] ([COD_BARRIO], [ClaveGrupo], [Valor]) VALUES (61, N'M85A89', 43)
INSERT INTO [DatosPadron] ([COD_BARRIO], [ClaveGrupo], [Valor]) VALUES (60, N'M85A89', 8)
INSERT INTO [DatosPadron] ([COD_BARRIO], [ClaveGrupo], [Valor]) VALUES (5, N'M85A89', 19)
INSERT INTO [DatosPadron] ([COD_BARRIO], [ClaveGrupo], [Valor]) VALUES (40, N'M85A89', 8)
INSERT INTO [DatosPadron] ([COD_BARRIO], [ClaveGrupo], [Valor]) VALUES (13, N'M85A89', 2)
INSERT INTO [DatosPadron] ([COD_BARRIO], [ClaveGrupo], [Valor]) VALUES (41, N'M85A89', 7)
INSERT INTO [DatosPadron] ([COD_BARRIO], [ClaveGrupo], [Valor]) VALUES (22, N'M85A89', 47)
INSERT INTO [DatosPadron] ([COD_BARRIO], [ClaveGrupo], [Valor]) VALUES (9, N'M85A89', 19)
INSERT INTO [DatosPadron] ([COD_BARRIO], [ClaveGrupo], [Valor]) VALUES (76, N'M85A89', 15)
INSERT INTO [DatosPadron] ([COD_BARRIO], [ClaveGrupo], [Valor]) VALUES (52, N'M85A89', 100)
INSERT INTO [DatosPadron] ([COD_BARRIO], [ClaveGrupo], [Valor]) VALUES (1, N'M85A89', 4)
INSERT INTO [DatosPadron] ([COD_BARRIO], [ClaveGrupo], [Valor]) VALUES (45, N'M85A89', 31)
INSERT INTO [DatosPadron] ([COD_BARRIO], [ClaveGrupo], [Valor]) VALUES (70, N'M85A89', 7)
INSERT INTO [DatosPadron] ([COD_BARRIO], [ClaveGrupo], [Valor]) VALUES (16, N'M85A89', 11)
INSERT INTO [DatosPadron] ([COD_BARRIO], [ClaveGrupo], [Valor]) VALUES (33, N'M85A89', 51)
INSERT INTO [DatosPadron] ([COD_BARRIO], [ClaveGrupo], [Valor]) VALUES (15, N'M85A89', 4)
INSERT INTO [DatosPadron] ([COD_BARRIO], [ClaveGrupo], [Valor]) VALUES (57, N'M85A89', 11)
INSERT INTO [DatosPadron] ([COD_BARRIO], [ClaveGrupo], [Valor]) VALUES (56, N'M85A89', 20)
INSERT INTO [DatosPadron] ([COD_BARRIO], [ClaveGrupo], [Valor]) VALUES (31, N'M85A89', 8)
INSERT INTO [DatosPadron] ([COD_BARRIO], [ClaveGrupo], [Valor]) VALUES (59, N'M85A89', 41)
INSERT INTO [DatosPadron] ([COD_BARRIO], [ClaveGrupo], [Valor]) VALUES (78, N'M85A89', 17)
INSERT INTO [DatosPadron] ([COD_BARRIO], [ClaveGrupo], [Valor]) VALUES (26, N'M85A89', 56)
INSERT INTO [DatosPadron] ([COD_BARRIO], [ClaveGrupo], [Valor]) VALUES (14, N'M85A89', 3)
INSERT INTO [DatosPadron] ([COD_BARRIO], [ClaveGrupo], [Valor]) VALUES (35, N'M85A89', 32)
INSERT INTO [DatosPadron] ([COD_BARRIO], [ClaveGrupo], [Valor]) VALUES (80, N'M85A89', 38)
INSERT INTO [DatosPadron] ([COD_BARRIO], [ClaveGrupo], [Valor]) VALUES (79, N'M85A89', 130)
INSERT INTO [DatosPadron] ([COD_BARRIO], [ClaveGrupo], [Valor]) VALUES (37, N'M90A94', 3)
INSERT INTO [DatosPadron] ([COD_BARRIO], [ClaveGrupo], [Valor]) VALUES (74, N'M90A94', 6)
INSERT INTO [DatosPadron] ([COD_BARRIO], [ClaveGrupo], [Valor]) VALUES (17, N'M90A94', 3)
INSERT INTO [DatosPadron] ([COD_BARRIO], [ClaveGrupo], [Valor]) VALUES (32, N'M90A94', 6)
INSERT INTO [DatosPadron] ([COD_BARRIO], [ClaveGrupo], [Valor]) VALUES (58, N'M90A94', 8)
go
INSERT INTO [DatosPadron] ([COD_BARRIO], [ClaveGrupo], [Valor]) VALUES (53, N'M90A94', 82)
INSERT INTO [DatosPadron] ([COD_BARRIO], [ClaveGrupo], [Valor]) VALUES (75, N'M90A94', 11)
INSERT INTO [DatosPadron] ([COD_BARRIO], [ClaveGrupo], [Valor]) VALUES (30, N'M90A94', 42)
INSERT INTO [DatosPadron] ([COD_BARRIO], [ClaveGrupo], [Valor]) VALUES (72, N'M90A94', 20)
INSERT INTO [DatosPadron] ([COD_BARRIO], [ClaveGrupo], [Valor]) VALUES (64, N'M90A94', 5)
INSERT INTO [DatosPadron] ([COD_BARRIO], [ClaveGrupo], [Valor]) VALUES (24, N'M90A94', 1)
INSERT INTO [DatosPadron] ([COD_BARRIO], [ClaveGrupo], [Valor]) VALUES (47, N'M90A94', 4)
INSERT INTO [DatosPadron] ([COD_BARRIO], [ClaveGrupo], [Valor]) VALUES (44, N'M90A94', 1)
INSERT INTO [DatosPadron] ([COD_BARRIO], [ClaveGrupo], [Valor]) VALUES (69, N'M90A94', 69)
INSERT INTO [DatosPadron] ([COD_BARRIO], [ClaveGrupo], [Valor]) VALUES (36, N'M90A94', 7)
INSERT INTO [DatosPadron] ([COD_BARRIO], [ClaveGrupo], [Valor]) VALUES (71, N'M90A94', 26)
INSERT INTO [DatosPadron] ([COD_BARRIO], [ClaveGrupo], [Valor]) VALUES (28, N'M90A94', 3)
INSERT INTO [DatosPadron] ([COD_BARRIO], [ClaveGrupo], [Valor]) VALUES (43, N'M90A94', 6)
INSERT INTO [DatosPadron] ([COD_BARRIO], [ClaveGrupo], [Valor]) VALUES (4, N'M90A94', 9)
INSERT INTO [DatosPadron] ([COD_BARRIO], [ClaveGrupo], [Valor]) VALUES (55, N'M90A94', 11)
INSERT INTO [DatosPadron] ([COD_BARRIO], [ClaveGrupo], [Valor]) VALUES (63, N'M90A94', 2)
INSERT INTO [DatosPadron] ([COD_BARRIO], [ClaveGrupo], [Valor]) VALUES (66, N'M90A94', 1)
INSERT INTO [DatosPadron] ([COD_BARRIO], [ClaveGrupo], [Valor]) VALUES (65, N'M90A94', 1)
INSERT INTO [DatosPadron] ([COD_BARRIO], [ClaveGrupo], [Valor]) VALUES (11, N'M90A94', 12)
INSERT INTO [DatosPadron] ([COD_BARRIO], [ClaveGrupo], [Valor]) VALUES (54, N'M90A94', 63)
INSERT INTO [DatosPadron] ([COD_BARRIO], [ClaveGrupo], [Valor]) VALUES (12, N'M90A94', 12)
INSERT INTO [DatosPadron] ([COD_BARRIO], [ClaveGrupo], [Valor]) VALUES (25, N'M90A94', 22)
INSERT INTO [DatosPadron] ([COD_BARRIO], [ClaveGrupo], [Valor]) VALUES (27, N'M90A94', 2)
INSERT INTO [DatosPadron] ([COD_BARRIO], [ClaveGrupo], [Valor]) VALUES (49, N'M90A94', 17)
INSERT INTO [DatosPadron] ([COD_BARRIO], [ClaveGrupo], [Valor]) VALUES (77, N'M90A94', 4)
INSERT INTO [DatosPadron] ([COD_BARRIO], [ClaveGrupo], [Valor]) VALUES (34, N'M90A94', 40)
INSERT INTO [DatosPadron] ([COD_BARRIO], [ClaveGrupo], [Valor]) VALUES (62, N'M90A94', 24)
INSERT INTO [DatosPadron] ([COD_BARRIO], [ClaveGrupo], [Valor]) VALUES (23, N'M90A94', 11)
INSERT INTO [DatosPadron] ([COD_BARRIO], [ClaveGrupo], [Valor]) VALUES (29, N'M90A94', 16)
INSERT INTO [DatosPadron] ([COD_BARRIO], [ClaveGrupo], [Valor]) VALUES (68, N'M90A94', 5)
INSERT INTO [DatosPadron] ([COD_BARRIO], [ClaveGrupo], [Valor]) VALUES (46, N'M90A94', 8)
INSERT INTO [DatosPadron] ([COD_BARRIO], [ClaveGrupo], [Valor]) VALUES (19, N'M90A94', 9)
INSERT INTO [DatosPadron] ([COD_BARRIO], [ClaveGrupo], [Valor]) VALUES (38, N'M90A94', 6)
INSERT INTO [DatosPadron] ([COD_BARRIO], [ClaveGrupo], [Valor]) VALUES (50, N'M90A94', 1)
INSERT INTO [DatosPadron] ([COD_BARRIO], [ClaveGrupo], [Valor]) VALUES (48, N'M90A94', 1)
INSERT INTO [DatosPadron] ([COD_BARRIO], [ClaveGrupo], [Valor]) VALUES (20, N'M90A94', 6)
INSERT INTO [DatosPadron] ([COD_BARRIO], [ClaveGrupo], [Valor]) VALUES (7, N'M90A94', 6)
INSERT INTO [DatosPadron] ([COD_BARRIO], [ClaveGrupo], [Valor]) VALUES (67, N'M90A94', 6)
INSERT INTO [DatosPadron] ([COD_BARRIO], [ClaveGrupo], [Valor]) VALUES (10, N'M90A94', 19)
INSERT INTO [DatosPadron] ([COD_BARRIO], [ClaveGrupo], [Valor]) VALUES (61, N'M90A94', 13)
INSERT INTO [DatosPadron] ([COD_BARRIO], [ClaveGrupo], [Valor]) VALUES (60, N'M90A94', 3)
INSERT INTO [DatosPadron] ([COD_BARRIO], [ClaveGrupo], [Valor]) VALUES (5, N'M90A94', 8)
INSERT INTO [DatosPadron] ([COD_BARRIO], [ClaveGrupo], [Valor]) VALUES (40, N'M90A94', 2)
INSERT INTO [DatosPadron] ([COD_BARRIO], [ClaveGrupo], [Valor]) VALUES (13, N'M90A94', 2)
INSERT INTO [DatosPadron] ([COD_BARRIO], [ClaveGrupo], [Valor]) VALUES (41, N'M90A94', 4)
INSERT INTO [DatosPadron] ([COD_BARRIO], [ClaveGrupo], [Valor]) VALUES (22, N'M90A94', 23)
INSERT INTO [DatosPadron] ([COD_BARRIO], [ClaveGrupo], [Valor]) VALUES (9, N'M90A94', 5)
INSERT INTO [DatosPadron] ([COD_BARRIO], [ClaveGrupo], [Valor]) VALUES (76, N'M90A94', 4)
INSERT INTO [DatosPadron] ([COD_BARRIO], [ClaveGrupo], [Valor]) VALUES (52, N'M90A94', 42)
INSERT INTO [DatosPadron] ([COD_BARRIO], [ClaveGrupo], [Valor]) VALUES (1, N'M90A94', 3)
INSERT INTO [DatosPadron] ([COD_BARRIO], [ClaveGrupo], [Valor]) VALUES (45, N'M90A94', 13)
INSERT INTO [DatosPadron] ([COD_BARRIO], [ClaveGrupo], [Valor]) VALUES (70, N'M90A94', 1)
INSERT INTO [DatosPadron] ([COD_BARRIO], [ClaveGrupo], [Valor]) VALUES (16, N'M90A94', 4)
INSERT INTO [DatosPadron] ([COD_BARRIO], [ClaveGrupo], [Valor]) VALUES (33, N'M90A94', 34)
INSERT INTO [DatosPadron] ([COD_BARRIO], [ClaveGrupo], [Valor]) VALUES (15, N'M90A94', 2)
INSERT INTO [DatosPadron] ([COD_BARRIO], [ClaveGrupo], [Valor]) VALUES (57, N'M90A94', 7)
INSERT INTO [DatosPadron] ([COD_BARRIO], [ClaveGrupo], [Valor]) VALUES (56, N'M90A94', 3)
INSERT INTO [DatosPadron] ([COD_BARRIO], [ClaveGrupo], [Valor]) VALUES (31, N'M90A94', 4)
INSERT INTO [DatosPadron] ([COD_BARRIO], [ClaveGrupo], [Valor]) VALUES (59, N'M90A94', 17)
INSERT INTO [DatosPadron] ([COD_BARRIO], [ClaveGrupo], [Valor]) VALUES (78, N'M90A94', 5)
INSERT INTO [DatosPadron] ([COD_BARRIO], [ClaveGrupo], [Valor]) VALUES (26, N'M90A94', 19)
INSERT INTO [DatosPadron] ([COD_BARRIO], [ClaveGrupo], [Valor]) VALUES (14, N'M90A94', 4)
INSERT INTO [DatosPadron] ([COD_BARRIO], [ClaveGrupo], [Valor]) VALUES (35, N'M90A94', 14)
INSERT INTO [DatosPadron] ([COD_BARRIO], [ClaveGrupo], [Valor]) VALUES (80, N'M90A94', 24)
INSERT INTO [DatosPadron] ([COD_BARRIO], [ClaveGrupo], [Valor]) VALUES (79, N'M90A94', 71)
INSERT INTO [DatosPadron] ([COD_BARRIO], [ClaveGrupo], [Valor]) VALUES (37, N'M95A99', 2)
INSERT INTO [DatosPadron] ([COD_BARRIO], [ClaveGrupo], [Valor]) VALUES (74, N'M95A99', 3)
INSERT INTO [DatosPadron] ([COD_BARRIO], [ClaveGrupo], [Valor]) VALUES (17, N'M95A99', 1)
INSERT INTO [DatosPadron] ([COD_BARRIO], [ClaveGrupo], [Valor]) VALUES (32, N'M95A99', 3)
INSERT INTO [DatosPadron] ([COD_BARRIO], [ClaveGrupo], [Valor]) VALUES (58, N'M95A99', 4)
INSERT INTO [DatosPadron] ([COD_BARRIO], [ClaveGrupo], [Valor]) VALUES (53, N'M95A99', 22)
INSERT INTO [DatosPadron] ([COD_BARRIO], [ClaveGrupo], [Valor]) VALUES (75, N'M95A99', 4)
INSERT INTO [DatosPadron] ([COD_BARRIO], [ClaveGrupo], [Valor]) VALUES (30, N'M95A99', 17)
INSERT INTO [DatosPadron] ([COD_BARRIO], [ClaveGrupo], [Valor]) VALUES (72, N'M95A99', 12)
INSERT INTO [DatosPadron] ([COD_BARRIO], [ClaveGrupo], [Valor]) VALUES (64, N'M95A99', 2)
INSERT INTO [DatosPadron] ([COD_BARRIO], [ClaveGrupo], [Valor]) VALUES (24, N'M95A99', 1)
INSERT INTO [DatosPadron] ([COD_BARRIO], [ClaveGrupo], [Valor]) VALUES (47, N'M95A99', 2)
INSERT INTO [DatosPadron] ([COD_BARRIO], [ClaveGrupo], [Valor]) VALUES (69, N'M95A99', 24)
INSERT INTO [DatosPadron] ([COD_BARRIO], [ClaveGrupo], [Valor]) VALUES (71, N'M95A99', 4)
INSERT INTO [DatosPadron] ([COD_BARRIO], [ClaveGrupo], [Valor]) VALUES (39, N'M95A99', 1)
INSERT INTO [DatosPadron] ([COD_BARRIO], [ClaveGrupo], [Valor]) VALUES (43, N'M95A99', 1)
INSERT INTO [DatosPadron] ([COD_BARRIO], [ClaveGrupo], [Valor]) VALUES (4, N'M95A99', 4)
INSERT INTO [DatosPadron] ([COD_BARRIO], [ClaveGrupo], [Valor]) VALUES (55, N'M95A99', 8)
INSERT INTO [DatosPadron] ([COD_BARRIO], [ClaveGrupo], [Valor]) VALUES (3, N'M95A99', 1)
INSERT INTO [DatosPadron] ([COD_BARRIO], [ClaveGrupo], [Valor]) VALUES (51, N'M95A99', 1)
INSERT INTO [DatosPadron] ([COD_BARRIO], [ClaveGrupo], [Valor]) VALUES (11, N'M95A99', 3)
INSERT INTO [DatosPadron] ([COD_BARRIO], [ClaveGrupo], [Valor]) VALUES (54, N'M95A99', 13)
INSERT INTO [DatosPadron] ([COD_BARRIO], [ClaveGrupo], [Valor]) VALUES (12, N'M95A99', 9)
INSERT INTO [DatosPadron] ([COD_BARRIO], [ClaveGrupo], [Valor]) VALUES (25, N'M95A99', 4)
INSERT INTO [DatosPadron] ([COD_BARRIO], [ClaveGrupo], [Valor]) VALUES (49, N'M95A99', 4)
INSERT INTO [DatosPadron] ([COD_BARRIO], [ClaveGrupo], [Valor]) VALUES (77, N'M95A99', 1)
INSERT INTO [DatosPadron] ([COD_BARRIO], [ClaveGrupo], [Valor]) VALUES (34, N'M95A99', 9)
INSERT INTO [DatosPadron] ([COD_BARRIO], [ClaveGrupo], [Valor]) VALUES (62, N'M95A99', 4)
INSERT INTO [DatosPadron] ([COD_BARRIO], [ClaveGrupo], [Valor]) VALUES (23, N'M95A99', 3)
INSERT INTO [DatosPadron] ([COD_BARRIO], [ClaveGrupo], [Valor]) VALUES (29, N'M95A99', 4)
INSERT INTO [DatosPadron] ([COD_BARRIO], [ClaveGrupo], [Valor]) VALUES (68, N'M95A99', 1)
go
INSERT INTO [DatosPadron] ([COD_BARRIO], [ClaveGrupo], [Valor]) VALUES (46, N'M95A99', 1)
INSERT INTO [DatosPadron] ([COD_BARRIO], [ClaveGrupo], [Valor]) VALUES (19, N'M95A99', 1)
INSERT INTO [DatosPadron] ([COD_BARRIO], [ClaveGrupo], [Valor]) VALUES (38, N'M95A99', 3)
INSERT INTO [DatosPadron] ([COD_BARRIO], [ClaveGrupo], [Valor]) VALUES (50, N'M95A99', 1)
INSERT INTO [DatosPadron] ([COD_BARRIO], [ClaveGrupo], [Valor]) VALUES (48, N'M95A99', 4)
INSERT INTO [DatosPadron] ([COD_BARRIO], [ClaveGrupo], [Valor]) VALUES (20, N'M95A99', 2)
INSERT INTO [DatosPadron] ([COD_BARRIO], [ClaveGrupo], [Valor]) VALUES (7, N'M95A99', 1)
INSERT INTO [DatosPadron] ([COD_BARRIO], [ClaveGrupo], [Valor]) VALUES (67, N'M95A99', 2)
INSERT INTO [DatosPadron] ([COD_BARRIO], [ClaveGrupo], [Valor]) VALUES (10, N'M95A99', 2)
INSERT INTO [DatosPadron] ([COD_BARRIO], [ClaveGrupo], [Valor]) VALUES (61, N'M95A99', 3)
INSERT INTO [DatosPadron] ([COD_BARRIO], [ClaveGrupo], [Valor]) VALUES (60, N'M95A99', 2)
INSERT INTO [DatosPadron] ([COD_BARRIO], [ClaveGrupo], [Valor]) VALUES (5, N'M95A99', 2)
INSERT INTO [DatosPadron] ([COD_BARRIO], [ClaveGrupo], [Valor]) VALUES (40, N'M95A99', 1)
INSERT INTO [DatosPadron] ([COD_BARRIO], [ClaveGrupo], [Valor]) VALUES (22, N'M95A99', 7)
INSERT INTO [DatosPadron] ([COD_BARRIO], [ClaveGrupo], [Valor]) VALUES (9, N'M95A99', 1)
INSERT INTO [DatosPadron] ([COD_BARRIO], [ClaveGrupo], [Valor]) VALUES (76, N'M95A99', 2)
INSERT INTO [DatosPadron] ([COD_BARRIO], [ClaveGrupo], [Valor]) VALUES (52, N'M95A99', 18)
INSERT INTO [DatosPadron] ([COD_BARRIO], [ClaveGrupo], [Valor]) VALUES (1, N'M95A99', 1)
INSERT INTO [DatosPadron] ([COD_BARRIO], [ClaveGrupo], [Valor]) VALUES (45, N'M95A99', 7)
INSERT INTO [DatosPadron] ([COD_BARRIO], [ClaveGrupo], [Valor]) VALUES (16, N'M95A99', 1)
INSERT INTO [DatosPadron] ([COD_BARRIO], [ClaveGrupo], [Valor]) VALUES (33, N'M95A99', 6)
INSERT INTO [DatosPadron] ([COD_BARRIO], [ClaveGrupo], [Valor]) VALUES (15, N'M95A99', 1)
INSERT INTO [DatosPadron] ([COD_BARRIO], [ClaveGrupo], [Valor]) VALUES (57, N'M95A99', 2)
INSERT INTO [DatosPadron] ([COD_BARRIO], [ClaveGrupo], [Valor]) VALUES (56, N'M95A99', 1)
INSERT INTO [DatosPadron] ([COD_BARRIO], [ClaveGrupo], [Valor]) VALUES (59, N'M95A99', 4)
INSERT INTO [DatosPadron] ([COD_BARRIO], [ClaveGrupo], [Valor]) VALUES (26, N'M95A99', 2)
INSERT INTO [DatosPadron] ([COD_BARRIO], [ClaveGrupo], [Valor]) VALUES (35, N'M95A99', 6)
INSERT INTO [DatosPadron] ([COD_BARRIO], [ClaveGrupo], [Valor]) VALUES (80, N'M95A99', 7)
INSERT INTO [DatosPadron] ([COD_BARRIO], [ClaveGrupo], [Valor]) VALUES (79, N'M95A99', 19)
INSERT INTO [DatosPadron] ([COD_BARRIO], [ClaveGrupo], [Valor]) VALUES (37, N'MMAS100', 1)
INSERT INTO [DatosPadron] ([COD_BARRIO], [ClaveGrupo], [Valor]) VALUES (74, N'MMAS100', 2)
INSERT INTO [DatosPadron] ([COD_BARRIO], [ClaveGrupo], [Valor]) VALUES (58, N'MMAS100', 1)
INSERT INTO [DatosPadron] ([COD_BARRIO], [ClaveGrupo], [Valor]) VALUES (53, N'MMAS100', 6)
INSERT INTO [DatosPadron] ([COD_BARRIO], [ClaveGrupo], [Valor]) VALUES (75, N'MMAS100', 2)
INSERT INTO [DatosPadron] ([COD_BARRIO], [ClaveGrupo], [Valor]) VALUES (30, N'MMAS100', 9)
INSERT INTO [DatosPadron] ([COD_BARRIO], [ClaveGrupo], [Valor]) VALUES (72, N'MMAS100', 3)
INSERT INTO [DatosPadron] ([COD_BARRIO], [ClaveGrupo], [Valor]) VALUES (64, N'MMAS100', 1)
INSERT INTO [DatosPadron] ([COD_BARRIO], [ClaveGrupo], [Valor]) VALUES (69, N'MMAS100', 11)
INSERT INTO [DatosPadron] ([COD_BARRIO], [ClaveGrupo], [Valor]) VALUES (71, N'MMAS100', 2)
INSERT INTO [DatosPadron] ([COD_BARRIO], [ClaveGrupo], [Valor]) VALUES (4, N'MMAS100', 3)
INSERT INTO [DatosPadron] ([COD_BARRIO], [ClaveGrupo], [Valor]) VALUES (55, N'MMAS100', 4)
INSERT INTO [DatosPadron] ([COD_BARRIO], [ClaveGrupo], [Valor]) VALUES (21, N'MMAS100', 1)
INSERT INTO [DatosPadron] ([COD_BARRIO], [ClaveGrupo], [Valor]) VALUES (51, N'MMAS100', 1)
INSERT INTO [DatosPadron] ([COD_BARRIO], [ClaveGrupo], [Valor]) VALUES (11, N'MMAS100', 1)
INSERT INTO [DatosPadron] ([COD_BARRIO], [ClaveGrupo], [Valor]) VALUES (54, N'MMAS100', 5)
INSERT INTO [DatosPadron] ([COD_BARRIO], [ClaveGrupo], [Valor]) VALUES (12, N'MMAS100', 6)
INSERT INTO [DatosPadron] ([COD_BARRIO], [ClaveGrupo], [Valor]) VALUES (77, N'MMAS100', 1)
INSERT INTO [DatosPadron] ([COD_BARRIO], [ClaveGrupo], [Valor]) VALUES (34, N'MMAS100', 10)
INSERT INTO [DatosPadron] ([COD_BARRIO], [ClaveGrupo], [Valor]) VALUES (62, N'MMAS100', 2)
INSERT INTO [DatosPadron] ([COD_BARRIO], [ClaveGrupo], [Valor]) VALUES (23, N'MMAS100', 1)
INSERT INTO [DatosPadron] ([COD_BARRIO], [ClaveGrupo], [Valor]) VALUES (29, N'MMAS100', 1)
INSERT INTO [DatosPadron] ([COD_BARRIO], [ClaveGrupo], [Valor]) VALUES (68, N'MMAS100', 2)
INSERT INTO [DatosPadron] ([COD_BARRIO], [ClaveGrupo], [Valor]) VALUES (46, N'MMAS100', 1)
INSERT INTO [DatosPadron] ([COD_BARRIO], [ClaveGrupo], [Valor]) VALUES (19, N'MMAS100', 1)
INSERT INTO [DatosPadron] ([COD_BARRIO], [ClaveGrupo], [Valor]) VALUES (48, N'MMAS100', 1)
INSERT INTO [DatosPadron] ([COD_BARRIO], [ClaveGrupo], [Valor]) VALUES (67, N'MMAS100', 2)
INSERT INTO [DatosPadron] ([COD_BARRIO], [ClaveGrupo], [Valor]) VALUES (61, N'MMAS100', 1)
INSERT INTO [DatosPadron] ([COD_BARRIO], [ClaveGrupo], [Valor]) VALUES (60, N'MMAS100', 1)
INSERT INTO [DatosPadron] ([COD_BARRIO], [ClaveGrupo], [Valor]) VALUES (40, N'MMAS100', 1)
INSERT INTO [DatosPadron] ([COD_BARRIO], [ClaveGrupo], [Valor]) VALUES (13, N'MMAS100', 1)
INSERT INTO [DatosPadron] ([COD_BARRIO], [ClaveGrupo], [Valor]) VALUES (22, N'MMAS100', 5)
INSERT INTO [DatosPadron] ([COD_BARRIO], [ClaveGrupo], [Valor]) VALUES (9, N'MMAS100', 1)
INSERT INTO [DatosPadron] ([COD_BARRIO], [ClaveGrupo], [Valor]) VALUES (76, N'MMAS100', 1)
INSERT INTO [DatosPadron] ([COD_BARRIO], [ClaveGrupo], [Valor]) VALUES (52, N'MMAS100', 9)
INSERT INTO [DatosPadron] ([COD_BARRIO], [ClaveGrupo], [Valor]) VALUES (45, N'MMAS100', 7)
INSERT INTO [DatosPadron] ([COD_BARRIO], [ClaveGrupo], [Valor]) VALUES (70, N'MMAS100', 1)
INSERT INTO [DatosPadron] ([COD_BARRIO], [ClaveGrupo], [Valor]) VALUES (33, N'MMAS100', 2)
INSERT INTO [DatosPadron] ([COD_BARRIO], [ClaveGrupo], [Valor]) VALUES (57, N'MMAS100', 1)
INSERT INTO [DatosPadron] ([COD_BARRIO], [ClaveGrupo], [Valor]) VALUES (59, N'MMAS100', 2)
INSERT INTO [DatosPadron] ([COD_BARRIO], [ClaveGrupo], [Valor]) VALUES (35, N'MMAS100', 3)
INSERT INTO [DatosPadron] ([COD_BARRIO], [ClaveGrupo], [Valor]) VALUES (80, N'MMAS100', 1)
INSERT INTO [DatosPadron] ([COD_BARRIO], [ClaveGrupo], [Valor]) VALUES (79, N'MMAS100', 9)
-- 3111 records
go--
-- Table structure for table 'Distrito'
--

IF object_id(N'Distrito', 'U') IS NOT NULL DROP TABLE [Distrito]

CREATE TABLE [Distrito] (
  [CodDistrito] INT NOT NULL DEFAULT 0, 
  [DISTRITO] varchar(100), 
  PRIMARY KEY ([CodDistrito])
)
go
--
-- Dumping data for table 'Distrito'
--

INSERT INTO [Distrito] ([CodDistrito], [DISTRITO]) VALUES (1,'ANAGA')
INSERT INTO [Distrito] ([CodDistrito], [DISTRITO]) VALUES (2,'CENTRO - IFARA')
INSERT INTO [Distrito] ([CodDistrito], [DISTRITO]) VALUES (3,'OFRA - COSTA SUR')
INSERT INTO [Distrito] ([CodDistrito], [DISTRITO]) VALUES (4,'SALUD - LA SALLE')
INSERT INTO [Distrito] ([CodDistrito], [DISTRITO]) VALUES (5,'SUROESTE')
INSERT INTO [Distrito] ([CodDistrito], [DISTRITO]) VALUES (6,'MUY AL NORTE')
-- 5 records
go
--
-- Table structure for table 'GrupoEdad'
--

IF object_id(N'GrupoEdad', 'U') IS NOT NULL DROP TABLE [GrupoEdad]

CREATE TABLE [GrupoEdad] (
  [Clave] varchar(15) NOT NULL, 
  [Sexo] varchar(20), 
  [EdadInicial] INT, 
  [EdadFinal] INT, 
  PRIMARY KEY ([Clave])
)
go
--
-- Dumping data for table 'GrupoEdad'
--

INSERT INTO [GrupoEdad] ([Clave], [Sexo], [EdadInicial], [EdadFinal]) VALUES (N'H0A4','HOMBRES', 0, 4)
INSERT INTO [GrupoEdad] ([Clave], [Sexo], [EdadInicial], [EdadFinal]) VALUES (N'H5A9','HOMBRES', 5, 9)
INSERT INTO [GrupoEdad] ([Clave], [Sexo], [EdadInicial], [EdadFinal]) VALUES (N'H10A14','HOMBRES', 10, 14)
INSERT INTO [GrupoEdad] ([Clave], [Sexo], [EdadInicial], [EdadFinal]) VALUES (N'H15A19','HOMBRES', 15, 19)
INSERT INTO [GrupoEdad] ([Clave], [Sexo], [EdadInicial], [EdadFinal]) VALUES (N'H20A24','HOMBRES', 20, 24)
INSERT INTO [GrupoEdad] ([Clave], [Sexo], [EdadInicial], [EdadFinal]) VALUES (N'H25A29','HOMBRES', 25, 29)
INSERT INTO [GrupoEdad] ([Clave], [Sexo], [EdadInicial], [EdadFinal]) VALUES (N'H30A34','HOMBRES', 30, 34)
INSERT INTO [GrupoEdad] ([Clave], [Sexo], [EdadInicial], [EdadFinal]) VALUES (N'H35A39','HOMBRES', 35, 39)
INSERT INTO [GrupoEdad] ([Clave], [Sexo], [EdadInicial], [EdadFinal]) VALUES (N'H40A44','HOMBRES', 40, 44)
INSERT INTO [GrupoEdad] ([Clave], [Sexo], [EdadInicial], [EdadFinal]) VALUES (N'H45A49','HOMBRES', 45, 49)
INSERT INTO [GrupoEdad] ([Clave], [Sexo], [EdadInicial], [EdadFinal]) VALUES (N'H50A54','HOMBRES', 50, 54)
INSERT INTO [GrupoEdad] ([Clave], [Sexo], [EdadInicial], [EdadFinal]) VALUES (N'H55A59','HOMBRES', 55, 59)
INSERT INTO [GrupoEdad] ([Clave], [Sexo], [EdadInicial], [EdadFinal]) VALUES (N'H60A64','HOMBRES', 60, 64)
INSERT INTO [GrupoEdad] ([Clave], [Sexo], [EdadInicial], [EdadFinal]) VALUES (N'H65A69','HOMBRES', 65, 69)
INSERT INTO [GrupoEdad] ([Clave], [Sexo], [EdadInicial], [EdadFinal]) VALUES (N'H70A74','HOMBRES', 70, 74)
INSERT INTO [GrupoEdad] ([Clave], [Sexo], [EdadInicial], [EdadFinal]) VALUES (N'H75A79','HOMBRES', 75, 79)
INSERT INTO [GrupoEdad] ([Clave], [Sexo], [EdadInicial], [EdadFinal]) VALUES (N'H80A84','HOMBRES', 80, 84)
INSERT INTO [GrupoEdad] ([Clave], [Sexo], [EdadInicial], [EdadFinal]) VALUES (N'H85A89','HOMBRES', 85, 89)
INSERT INTO [GrupoEdad] ([Clave], [Sexo], [EdadInicial], [EdadFinal]) VALUES (N'H90A94','HOMBRES', 90, 94)
INSERT INTO [GrupoEdad] ([Clave], [Sexo], [EdadInicial], [EdadFinal]) VALUES (N'H95A99','HOMBRES', 95, 99)
INSERT INTO [GrupoEdad] ([Clave], [Sexo], [EdadInicial], [EdadFinal]) VALUES (N'HMAS100','HOMBRES', 100, 200)
INSERT INTO [GrupoEdad] ([Clave], [Sexo], [EdadInicial], [EdadFinal]) VALUES (N'M0A4','MUJERES', 0, 4)
INSERT INTO [GrupoEdad] ([Clave], [Sexo], [EdadInicial], [EdadFinal]) VALUES (N'M5A9','MUJERES', 5, 9)
INSERT INTO [GrupoEdad] ([Clave], [Sexo], [EdadInicial], [EdadFinal]) VALUES (N'M10A14','MUJERES', 10, 14)
INSERT INTO [GrupoEdad] ([Clave], [Sexo], [EdadInicial], [EdadFinal]) VALUES (N'M15A19','MUJERES', 15, 19)
INSERT INTO [GrupoEdad] ([Clave], [Sexo], [EdadInicial], [EdadFinal]) VALUES (N'M20A24','MUJERES', 20, 24)
INSERT INTO [GrupoEdad] ([Clave], [Sexo], [EdadInicial], [EdadFinal]) VALUES (N'M25A29','MUJERES', 25, 29)
INSERT INTO [GrupoEdad] ([Clave], [Sexo], [EdadInicial], [EdadFinal]) VALUES (N'M30A34','MUJERES', 30, 34)
INSERT INTO [GrupoEdad] ([Clave], [Sexo], [EdadInicial], [EdadFinal]) VALUES (N'M35A39','MUJERES', 35, 39)
INSERT INTO [GrupoEdad] ([Clave], [Sexo], [EdadInicial], [EdadFinal]) VALUES (N'M40A44','MUJERES', 40, 44)
INSERT INTO [GrupoEdad] ([Clave], [Sexo], [EdadInicial], [EdadFinal]) VALUES (N'M45A49','MUJERES', 45, 49)
INSERT INTO [GrupoEdad] ([Clave], [Sexo], [EdadInicial], [EdadFinal]) VALUES (N'M50A54','MUJERES', 50, 54)
INSERT INTO [GrupoEdad] ([Clave], [Sexo], [EdadInicial], [EdadFinal]) VALUES (N'M55A59','MUJERES', 55, 59)
INSERT INTO [GrupoEdad] ([Clave], [Sexo], [EdadInicial], [EdadFinal]) VALUES (N'M60A64','MUJERES', 60, 64)
INSERT INTO [GrupoEdad] ([Clave], [Sexo], [EdadInicial], [EdadFinal]) VALUES (N'M65A69','MUJERES', 65, 69)
INSERT INTO [GrupoEdad] ([Clave], [Sexo], [EdadInicial], [EdadFinal]) VALUES (N'M70A74','MUJERES', 70, 74)
INSERT INTO [GrupoEdad] ([Clave], [Sexo], [EdadInicial], [EdadFinal]) VALUES (N'M75A79','MUJERES', 75, 79)
INSERT INTO [GrupoEdad] ([Clave], [Sexo], [EdadInicial], [EdadFinal]) VALUES (N'M80A84','MUJERES', 80, 84)
INSERT INTO [GrupoEdad] ([Clave], [Sexo], [EdadInicial], [EdadFinal]) VALUES (N'M85A89','MUJERES', 85, 89)
INSERT INTO [GrupoEdad] ([Clave], [Sexo], [EdadInicial], [EdadFinal]) VALUES (N'M90A94','MUJERES', 90, 94)
INSERT INTO [GrupoEdad] ([Clave], [Sexo], [EdadInicial], [EdadFinal]) VALUES (N'M95A99','MUJERES', 95, 99)
INSERT INTO [GrupoEdad] ([Clave], [Sexo], [EdadInicial], [EdadFinal]) VALUES (N'MMAS100','MUJERES', 100, 200)
-- 42 records
go
--
-- Table structure for table 'Paradas_taxi'
--

IF object_id(N'Paradas_taxi', 'U') IS NOT NULL DROP TABLE [Paradas_taxi]

CREATE TABLE [Paradas_taxi] (
  [CODIGO] varchar(10) NOT NULL, 
  [COD_BARRIO] INT, 
  [LONG_SIG] INT, 
  [DIRECCION] varchar(255), 
  [FECHA_COMIENZO] datetime,
  PRIMARY KEY ([CODIGO])
)
go
--
-- Dumping data for table 'Paradas_taxi'
--

set dateformat dmy
go

INSERT INTO [Paradas_taxi] ([CODIGO], [COD_BARRIO], [LONG_SIG], [DIRECCION],  [FECHA_COMIENZO]) VALUES (N'TAX_001', 55, 44,'PLAYA LAS TERESITAS','01/01/1980')
INSERT INTO [Paradas_taxi] ([CODIGO], [COD_BARRIO], [LONG_SIG], [DIRECCION],  [FECHA_COMIENZO]) VALUES (N'TAX_003', 79, 50,'CALLE EL PILAR 2','05/12/1985')
INSERT INTO [Paradas_taxi] ([CODIGO], [COD_BARRIO], [LONG_SIG], [DIRECCION],  [FECHA_COMIENZO]) VALUES (N'TAX_004', 45, 18,'CALLE DOCTOR JOSE NAVEIRAS 38','12/06/2000')
INSERT INTO [Paradas_taxi] ([CODIGO], [COD_BARRIO], [LONG_SIG], [DIRECCION],  [FECHA_COMIENZO]) VALUES (N'TAX_005', 79, 50,'CALLE EL PILAR 4','15/1/1940')
INSERT INTO [Paradas_taxi] ([CODIGO], [COD_BARRIO], [LONG_SIG], [DIRECCION],  [FECHA_COMIENZO]) VALUES (N'TAX_006', 69, 15,'AVDA FRANCISCO LA ROCHE  (MUELLE DE RIBERA)','23/2/1980')
INSERT INTO [Paradas_taxi] ([CODIGO], [COD_BARRIO], [LONG_SIG], [DIRECCION],  [FECHA_COMIENZO]) VALUES (N'TAX_035', 10, 32,'CARRETERA DEL SOBRADILLO 1','15/11/2010')
INSERT INTO [Paradas_taxi] ([CODIGO], [COD_BARRIO], [LONG_SIG], [DIRECCION],  [FECHA_COMIENZO]) VALUES (N'TAX_032', 38, 36,'CALLE MAESTRO BORGUÑO (RESIDENCIA DE NUESTRA SEÑORA DE CANDELARIA)','04/03/2010')
INSERT INTO [Paradas_taxi] ([CODIGO], [COD_BARRIO], [LONG_SIG], [DIRECCION],  [FECHA_COMIENZO]) VALUES (N'TAX_002', 55, 14,'CALLE DIQUE 12 (SAN ANDRÉS)','11/9/2005')
INSERT INTO [Paradas_taxi] ([CODIGO], [COD_BARRIO], [LONG_SIG], [DIRECCION],  [FECHA_COMIENZO]) VALUES (N'TAX_007', 79, 23,'CALLE GENERAL GUTIERREZ 2','27/4/2006')
INSERT INTO [Paradas_taxi] ([CODIGO], [COD_BARRIO], [LONG_SIG], [DIRECCION],  [FECHA_COMIENZO]) VALUES (N'TAX_008', 79, 50,'PLAZA WEYLER','11/9/2005')
INSERT INTO [Paradas_taxi] ([CODIGO], [COD_BARRIO], [LONG_SIG], [DIRECCION],  [FECHA_COMIENZO]) VALUES (N'TAX_036', 10, 25,'CARRETERA GENERAL DEL SUR 3A','23/2/1980')
INSERT INTO [Paradas_taxi] ([CODIGO], [COD_BARRIO], [LONG_SIG], [DIRECCION],  [FECHA_COMIENZO]) VALUES (N'TAX_037', 7, 70,'CALLE BENTAGAY 3','17/3/2000')
INSERT INTO [Paradas_taxi] ([CODIGO], [COD_BARRIO], [LONG_SIG], [DIRECCION],  [FECHA_COMIENZO]) VALUES (N'TAX_009', 79, 20,'CALLE MENDEZ NUÑEZ 64','7/2/1945')
INSERT INTO [Paradas_taxi] ([CODIGO], [COD_BARRIO], [LONG_SIG], [DIRECCION],  [FECHA_COMIENZO]) VALUES (N'TAX_015', 34, 10,'CALLE GANIVET 5','8/5/2004')
INSERT INTO [Paradas_taxi] ([CODIGO], [COD_BARRIO], [LONG_SIG], [DIRECCION],  [FECHA_COMIENZO]) VALUES (N'TAX_010', 71, 15,'CALLE CARLOS J. R. HAMILTON 10','17/8/1999')
INSERT INTO [Paradas_taxi] ([CODIGO], [COD_BARRIO], [LONG_SIG], [DIRECCION],  [FECHA_COMIENZO]) VALUES (N'TAX_038', 32, 11,'AVDA LITRE 8','14/6/1976')
INSERT INTO [Paradas_taxi] ([CODIGO], [COD_BARRIO], [LONG_SIG], [DIRECCION],  [FECHA_COMIENZO]) VALUES (N'TAX_016', 54, 22,'CALLE ARONA 4','15/4/2004')
INSERT INTO [Paradas_taxi] ([CODIGO], [COD_BARRIO], [LONG_SIG], [DIRECCION],  [FECHA_COMIENZO]) VALUES (N'TAX_011', 69, 29,'CALLE DOCTOR JOSE NAVEIRAS 28','19/7/1998')
INSERT INTO [Paradas_taxi] ([CODIGO], [COD_BARRIO], [LONG_SIG], [DIRECCION],  [FECHA_COMIENZO]) VALUES (N'TAX_017', 41, 30,'CALLE ALVARO RODRIGUEZ LOPEZ 13',NULL)
INSERT INTO [Paradas_taxi] ([CODIGO], [COD_BARRIO], [LONG_SIG], [DIRECCION],  [FECHA_COMIENZO]) VALUES (N'TAX_018', 41, 27,'AVDA LA CONSTITUCION (FRENTE RECINTO FERIAL)','10/1/2011')
INSERT INTO [Paradas_taxi] ([CODIGO], [COD_BARRIO], [LONG_SIG], [DIRECCION],  [FECHA_COMIENZO]) VALUES (N'TAX_019', 41, 61,'AVDA TRES DE MAYO 7','15/8/1999')
INSERT INTO [Paradas_taxi] ([CODIGO], [COD_BARRIO], [LONG_SIG], [DIRECCION],  [FECHA_COMIENZO]) VALUES (N'TAX_020', 41, 9,'AVDA TRES DE MAYO 7',NULL)
INSERT INTO [Paradas_taxi] ([CODIGO], [COD_BARRIO], [LONG_SIG], [DIRECCION],  [FECHA_COMIENZO]) VALUES (N'TAX_021', 41, 18,'AVDA TRES DE MAYO 9','14/6/2010')
INSERT INTO [Paradas_taxi] ([CODIGO], [COD_BARRIO], [LONG_SIG], [DIRECCION],  [FECHA_COMIENZO]) VALUES (N'TAX_022', 41, 18,'AVDA TRES DE MAYO 11','18/3/2009')
INSERT INTO [Paradas_taxi] ([CODIGO], [COD_BARRIO], [LONG_SIG], [DIRECCION],  [FECHA_COMIENZO]) VALUES (N'TAX_023', 26, 5,'CALLE JOSE HERNANDEZ ALFONSO 1','12/12/2003')
INSERT INTO [Paradas_taxi] ([CODIGO], [COD_BARRIO], [LONG_SIG], [DIRECCION],  [FECHA_COMIENZO]) VALUES (N'TAX_024', 26, 33,'CALLE JOSE HERNANDEZ ALFONSO 1','17/1/2003')
INSERT INTO [Paradas_taxi] ([CODIGO], [COD_BARRIO], [LONG_SIG], [DIRECCION],  [FECHA_COMIENZO]) VALUES (N'TAX_012', 79, 28,'PLAZA DE ESPAÑA','18/5/2004')
INSERT INTO [Paradas_taxi] ([CODIGO], [COD_BARRIO], [LONG_SIG], [DIRECCION],  [FECHA_COMIENZO]) VALUES (N'TAX_039', 5, 16,'CALLE TAMARAGUA 57','25/3/1960')
INSERT INTO [Paradas_taxi] ([CODIGO], [COD_BARRIO], [LONG_SIG], [DIRECCION],  [FECHA_COMIENZO]) VALUES (N'TAX_025', 53, 13,'CALLE TOME CANO 7','28/3/2006')
INSERT INTO [Paradas_taxi] ([CODIGO], [COD_BARRIO], [LONG_SIG], [DIRECCION],  [FECHA_COMIENZO]) VALUES (N'TAX_026', 53, 4,'CALLE TOME CANO 7','3/6/1975')
INSERT INTO [Paradas_taxi] ([CODIGO], [COD_BARRIO], [LONG_SIG], [DIRECCION],  [FECHA_COMIENZO]) VALUES (N'TAX_027', 53, 19,'CALLE TOME CANO 7','14/4/2008')
INSERT INTO [Paradas_taxi] ([CODIGO], [COD_BARRIO], [LONG_SIG], [DIRECCION],  [FECHA_COMIENZO]) VALUES (N'TAX_028', 53, 25,'CALLE HELIODORO RODRIGUEZ LOPEZ 5',NULL)
INSERT INTO [Paradas_taxi] ([CODIGO], [COD_BARRIO], [LONG_SIG], [DIRECCION],  [FECHA_COMIENZO]) VALUES (N'TAX_029', 41, 23,'AVDA TRES DE MAYO (INTERCAMBIADOR)','15/6/1980')
INSERT INTO [Paradas_taxi] ([CODIGO], [COD_BARRIO], [LONG_SIG], [DIRECCION],  [FECHA_COMIENZO]) VALUES (N'TAX_030', 41, 15,'AVDA TRES DE MAYO 67','24/6/2008')
INSERT INTO [Paradas_taxi] ([CODIGO], [COD_BARRIO], [LONG_SIG], [DIRECCION],  [FECHA_COMIENZO]) VALUES (N'TAX_031', 53, 35,'CALLE FRAGATA DANMARK 1','3/6/1975')
INSERT INTO [Paradas_taxi] ([CODIGO], [COD_BARRIO], [LONG_SIG], [DIRECCION],  [FECHA_COMIENZO]) VALUES (N'TAX_013', 71, 17,'CALLE CARLOS J. R. HAMILTON 10','23/1/2008')
INSERT INTO [Paradas_taxi] ([CODIGO], [COD_BARRIO], [LONG_SIG], [DIRECCION],  [FECHA_COMIENZO]) VALUES (N'TAX_033', 78, 12,'CALLE SOR MARIA DE JESUS 3 (MIRADOR DE VISTABELLA)','15/6/2007')
INSERT INTO [Paradas_taxi] ([CODIGO], [COD_BARRIO], [LONG_SIG], [DIRECCION],  [FECHA_COMIENZO]) VALUES (N'TAX_034', 59, 15,'CALLE DOCTOR CORVINIANO RODRIGUEZ LOPEZ 1','10/10/2010')
INSERT INTO [Paradas_taxi] ([CODIGO], [COD_BARRIO], [LONG_SIG], [DIRECCION],  [FECHA_COMIENZO]) VALUES (N'TAX_014', 45, 15,'CALLE ENRIQUE WOLFSON 10','3/6/1975')
INSERT INTO [Paradas_taxi] ([CODIGO], [COD_BARRIO], [LONG_SIG], [DIRECCION],  [FECHA_COMIENZO]) VALUES (N'TAX_040', 61, 17,'AVDA LOS MAJUELOS 2','15/10/2010')
INSERT INTO [Paradas_taxi] ([CODIGO], [COD_BARRIO], [LONG_SIG], [DIRECCION],  [FECHA_COMIENZO]) VALUES (N'TAX_041', NULL, 17,'AVDA LOS MAJUELOS 33','15/10/2011')
INSERT INTO [Paradas_taxi] ([CODIGO], [COD_BARRIO], [LONG_SIG], [DIRECCION],  [FECHA_COMIENZO]) VALUES (N'TAX_042', 81, 17,'RAMBLA 55',null)
INSERT INTO [Paradas_taxi] ([CODIGO], [COD_BARRIO], [LONG_SIG], [DIRECCION],  [FECHA_COMIENZO]) VALUES (N'TAX_043', 81, 130,'RAMBLA 59','15/7/2011')
-- 40 records
go
set nocount off
go

alter table datospadron
add constraint fk_datospadron_barrio
foreign key (cod_barrio)
references Barrio(cod_barrio);
go

alter table datospadron
add constraint fk_datospadron_grupoedad
foreign key (clavegrupo)
references grupoedad(clave);
go

alter table barrio
add constraint fk_barrio_distrito
foreign key (cod_distrito)
references distrito(coddistrito);
go

alter table paradas_taxi
add constraint fk_paradas_taxi_barrio
foreign key (cod_barrio)
references Barrio(cod_barrio);
go