-- Dump File
--
-- Database is ported from MS Access
----------------------------------------------------------
-- Program Version 3.0.148

--CREATE DATABASE [ciclismo]
go
USE [ciclismo]
go

--
-- Table structure for table 'EquipoCampeonato'
--

IF object_id('EquipoCampeonato', 'U') IS NOT NULL DROP TABLE [EquipoCampeonato]

CREATE TABLE [EquipoCampeonato] (
  [id] INT NOT NULL primary key, 
  [idcampeonato] INT, 
  [idequipo] INT, 
  [Nparticipantes] INT
)


--
-- Table structure for table 'Campeonato'
--

IF object_id('Campeonato', 'U') IS NOT NULL DROP TABLE [Campeonato]

CREATE TABLE [Campeonato] (
  [Id] INT NOT NULL primary key, 
  [Campeonato] VARCHAR(255), 
  [Inicio] DATETIME, 
  [Fin] DATETIME, 
  [Premios] FLOAT, 
  [IdOrganizador] INT
)


--
-- Table structure for table 'Equipo'
--

IF object_id('Equipo', 'U') IS NOT NULL DROP TABLE [Equipo]

CREATE TABLE [Equipo] (
  [IdEquipo] INT NOT NULL primary key, 
  [Nombre] VARCHAR(255), 
  [IdTipo] INT, 
  [IdClub] INT, 
  [NCiclistas] INT
)


--
-- Table structure for table 'Club'
--

IF object_id('Club', 'U') IS NOT NULL DROP TABLE [Club]

CREATE TABLE [Club] (
  [idClub] INT NOT NULL primary key, 
  [Club] VARCHAR(255), 
  [IdFederacion] INT
)





--
-- Table structure for table 'TipoEquipo'
--

IF object_id('TipoEquipo', 'U') IS NOT NULL DROP TABLE [TipoEquipo]

CREATE TABLE [TipoEquipo] (
  [IdTipo] INT NOT NULL primary key, 
  [Tipo] VARCHAR(255)
)


--
-- Table structure for table 'Organizador'
--

IF object_id('Organizador', 'U') IS NOT NULL DROP TABLE [Organizador]

CREATE TABLE [Organizador] (
  [Id] INT NOT NULL primary key, 
  [Organizador] VARCHAR(255)
)




--
-- Table structure for table 'Federacion'
--

IF object_id('Federacion', 'U') IS NOT NULL DROP TABLE [Federacion]

CREATE TABLE [Federacion] (
  [Id] INT NOT NULL primary key, 
  [Federacion] VARCHAR(255)
)


go


--
-- Dumping data for table 'Campeonato'
--
set dateformat ymd
go
INSERT INTO [Campeonato] ([Id], [Campeonato], [Inicio], [Fin], [Premios], [IdOrganizador]) VALUES (1, 'CPTO. COMUNITAT VALENCIANA CICLOCROSS', '2014-01-05 00:00:00', '2014-01-05 00:00:00', 27712, 5)
INSERT INTO [Campeonato] ([Id], [Campeonato], [Inicio], [Fin], [Premios], [IdOrganizador]) VALUES (2, 'TROFEO PALMA', '2014-02-09 00:00:00', '2014-02-09 00:00:00', 23440, 23)
INSERT INTO [Campeonato] ([Id], [Campeonato], [Inicio], [Fin], [Premios], [IdOrganizador]) VALUES (3, 'TROFEO MIGJORN', '2014-02-10 00:00:00', '2014-02-10 00:00:00', 17513, 23)
INSERT INTO [Campeonato] ([Id], [Campeonato], [Inicio], [Fin], [Premios], [IdOrganizador]) VALUES (4, 'TROFEO DEIA', '2014-02-11 00:00:00', '2014-02-11 00:00:00', 10196, 23)
INSERT INTO [Campeonato] ([Id], [Campeonato], [Inicio], [Fin], [Premios], [IdOrganizador]) VALUES (5, 'TROFEO PLATJA DE MURO', '2014-02-12 00:00:00', '2014-02-12 00:00:00', 22578, 23)
INSERT INTO [Campeonato] ([Id], [Campeonato], [Inicio], [Fin], [Premios], [IdOrganizador]) VALUES (6, 'II MARCHA DEL NORTE', '2014-02-15 00:00:00', '2014-02-15 00:00:00', 26366, 17)
INSERT INTO [Campeonato] ([Id], [Campeonato], [Inicio], [Fin], [Premios], [IdOrganizador]) VALUES (7, 'OPEN COMUNIDAD DE MADRID XCO 2014#-II TROFEO EXCMO. AYTO. DE ALPEDRETE', '2014-02-16 00:00:00', '2014-02-16 00:00:00', 13131, 47)
INSERT INTO [Campeonato] ([Id], [Campeonato], [Inicio], [Fin], [Premios], [IdOrganizador]) VALUES (8, 'VUELTA A ANDALUCIA-RUTA CICLISTA DEL SOL', '2014-02-19 00:00:00', '2014-02-23 00:00:00', 17857, 101)
INSERT INTO [Campeonato] ([Id], [Campeonato], [Inicio], [Fin], [Premios], [IdOrganizador]) VALUES (9, '48 CIRCUITO DEL GUADIANA', '2014-02-22 00:00:00', '2014-02-22 00:00:00', 27727, 67)
INSERT INTO [Campeonato] ([Id], [Campeonato], [Inicio], [Fin], [Premios], [IdOrganizador]) VALUES (10, '6ª DH GODALL', '2014-02-22 00:00:00', '2014-02-23 00:00:00', 14180, 124)
INSERT INTO [Campeonato] ([Id], [Campeonato], [Inicio], [Fin], [Premios], [IdOrganizador]) VALUES (11, 'ANDALUCIA BIKE RACE', '2014-02-23 00:00:00', '2014-02-28 00:00:00', 11839, 114)
INSERT INTO [Campeonato] ([Id], [Campeonato], [Inicio], [Fin], [Premios], [IdOrganizador]) VALUES (12, '48 CIRCUITO DEL GUADIANA', '2014-02-23 00:00:00', '2014-02-23 00:00:00', 5087, 67)
INSERT INTO [Campeonato] ([Id], [Campeonato], [Inicio], [Fin], [Premios], [IdOrganizador]) VALUES (13, 'III TROFEO CASTILLO DE ONDA', '2014-03-01 00:00:00', '2014-03-01 00:00:00', 28362, 117)
INSERT INTO [Campeonato] ([Id], [Campeonato], [Inicio], [Fin], [Premios], [IdOrganizador]) VALUES (14, 'VUELTA C. A LA REGION DE MURCIA', '2014-03-01 00:00:00', '2014-03-01 00:00:00', 11578, 95)
INSERT INTO [Campeonato] ([Id], [Campeonato], [Inicio], [Fin], [Premios], [IdOrganizador]) VALUES (15, 'XXVIII CLASICA DE ALMERIA', '2014-03-02 00:00:00', '2014-03-02 00:00:00', 7811, 107)
INSERT INTO [Campeonato] ([Id], [Campeonato], [Inicio], [Fin], [Premios], [IdOrganizador]) VALUES (16, 'XXVI TROFEO ENTRADA TOROS Y CABALLOS', '2014-03-02 00:00:00', '2014-03-02 00:00:00', 5938, 5)
INSERT INTO [Campeonato] ([Id], [Campeonato], [Inicio], [Fin], [Premios], [IdOrganizador]) VALUES (17, '68 GP VILLARREAL', '2014-03-08 00:00:00', '2014-03-08 00:00:00', 17866, 139)
INSERT INTO [Campeonato] ([Id], [Campeonato], [Inicio], [Fin], [Premios], [IdOrganizador]) VALUES (18, 'LBR 2014', '2014-03-08 00:00:00', '2014-03-09 00:00:00', 3850, 88)
INSERT INTO [Campeonato] ([Id], [Campeonato], [Inicio], [Fin], [Premios], [IdOrganizador]) VALUES (19, 'MEMORIAL JOAN BAPTISTA LLORENS 2014', '2014-03-09 00:00:00', '2014-03-09 00:00:00', 24012, 36)
INSERT INTO [Campeonato] ([Id], [Campeonato], [Inicio], [Fin], [Premios], [IdOrganizador]) VALUES (20, 'XI AIZTONDO KLASIKOA', '2014-03-09 00:00:00', '2014-03-09 00:00:00', 28979, 3)
INSERT INTO [Campeonato] ([Id], [Campeonato], [Inicio], [Fin], [Premios], [IdOrganizador]) VALUES (21, 'OPEN DE ESPAÑA-DH-SANT ANDREU-ROCK SHOX-G.P.DIPUT. BARCELONA', '2014-03-09 00:00:00', '2014-03-09 00:00:00', 5893, 123)
INSERT INTO [Campeonato] ([Id], [Campeonato], [Inicio], [Fin], [Premios], [IdOrganizador]) VALUES (22, 'COPA CATALANA INTERNACIONAL 2014 - BANYOLES', '2014-03-09 00:00:00', '2014-03-09 00:00:00', 20429, 21)
INSERT INTO [Campeonato] ([Id], [Campeonato], [Inicio], [Fin], [Premios], [IdOrganizador]) VALUES (23, 'XXII MARCHA NACIONAL MTB SOTOSERRANO-CAMINOMORISCO 2014', '2014-03-09 00:00:00', '2014-03-09 00:00:00', 21730, 52)
INSERT INTO [Campeonato] ([Id], [Campeonato], [Inicio], [Fin], [Premios], [IdOrganizador]) VALUES (24, 'XXXIII TROFEO EXCMO. AYTO. DE ZAMORA', '2014-03-15 00:00:00', '2014-03-15 00:00:00', 9912, 149)
INSERT INTO [Campeonato] ([Id], [Campeonato], [Inicio], [Fin], [Premios], [IdOrganizador]) VALUES (25, 'OPEN DE ESPAÑA COFIDIS-XCO - VALLADOLID', '2014-03-15 00:00:00', '2014-03-15 00:00:00', 10756, 110)
INSERT INTO [Campeonato] ([Id], [Campeonato], [Inicio], [Fin], [Premios], [IdOrganizador]) VALUES (26, 'OPEN DE ESPAÑA COFIDIS-XCO-INTERNACIONALES CIUDAD DE VALLADOLID', '2014-03-15 00:00:00', '2014-03-16 00:00:00', 26939, 110)
INSERT INTO [Campeonato] ([Id], [Campeonato], [Inicio], [Fin], [Premios], [IdOrganizador]) VALUES (27, 'BILBAO-BILBAO', '2014-03-16 00:00:00', '2014-03-16 00:00:00', 28473, 43)
INSERT INTO [Campeonato] ([Id], [Campeonato], [Inicio], [Fin], [Premios], [IdOrganizador]) VALUES (28, 'LXVII TROFEO IBERDROLA DE CICLISMO', '2014-03-16 00:00:00', '2014-03-16 00:00:00', 14722, 149)
INSERT INTO [Campeonato] ([Id], [Campeonato], [Inicio], [Fin], [Premios], [IdOrganizador]) VALUES (29, 'XVI G.P. MACARIO-AYTO. ALCALÁ DE HENARES', '2014-03-16 00:00:00', '2014-03-16 00:00:00', 21482, 72)
INSERT INTO [Campeonato] ([Id], [Campeonato], [Inicio], [Fin], [Premios], [IdOrganizador]) VALUES (30, 'VII MARCHA BTT KOMOKABRAS´14', '2014-03-16 00:00:00', '2014-03-16 00:00:00', 22735, 147)
INSERT INTO [Campeonato] ([Id], [Campeonato], [Inicio], [Fin], [Premios], [IdOrganizador]) VALUES (31, '72 CIRCUITO DE PASCUAS-CAMPEONATO NAVARRO LINEA', '2014-03-16 00:00:00', '2014-03-16 00:00:00', 3017, 132)
INSERT INTO [Campeonato] ([Id], [Campeonato], [Inicio], [Fin], [Premios], [IdOrganizador]) VALUES (32, 'G.P. CICLISTA PRIMAVERA', '2014-03-21 00:00:00', '2014-03-21 00:00:00', 2631, 98)
INSERT INTO [Campeonato] ([Id], [Campeonato], [Inicio], [Fin], [Premios], [IdOrganizador]) VALUES (33, 'OPEN COMUNIDAD DE MADRID XCO 2014 2 - IX TROFEO EXCMO. AYTO VILLA DEL PRADO', '2014-03-23 00:00:00', '2014-03-23 00:00:00', 15228, 140)
INSERT INTO [Campeonato] ([Id], [Campeonato], [Inicio], [Fin], [Premios], [IdOrganizador]) VALUES (34, 'VOLTA CICLISTA A CATALUNYA', '2014-03-24 00:00:00', '2014-03-30 00:00:00', 6532, 146)
INSERT INTO [Campeonato] ([Id], [Campeonato], [Inicio], [Fin], [Premios], [IdOrganizador]) VALUES (35, '58 TROFEO PABLO LAGUNA', '2014-03-29 00:00:00', '2014-03-29 00:00:00', 6537, 126)
INSERT INTO [Campeonato] ([Id], [Campeonato], [Inicio], [Fin], [Premios], [IdOrganizador]) VALUES (36, 'XXIV TROFEO GUERRITA-MEMORIAL JUAN ROMERO Y DIEGO SANCHEZ-', '2014-03-30 00:00:00', '2014-03-30 00:00:00', 28144, 68)
INSERT INTO [Campeonato] ([Id], [Campeonato], [Inicio], [Fin], [Premios], [IdOrganizador]) VALUES (37, 'III PREMIO TURIENZO CASTAÑERO', '2014-03-30 00:00:00', '2014-03-30 00:00:00', 20546, 14)
INSERT INTO [Campeonato] ([Id], [Campeonato], [Inicio], [Fin], [Premios], [IdOrganizador]) VALUES (38, 'MARCHA CAMBRILS PARK-COSTA DAURADA', '2014-03-30 00:00:00', '2014-03-30 00:00:00', 24321, 35)
INSERT INTO [Campeonato] ([Id], [Campeonato], [Inicio], [Fin], [Premios], [IdOrganizador]) VALUES (39, 'I CHALLENGE CASTILLA Y LEON MASTER (SUSPENDIDA)', '2014-04-05 00:00:00', '2014-04-06 00:00:00', 5493, 105)
INSERT INTO [Campeonato] ([Id], [Campeonato], [Inicio], [Fin], [Premios], [IdOrganizador]) VALUES (40, 'OPEN DE ESPAÑA COFIDIS-XCO JEREZ', '2014-04-05 00:00:00', '2014-04-05 00:00:00', 27397, 110)
INSERT INTO [Campeonato] ([Id], [Campeonato], [Inicio], [Fin], [Premios], [IdOrganizador]) VALUES (41, 'OPEN DE ESPAÑA COFIDIS-XCO JEREZ', '2014-04-05 00:00:00', '2014-04-06 00:00:00', 21684, 110)
INSERT INTO [Campeonato] ([Id], [Campeonato], [Inicio], [Fin], [Premios], [IdOrganizador]) VALUES (42, 'GRAN PREMIO MIGUEL INDURAIN', '2014-04-05 00:00:00', '2014-04-05 00:00:00', 24021, 56)
INSERT INTO [Campeonato] ([Id], [Campeonato], [Inicio], [Fin], [Premios], [IdOrganizador]) VALUES (43, 'ERANDIO-ERANDIO', '2014-04-05 00:00:00', '2014-04-05 00:00:00', 25696, 54)
INSERT INTO [Campeonato] ([Id], [Campeonato], [Inicio], [Fin], [Premios], [IdOrganizador]) VALUES (44, 'XXIII MARCHA CICLOTURISTA CASTRO-CASTRO', '2014-04-06 00:00:00', '2014-04-06 00:00:00', 29571, 38)
INSERT INTO [Campeonato] ([Id], [Campeonato], [Inicio], [Fin], [Premios], [IdOrganizador]) VALUES (45, '40 GRAN PREMIO PRIMAVERA', '2014-04-06 00:00:00', '2014-04-06 00:00:00', 22074, 106)
INSERT INTO [Campeonato] ([Id], [Campeonato], [Inicio], [Fin], [Premios], [IdOrganizador]) VALUES (46, 'VUELTA CICLISTA A LA RIOJA', '2014-04-06 00:00:00', '2014-04-06 00:00:00', 23776, 83)
INSERT INTO [Campeonato] ([Id], [Campeonato], [Inicio], [Fin], [Premios], [IdOrganizador]) VALUES (47, 'MEMORIAL VALENCIAGA', '2014-04-06 00:00:00', '2014-04-06 00:00:00', 24153, 51)
INSERT INTO [Campeonato] ([Id], [Campeonato], [Inicio], [Fin], [Premios], [IdOrganizador]) VALUES (48, 'III TROFEO FEDERACION COPA VALLADOLID MEMORIAL ANGEL LOZANO', '2014-04-06 00:00:00', '2014-04-06 00:00:00', 4379, 108)
INSERT INTO [Campeonato] ([Id], [Campeonato], [Inicio], [Fin], [Premios], [IdOrganizador]) VALUES (49, 'VUELTA AL PAIS VASCO', '2014-04-07 00:00:00', '2014-04-12 00:00:00', 14673, 100)
INSERT INTO [Campeonato] ([Id], [Campeonato], [Inicio], [Fin], [Premios], [IdOrganizador]) VALUES (50, 'II HANDBIKE BARCELONA CUP 2014', '2014-04-12 00:00:00', '2014-04-13 00:00:00', 12210, 69)
INSERT INTO [Campeonato] ([Id], [Campeonato], [Inicio], [Fin], [Premios], [IdOrganizador]) VALUES (51, 'OPEN DE ESPAÑA-DHI -VIGOBIKE CONTEST- VIGO - PONTEVEDRA', '2014-04-12 00:00:00', '2014-04-13 00:00:00', 27517, 119)
INSERT INTO [Campeonato] ([Id], [Campeonato], [Inicio], [Fin], [Premios], [IdOrganizador]) VALUES (52, 'KLASIKA PRIMAVERA DE AMOREBIETA', '2014-04-13 00:00:00', '2014-04-13 00:00:00', 25934, 6)
INSERT INTO [Campeonato] ([Id], [Campeonato], [Inicio], [Fin], [Premios], [IdOrganizador]) VALUES (53, 'MARCHA CLI. DONOSTIA-BAIONA-DONOSTIA', '2014-04-13 00:00:00', '2014-04-13 00:00:00', 1418, 16)
INSERT INTO [Campeonato] ([Id], [Campeonato], [Inicio], [Fin], [Premios], [IdOrganizador]) VALUES (54, 'XIV TROFEO BTT LA VEGUILLAR(SUSPENDIDA)', '2014-04-19 00:00:00', '2014-04-19 00:00:00', 13621, 19)
INSERT INTO [Campeonato] ([Id], [Campeonato], [Inicio], [Fin], [Premios], [IdOrganizador]) VALUES (55, 'VUELTA NAVARRA MASTER CHALLENGE', '2014-04-26 00:00:00', '2014-04-27 00:00:00', 11400, 42)
INSERT INTO [Campeonato] ([Id], [Campeonato], [Inicio], [Fin], [Premios], [IdOrganizador]) VALUES (56, '52 CLASICA DE PASCUA', '2014-04-26 00:00:00', '2014-04-26 00:00:00', 5115, 103)
INSERT INTO [Campeonato] ([Id], [Campeonato], [Inicio], [Fin], [Premios], [IdOrganizador]) VALUES (57, 'MALLORCA312-IBEROSTAR PLAYA DE MURO', '2014-04-26 00:00:00', '2014-04-26 00:00:00', 13166, 8)
INSERT INTO [Campeonato] ([Id], [Campeonato], [Inicio], [Fin], [Premios], [IdOrganizador]) VALUES (58, 'XXII COPA DIPUTACIÓN DE LEÓN-MEMORIAL CHELY ALVAREZ', '2014-04-26 00:00:00', '2014-04-26 00:00:00', 5254, 15)
INSERT INTO [Campeonato] ([Id], [Campeonato], [Inicio], [Fin], [Premios], [IdOrganizador]) VALUES (59, 'OPEN DE ESPAÑA-DHI -MORATA DE TAJUÑA - MADRID', '2014-04-26 00:00:00', '2014-04-27 00:00:00', 21514, 110)
INSERT INTO [Campeonato] ([Id], [Campeonato], [Inicio], [Fin], [Premios], [IdOrganizador]) VALUES (60, 'XXX MEMORIAL RODRIGUEZ INGUANZO(SUSPENDIDA)', '2014-04-27 00:00:00', '2014-04-27 00:00:00', 27087, 48)
INSERT INTO [Campeonato] ([Id], [Campeonato], [Inicio], [Fin], [Premios], [IdOrganizador]) VALUES (61, 'MEMORIAL PASCUAL MOMPARLER', '2014-04-27 00:00:00', '2014-04-27 00:00:00', 24567, 141)
INSERT INTO [Campeonato] ([Id], [Campeonato], [Inicio], [Fin], [Premios], [IdOrganizador]) VALUES (62, 'MARCHA INTERNACIONAL CICLOTURISTA FRANCISCO SANZ', '2014-04-27 00:00:00', '2014-04-27 00:00:00', 6884, 4)
INSERT INTO [Campeonato] ([Id], [Campeonato], [Inicio], [Fin], [Premios], [IdOrganizador]) VALUES (63, 'LVI GRAN PREMIO VILLA DE CUELLAR-CLASICA LA CHULETA', '2014-04-27 00:00:00', '2014-04-27 00:00:00', 26716, 115)
INSERT INTO [Campeonato] ([Id], [Campeonato], [Inicio], [Fin], [Premios], [IdOrganizador]) VALUES (64, 'LXXXI CLASICA SANTACRUZ', '2014-05-01 00:00:00', '2014-05-01 00:00:00', 13266, 125)
INSERT INTO [Campeonato] ([Id], [Campeonato], [Inicio], [Fin], [Premios], [IdOrganizador]) VALUES (65, 'V. ASTURIAS-JULIO ALVAREZ MENDO', '2014-05-02 00:00:00', '2014-05-04 00:00:00', 4514, 7)
INSERT INTO [Campeonato] ([Id], [Campeonato], [Inicio], [Fin], [Premios], [IdOrganizador]) VALUES (66, 'GIPUZKOA XX KLASIKA', '2014-05-03 00:00:00', '2014-05-03 00:00:00', 26003, 66)
INSERT INTO [Campeonato] ([Id], [Campeonato], [Inicio], [Fin], [Premios], [IdOrganizador]) VALUES (67, 'I COPA DE ESPAÑA DE HANDBIKE Y TRICICLOS', '2014-05-03 00:00:00', '2014-05-03 00:00:00', 22516, 86)
INSERT INTO [Campeonato] ([Id], [Campeonato], [Inicio], [Fin], [Premios], [IdOrganizador]) VALUES (68, 'III RUTA DE CADETES REGION DE MURCIA', '2014-05-03 00:00:00', '2014-05-03 00:00:00', 23317, 60)
INSERT INTO [Campeonato] ([Id], [Campeonato], [Inicio], [Fin], [Premios], [IdOrganizador]) VALUES (69, '1ª GRAN PREMIO SENDEROS DE CELLERS', '2014-05-04 00:00:00', '2014-05-04 00:00:00', 18779, 104)
INSERT INTO [Campeonato] ([Id], [Campeonato], [Inicio], [Fin], [Premios], [IdOrganizador]) VALUES (70, 'I COPA DE ESPAÑA DE HANDBIKE Y TRICICLOS', '2014-05-04 00:00:00', '2014-05-04 00:00:00', 11138, 65)
INSERT INTO [Campeonato] ([Id], [Campeonato], [Inicio], [Fin], [Premios], [IdOrganizador]) VALUES (71, 'XXII DESAFIO 132', '2014-05-04 00:00:00', '2014-05-04 00:00:00', 24233, 94)
INSERT INTO [Campeonato] ([Id], [Campeonato], [Inicio], [Fin], [Premios], [IdOrganizador]) VALUES (72, 'TROFEO CIUDAD DE SANTANDER- VUELTA A CANTABRIA MASTER', '2014-05-04 00:00:00', '2014-05-04 00:00:00', 23552, 87)
INSERT INTO [Campeonato] ([Id], [Campeonato], [Inicio], [Fin], [Premios], [IdOrganizador]) VALUES (73, '42 BIDASOA ITZULIA', '2014-05-07 00:00:00', '2014-05-10 00:00:00', 28253, 20)
INSERT INTO [Campeonato] ([Id], [Campeonato], [Inicio], [Fin], [Premios], [IdOrganizador]) VALUES (74, 'VUELTA A LA COMUNIDAD DE MADRID (SUSPENDIDA)', '2014-05-10 00:00:00', '2014-05-10 00:00:00', 23549, 59)
INSERT INTO [Campeonato] ([Id], [Campeonato], [Inicio], [Fin], [Premios], [IdOrganizador]) VALUES (75, 'BIZKAIKOLOREAK KLASIKA', '2014-05-10 00:00:00', '2014-05-10 00:00:00', 3858, 74)
INSERT INTO [Campeonato] ([Id], [Campeonato], [Inicio], [Fin], [Premios], [IdOrganizador]) VALUES (76, 'OPEN DE ESPAÑA COFIDIS-XCO-VALL DE LORD', '2014-05-10 00:00:00', '2014-05-10 00:00:00', 13365, 110)
INSERT INTO [Campeonato] ([Id], [Campeonato], [Inicio], [Fin], [Premios], [IdOrganizador]) VALUES (77, 'OPEN DE ESPAÑA COFIDIS-XCO-VALL DE LORD', '2014-05-10 00:00:00', '2014-05-11 00:00:00', 6130, 110)
INSERT INTO [Campeonato] ([Id], [Campeonato], [Inicio], [Fin], [Premios], [IdOrganizador]) VALUES (78, '1ª MARCHA CICLOT. MEM. SALVADOR YANCI', '2014-05-11 00:00:00', '2014-05-11 00:00:00', 29600, 18)
INSERT INTO [Campeonato] ([Id], [Campeonato], [Inicio], [Fin], [Premios], [IdOrganizador]) VALUES (79, 'III MARCHA MEDIO CUDEYO-PEÑA CABARGA', '2014-05-11 00:00:00', '2014-05-11 00:00:00', 19634, 49)
INSERT INTO [Campeonato] ([Id], [Campeonato], [Inicio], [Fin], [Premios], [IdOrganizador]) VALUES (80, 'IV TROFEO COPA VALLADOLID SAN PEDRO REGALADO', '2014-05-11 00:00:00', '2014-05-11 00:00:00', 3754, 108)
INSERT INTO [Campeonato] ([Id], [Campeonato], [Inicio], [Fin], [Premios], [IdOrganizador]) VALUES (81, '2º TROFEO LUSO GALAICO', '2014-05-11 00:00:00', '2014-05-11 00:00:00', 3208, 61)
INSERT INTO [Campeonato] ([Id], [Campeonato], [Inicio], [Fin], [Premios], [IdOrganizador]) VALUES (82, 'XXVIII CLASICA RIOJA DE CICLOTURISMO', '2014-05-11 00:00:00', '2014-05-11 00:00:00', 3076, 62)
INSERT INTO [Campeonato] ([Id], [Campeonato], [Inicio], [Fin], [Premios], [IdOrganizador]) VALUES (83, 'XVII MARXA CICLOTURISTA "TERRA DE REMENCES"', '2014-05-11 00:00:00', '2014-05-11 00:00:00', 25744, 13)
INSERT INTO [Campeonato] ([Id], [Campeonato], [Inicio], [Fin], [Premios], [IdOrganizador]) VALUES (84, 'CAMPEONATO INTERNACIONAL DE POLICIAS BTT-SALOU-TARRAGONA', '2014-05-16 00:00:00', '2014-05-16 00:00:00', 11704, 92)
INSERT INTO [Campeonato] ([Id], [Campeonato], [Inicio], [Fin], [Premios], [IdOrganizador]) VALUES (85, 'VUELTA CASTILLA Y LEON', '2014-05-16 00:00:00', '2014-05-18 00:00:00', 23269, 34)
INSERT INTO [Campeonato] ([Id], [Campeonato], [Inicio], [Fin], [Premios], [IdOrganizador]) VALUES (86, 'CAMPEONATO INTERNACIONAL DE POLICIAS CRI-SALOU-TARRAGONA', '2014-05-17 00:00:00', '2014-05-17 00:00:00', 25277, 92)
INSERT INTO [Campeonato] ([Id], [Campeonato], [Inicio], [Fin], [Premios], [IdOrganizador]) VALUES (87, 'MARXA CICLOTURISTA "MONTSEC-MONTSEC"', '2014-05-17 00:00:00', '2014-05-17 00:00:00', 14260, 11)
INSERT INTO [Campeonato] ([Id], [Campeonato], [Inicio], [Fin], [Premios], [IdOrganizador]) VALUES (88, 'VOLTA CICLISTA DEL LLAGOSTI 2014', '2014-05-17 00:00:00', '2014-05-17 00:00:00', 20320, 144)
INSERT INTO [Campeonato] ([Id], [Campeonato], [Inicio], [Fin], [Premios], [IdOrganizador]) VALUES (89, 'II LAUDIOAR ZIKLOTURISTA', '2014-05-17 00:00:00', '2014-05-17 00:00:00', 17106, 82)
INSERT INTO [Campeonato] ([Id], [Campeonato], [Inicio], [Fin], [Premios], [IdOrganizador]) VALUES (90, 'MARCHA CICLOTURISTA"GEOPARQUE DEL MAESTRAZGO"', '2014-05-17 00:00:00', '2014-05-17 00:00:00', 2199, 27)
INSERT INTO [Campeonato] ([Id], [Campeonato], [Inicio], [Fin], [Premios], [IdOrganizador]) VALUES (91, 'XXX CLASICA CIUDAD DE TORREDONJIMENO (COPA DE ESPAÑA)', '2014-05-18 00:00:00', '2014-05-18 00:00:00', 25352, 128)
INSERT INTO [Campeonato] ([Id], [Campeonato], [Inicio], [Fin], [Premios], [IdOrganizador]) VALUES (92, 'I COPA ESPAÑA SENIOR Y MASTER QUEBRANTAHUESOS', '2014-05-18 00:00:00', '2014-05-18 00:00:00', 11668, 102)
INSERT INTO [Campeonato] ([Id], [Campeonato], [Inicio], [Fin], [Premios], [IdOrganizador]) VALUES (93, 'I NOR3XTREM', '2014-05-18 00:00:00', '2014-05-18 00:00:00', 18888, 44)
INSERT INTO [Campeonato] ([Id], [Campeonato], [Inicio], [Fin], [Premios], [IdOrganizador]) VALUES (94, 'XIII MARCHA CICLOTURISTA SIERRA NORTE', '2014-05-18 00:00:00', '2014-05-18 00:00:00', 26377, 80)
INSERT INTO [Campeonato] ([Id], [Campeonato], [Inicio], [Fin], [Premios], [IdOrganizador]) VALUES (95, 'CAMPEONATO INTERNACIONAL DE POLICIAS RUTA-SALOU-TARRAGONA', '2014-05-18 00:00:00', '2014-05-18 00:00:00', 21188, 92)
INSERT INTO [Campeonato] ([Id], [Campeonato], [Inicio], [Fin], [Premios], [IdOrganizador]) VALUES (96, 'CLASICA CICLOTURISTA F.M. BAHAMONTES', '2014-05-18 00:00:00', '2014-05-18 00:00:00', 11867, 37)
INSERT INTO [Campeonato] ([Id], [Campeonato], [Inicio], [Fin], [Premios], [IdOrganizador]) VALUES (97, 'VOLTA CICLISTA CASTELLO SUB23', '2014-05-22 00:00:00', '2014-05-24 00:00:00', 6302, 117)
INSERT INTO [Campeonato] ([Id], [Campeonato], [Inicio], [Fin], [Premios], [IdOrganizador]) VALUES (98, 'XXXI MEMORIAL LUIS MUÑOZ', '2014-05-24 00:00:00', '2014-05-24 00:00:00', 25361, 32)
INSERT INTO [Campeonato] ([Id], [Campeonato], [Inicio], [Fin], [Premios], [IdOrganizador]) VALUES (99, 'I MARCHA CICLOTURISTA BENJAMIN NOVAL', '2014-05-24 00:00:00', '2014-05-24 00:00:00', 11129, 96)
INSERT INTO [Campeonato] ([Id], [Campeonato], [Inicio], [Fin], [Premios], [IdOrganizador]) VALUES (100, 'XX MEMORIAL DAVID MONTENEGRO', '2014-05-24 00:00:00', '2014-05-24 00:00:00', 26169, 55)
INSERT INTO [Campeonato] ([Id], [Campeonato], [Inicio], [Fin], [Premios], [IdOrganizador]) VALUES (101, 'COPA DE ESPAÑA BMX 2014', '2014-05-24 00:00:00', '2014-05-25 00:00:00', 2729, 1)
INSERT INTO [Campeonato] ([Id], [Campeonato], [Inicio], [Fin], [Premios], [IdOrganizador]) VALUES (102, 'XVII MARCHA CICLOTURISTA SIERRAS DE MORATALLA', '2014-05-24 00:00:00', '2014-05-24 00:00:00', 10675, 91)
INSERT INTO [Campeonato] ([Id], [Campeonato], [Inicio], [Fin], [Premios], [IdOrganizador]) VALUES (103, 'LA SAMUSANCHEZ ENKARTOUR', '2014-05-24 00:00:00', '2014-05-24 00:00:00', 15718, 148)
INSERT INTO [Campeonato] ([Id], [Campeonato], [Inicio], [Fin], [Premios], [IdOrganizador]) VALUES (104, 'VIII LOS 10000 DEL SOPLAO', '2014-05-24 00:00:00', '2014-05-24 00:00:00', 23753, 85)
INSERT INTO [Campeonato] ([Id], [Campeonato], [Inicio], [Fin], [Premios], [IdOrganizador]) VALUES (105, 'CICLOTURISTA PAMPLONA', '2014-05-24 00:00:00', '2014-05-24 00:00:00', 5757, 76)
INSERT INTO [Campeonato] ([Id], [Campeonato], [Inicio], [Fin], [Premios], [IdOrganizador]) VALUES (106, 'II CLASICA DE LA MONTAÑA PALENTINA', '2014-05-24 00:00:00', '2014-05-24 00:00:00', 26727, 90)
INSERT INTO [Campeonato] ([Id], [Campeonato], [Inicio], [Fin], [Premios], [IdOrganizador]) VALUES (107, '3 BIG RIDE TUI', '2014-05-24 00:00:00', '2014-05-25 00:00:00', 16115, 22)
INSERT INTO [Campeonato] ([Id], [Campeonato], [Inicio], [Fin], [Premios], [IdOrganizador]) VALUES (108, 'BIZKAIA I ZIKLOPISTARD MEETING', '2014-05-25 00:00:00', '2014-05-25 00:00:00', 2450, 53)
INSERT INTO [Campeonato] ([Id], [Campeonato], [Inicio], [Fin], [Premios], [IdOrganizador]) VALUES (109, 'XXXIII CURSA CICLISTA DEL LLOBREGAT "NAVAS-SANT BOI"', '2014-05-25 00:00:00', '2014-05-25 00:00:00', 26953, 116)
INSERT INTO [Campeonato] ([Id], [Campeonato], [Inicio], [Fin], [Premios], [IdOrganizador]) VALUES (110, '7ª VOLTA CICLISTA AS COMARCAR DE LUGO', '2014-05-30 00:00:00', '2014-06-01 00:00:00', 28328, 41)
INSERT INTO [Campeonato] ([Id], [Campeonato], [Inicio], [Fin], [Premios], [IdOrganizador]) VALUES (111, 'VUELTA CICLISTA A NAVARRA 2014', '2014-05-30 00:00:00', '2014-06-01 00:00:00', 1293, 132)
INSERT INTO [Campeonato] ([Id], [Campeonato], [Inicio], [Fin], [Premios], [IdOrganizador]) VALUES (112, 'CAMPEONATO DE ESPAÑA DE BOMBEROS BTT - BENIDORM', '2014-05-31 00:00:00', '2014-05-31 00:00:00', 14232, 120)
INSERT INTO [Campeonato] ([Id], [Campeonato], [Inicio], [Fin], [Premios], [IdOrganizador]) VALUES (113, '14 PUERTOS DE LA RIBAGORZA', '2014-05-31 00:00:00', '2014-05-31 00:00:00', 25370, 29)
INSERT INTO [Campeonato] ([Id], [Campeonato], [Inicio], [Fin], [Premios], [IdOrganizador]) VALUES (114, '16ª CICLO RUTA INTERNACIONAL GRAN FONDO "SERRANÍA DE RONDA - LA SUFRIDA"', '2014-05-31 00:00:00', '2014-05-31 00:00:00', 29110, 78)
INSERT INTO [Campeonato] ([Id], [Campeonato], [Inicio], [Fin], [Premios], [IdOrganizador]) VALUES (115, 'II MARCHA CICLOTURISTA INT LA TITANICA', '2014-05-31 00:00:00', '2014-05-31 00:00:00', 17375, 70)
INSERT INTO [Campeonato] ([Id], [Campeonato], [Inicio], [Fin], [Premios], [IdOrganizador]) VALUES (116, 'XII MARCHA CICLOTURISTA BRIDGESTONE', '2014-06-01 00:00:00', '2014-06-01 00:00:00', 16648, 25)
INSERT INTO [Campeonato] ([Id], [Campeonato], [Inicio], [Fin], [Premios], [IdOrganizador]) VALUES (117, 'CAMPEONATO DE ESPAÑA DE BOMBEROS RUTA-BENIDORM', '2014-06-01 00:00:00', '2014-06-01 00:00:00', 29718, 120)
INSERT INTO [Campeonato] ([Id], [Campeonato], [Inicio], [Fin], [Premios], [IdOrganizador]) VALUES (118, 'XXX GRAN PREMIO P.C.C MONJE', '2014-06-01 00:00:00', '2014-06-01 00:00:00', 29427, 89)
INSERT INTO [Campeonato] ([Id], [Campeonato], [Inicio], [Fin], [Premios], [IdOrganizador]) VALUES (119, 'IV MARCHA ALBERTO CONTADOR', '2014-06-01 00:00:00', '2014-06-01 00:00:00', 15899, 34)
INSERT INTO [Campeonato] ([Id], [Campeonato], [Inicio], [Fin], [Premios], [IdOrganizador]) VALUES (120, '13 VOLTA A PROVINCIA DA CORUÑA', '2014-06-06 00:00:00', '2014-06-08 00:00:00', 17170, 61)
INSERT INTO [Campeonato] ([Id], [Campeonato], [Inicio], [Fin], [Premios], [IdOrganizador]) VALUES (121, 'MARCHA CICLOTURISTA DE LA JACETANIA-MEMORIAL.JOSE A. CASAJUS', '2014-06-07 00:00:00', '2014-06-07 00:00:00', 22171, 31)
INSERT INTO [Campeonato] ([Id], [Campeonato], [Inicio], [Fin], [Premios], [IdOrganizador]) VALUES (122, 'IX MARCHA IÑIGO CUESTA', '2014-06-07 00:00:00', '2014-06-07 00:00:00', 5833, 142)
INSERT INTO [Campeonato] ([Id], [Campeonato], [Inicio], [Fin], [Premios], [IdOrganizador]) VALUES (123, 'XXXIV PRUEBA CICLOTURISTA VITORIA', '2014-06-07 00:00:00', '2014-06-07 00:00:00', 2638, 145)
INSERT INTO [Campeonato] ([Id], [Campeonato], [Inicio], [Fin], [Premios], [IdOrganizador]) VALUES (124, '4 TOUR DEL JUGUETE COSTA BLANCA', '2014-06-07 00:00:00', '2014-06-07 00:00:00', 28260, 71)
INSERT INTO [Campeonato] ([Id], [Campeonato], [Inicio], [Fin], [Premios], [IdOrganizador]) VALUES (125, 'PRUEBA BTT LA ROCA DEL VALLES', '2014-06-07 00:00:00', '2014-06-08 00:00:00', 21918, 79)
INSERT INTO [Campeonato] ([Id], [Campeonato], [Inicio], [Fin], [Premios], [IdOrganizador]) VALUES (126, 'VI LOS 10000 DEL SOPLAO', '2014-06-07 00:00:00', '2014-06-07 00:00:00', 11649, 85)
INSERT INTO [Campeonato] ([Id], [Campeonato], [Inicio], [Fin], [Premios], [IdOrganizador]) VALUES (127, 'I CARRERA DE HANBIKE DE OIA', '2014-06-07 00:00:00', '2014-06-07 00:00:00', 2545, 40)
INSERT INTO [Campeonato] ([Id], [Campeonato], [Inicio], [Fin], [Premios], [IdOrganizador]) VALUES (128, 'MARCHA CICLOTURISTA PAX AVANT', '2014-06-07 00:00:00', '2014-06-07 00:00:00', 19158, 81)
INSERT INTO [Campeonato] ([Id], [Campeonato], [Inicio], [Fin], [Premios], [IdOrganizador]) VALUES (129, 'COPA DE ESPAÑA SENIOR-MASTER 30', '2014-06-08 00:00:00', '2014-06-08 00:00:00', 12825, 60)
INSERT INTO [Campeonato] ([Id], [Campeonato], [Inicio], [Fin], [Premios], [IdOrganizador]) VALUES (130, 'MARCHA DESAFIO PUERTOS DE GUADARRAMA', '2014-06-08 00:00:00', '2014-06-08 00:00:00', 29525, 59)
INSERT INTO [Campeonato] ([Id], [Campeonato], [Inicio], [Fin], [Premios], [IdOrganizador]) VALUES (131, 'DURANGO-DURANGO EMAKUMEEN SARIA 2014', '2014-06-10 00:00:00', '2014-06-10 00:00:00', 27862, 50)
INSERT INTO [Campeonato] ([Id], [Campeonato], [Inicio], [Fin], [Premios], [IdOrganizador]) VALUES (132, 'EMAKUMEEN EUSKAL BIRA', '2014-06-12 00:00:00', '2014-06-15 00:00:00', 3416, 74)
INSERT INTO [Campeonato] ([Id], [Campeonato], [Inicio], [Fin], [Premios], [IdOrganizador]) VALUES (133, 'XXXII GRAN PREMIO SAN ANTONIO', '2014-06-13 00:00:00', '2014-06-13 00:00:00', 26531, 137)
INSERT INTO [Campeonato] ([Id], [Campeonato], [Inicio], [Fin], [Premios], [IdOrganizador]) VALUES (134, 'BIG RIDE CASTEJON DE SOS', '2014-06-14 00:00:00', '2014-06-15 00:00:00', 14248, 29)
INSERT INTO [Campeonato] ([Id], [Campeonato], [Inicio], [Fin], [Premios], [IdOrganizador]) VALUES (135, 'CICLOTURISTA SIERRA DE GUDAR', '2014-06-14 00:00:00', '2014-06-14 00:00:00', 13885, 33)
INSERT INTO [Campeonato] ([Id], [Campeonato], [Inicio], [Fin], [Premios], [IdOrganizador]) VALUES (136, 'IRATI XTREM 2014(SUSPENDIDA)', '2014-06-14 00:00:00', '2014-06-14 00:00:00', 17310, 45)
INSERT INTO [Campeonato] ([Id], [Campeonato], [Inicio], [Fin], [Premios], [IdOrganizador]) VALUES (137, 'OPEN DE ESPAÑA COFIDIS-XCO - AGUILAR DE CAMPO', '2014-06-14 00:00:00', '2014-06-14 00:00:00', 8871, 110)
INSERT INTO [Campeonato] ([Id], [Campeonato], [Inicio], [Fin], [Premios], [IdOrganizador]) VALUES (138, 'OPEN DE ESPAÑA COFIDIS-XCO- AGULAR DE CAMPOO - PALENCIA', '2014-06-14 00:00:00', '2014-06-15 00:00:00', 28232, 110)
INSERT INTO [Campeonato] ([Id], [Campeonato], [Inicio], [Fin], [Premios], [IdOrganizador]) VALUES (139, 'NIGTH & BIKE MURCHANTE 2014', '2014-06-14 00:00:00', '2014-06-14 00:00:00', 26874, 75)
INSERT INTO [Campeonato] ([Id], [Campeonato], [Inicio], [Fin], [Premios], [IdOrganizador]) VALUES (140, '25º Trofeo Pamplona-Bayonne Ciudad. Hnas', '2014-06-15 00:00:00', '2014-06-15 00:00:00', 6229, 132)
INSERT INTO [Campeonato] ([Id], [Campeonato], [Inicio], [Fin], [Premios], [IdOrganizador]) VALUES (141, 'TROFEU MASTERS POBLE DE BELLREGUARD', '2014-06-15 00:00:00', '2014-06-15 00:00:00', 15912, 77)
INSERT INTO [Campeonato] ([Id], [Campeonato], [Inicio], [Fin], [Premios], [IdOrganizador]) VALUES (142, 'XXVIII VUELTA AL BESAYA', '2014-06-20 00:00:00', '2014-06-22 00:00:00', 5368, 17)
INSERT INTO [Campeonato] ([Id], [Campeonato], [Inicio], [Fin], [Premios], [IdOrganizador]) VALUES (143, 'XI TREPARRISCOS', '2014-06-21 00:00:00', '2014-06-21 00:00:00', 12520, 102)
INSERT INTO [Campeonato] ([Id], [Campeonato], [Inicio], [Fin], [Premios], [IdOrganizador]) VALUES (144, 'CHAIN REACTION CYLES.COM-XXIV QUEBRANTAHUESOS', '2014-06-21 00:00:00', '2014-06-21 00:00:00', 26928, 102)
INSERT INTO [Campeonato] ([Id], [Campeonato], [Inicio], [Fin], [Premios], [IdOrganizador]) VALUES (145, 'CHALLENTE RUTA DO ALBARIÑO JUNIOR-SUB20', '2014-06-21 00:00:00', '2014-06-21 00:00:00', 5687, 61)
INSERT INTO [Campeonato] ([Id], [Campeonato], [Inicio], [Fin], [Premios], [IdOrganizador]) VALUES (146, 'LVI TROFEO SAN JUAN Y SAN PEDRO', '2014-06-21 00:00:00', '2014-06-21 00:00:00', 21307, 2)
INSERT INTO [Campeonato] ([Id], [Campeonato], [Inicio], [Fin], [Premios], [IdOrganizador]) VALUES (147, 'V VUELTA CICLISTA COMARCA DEL RIO MULA', '2014-06-21 00:00:00', '2014-06-22 00:00:00', 5343, 60)
INSERT INTO [Campeonato] ([Id], [Campeonato], [Inicio], [Fin], [Premios], [IdOrganizador]) VALUES (148, 'OPEN DE ESPAÑA-DHI - SIERRA NEVADA - GRANADA', '2014-06-21 00:00:00', '2014-06-22 00:00:00', 27795, 110)
INSERT INTO [Campeonato] ([Id], [Campeonato], [Inicio], [Fin], [Premios], [IdOrganizador]) VALUES (149, 'XXVII MEMORIAL ALBERTO FERNANDEZ', '2014-06-22 00:00:00', '2014-06-22 00:00:00', 15852, 2)
INSERT INTO [Campeonato] ([Id], [Campeonato], [Inicio], [Fin], [Premios], [IdOrganizador]) VALUES (150, 'II CHALLENGE RUTA ALBARIÑO JUNIOR-SUB 20', '2014-06-22 00:00:00', '2014-06-22 00:00:00', 10198, 61)
INSERT INTO [Campeonato] ([Id], [Campeonato], [Inicio], [Fin], [Premios], [IdOrganizador]) VALUES (151, '52 VUELTA CICLISTA A SEGOVIA', '2014-06-28 00:00:00', '2014-06-29 00:00:00', 10259, 134)
INSERT INTO [Campeonato] ([Id], [Campeonato], [Inicio], [Fin], [Premios], [IdOrganizador]) VALUES (152, 'CAMPEONATO DE ESPAÑA DE TRIAL-ABARZUZA (NAVARRA)', '2014-06-28 00:00:00', '2014-06-29 00:00:00', 13737, 97)
INSERT INTO [Campeonato] ([Id], [Campeonato], [Inicio], [Fin], [Premios], [IdOrganizador]) VALUES (153, 'IV GRAN PREMIO MUNGIA', '2014-06-28 00:00:00', '2014-06-28 00:00:00', 2303, 136)
INSERT INTO [Campeonato] ([Id], [Campeonato], [Inicio], [Fin], [Premios], [IdOrganizador]) VALUES (154, 'OPEN DE ESPAÑA COFIDIS-XCO- AVILES', '2014-06-28 00:00:00', '2014-06-29 00:00:00', 14507, 110)
INSERT INTO [Campeonato] ([Id], [Campeonato], [Inicio], [Fin], [Premios], [IdOrganizador]) VALUES (155, 'OPEN DE ESPAÑA COFIDIS-XCO - AVILES', '2014-06-28 00:00:00', '2014-06-28 00:00:00', 29221, 110)
INSERT INTO [Campeonato] ([Id], [Campeonato], [Inicio], [Fin], [Premios], [IdOrganizador]) VALUES (156, 'CICLOTURISTA LA INDURAIN', '2014-06-29 00:00:00', '2014-06-29 00:00:00', 19535, 76)
INSERT INTO [Campeonato] ([Id], [Campeonato], [Inicio], [Fin], [Premios], [IdOrganizador]) VALUES (157, 'INTERNATIONAL PARACYCLING', '2014-07-04 00:00:00', '2014-07-06 00:00:00', 28137, 131)
INSERT INTO [Campeonato] ([Id], [Campeonato], [Inicio], [Fin], [Premios], [IdOrganizador]) VALUES (158, 'VUELTA A LA COMUNIDAD DE MADRID SUB 23', '2014-07-04 00:00:00', '2014-07-06 00:00:00', 12126, 59)
INSERT INTO [Campeonato] ([Id], [Campeonato], [Inicio], [Fin], [Premios], [IdOrganizador]) VALUES (159, 'XVI PARACYCLING BIZKAIKO BIRA', '2014-07-05 00:00:00', '2014-07-06 00:00:00', 14390, 64)
INSERT INTO [Campeonato] ([Id], [Campeonato], [Inicio], [Fin], [Premios], [IdOrganizador]) VALUES (160, 'CAMPEONATO DE ESPAÑA BMX-SAN CRISTOBAL LA LAGUNA-TENERIFE', '2014-07-05 00:00:00', '2014-07-06 00:00:00', 11786, 110)
INSERT INTO [Campeonato] ([Id], [Campeonato], [Inicio], [Fin], [Premios], [IdOrganizador]) VALUES (161, 'OPEN DE ESPAÑA-DHI -PAJARES - ASTURIAS', '2014-07-05 00:00:00', '2014-07-06 00:00:00', 12305, 110)
INSERT INTO [Campeonato] ([Id], [Campeonato], [Inicio], [Fin], [Premios], [IdOrganizador]) VALUES (162, 'COPA CATALANA DE TRIAL', '2014-07-06 00:00:00', '2014-07-06 00:00:00', 3960, 129)
INSERT INTO [Campeonato] ([Id], [Campeonato], [Inicio], [Fin], [Premios], [IdOrganizador]) VALUES (163, 'I COPA ESPAÑA JUNIOR QUEBRANTAHUESOS', '2014-07-06 00:00:00', '2014-07-06 00:00:00', 26108, 102)
INSERT INTO [Campeonato] ([Id], [Campeonato], [Inicio], [Fin], [Premios], [IdOrganizador]) VALUES (164, 'BIZKAIKO XX ITZULIA', '2014-07-10 00:00:00', '2014-07-13 00:00:00', 28164, 12)
INSERT INTO [Campeonato] ([Id], [Campeonato], [Inicio], [Fin], [Premios], [IdOrganizador]) VALUES (165, 'III SABIÑANIGO OTURIA EXTREMA BTT MARATON', '2014-07-12 00:00:00', '2014-07-12 00:00:00', 26124, 32)
INSERT INTO [Campeonato] ([Id], [Campeonato], [Inicio], [Fin], [Premios], [IdOrganizador]) VALUES (166, 'II ROAD WARRIORS ANCARES 2014', '2014-07-12 00:00:00', '2014-07-12 00:00:00', 17695, 130)
INSERT INTO [Campeonato] ([Id], [Campeonato], [Inicio], [Fin], [Premios], [IdOrganizador]) VALUES (167, 'XVII MARCHA CICLO RUTA LAGUNAS DE NEILA', '2014-07-13 00:00:00', '2014-07-13 00:00:00', 23615, 26)
INSERT INTO [Campeonato] ([Id], [Campeonato], [Inicio], [Fin], [Premios], [IdOrganizador]) VALUES (168, 'COPA DEPUTACION DE OURENSE DE CICLISMO', '2014-07-13 00:00:00', '2014-07-13 00:00:00', 24033, 99)
INSERT INTO [Campeonato] ([Id], [Campeonato], [Inicio], [Fin], [Premios], [IdOrganizador]) VALUES (169, 'XXXI VUELTA CICLISTA A ZAMORA', '2014-07-16 00:00:00', '2014-07-19 00:00:00', 5910, 149)
INSERT INTO [Campeonato] ([Id], [Campeonato], [Inicio], [Fin], [Premios], [IdOrganizador]) VALUES (170, 'CAMPEONATO DE ESPAÑA XCO 2014', '2014-07-18 00:00:00', '2014-07-20 00:00:00', 8149, 110)
INSERT INTO [Campeonato] ([Id], [Campeonato], [Inicio], [Fin], [Premios], [IdOrganizador]) VALUES (171, 'CAMPEONATO DE ESPAÑA DHI 2014', '2014-07-18 00:00:00', '2014-07-20 00:00:00', 8903, 110)
INSERT INTO [Campeonato] ([Id], [Campeonato], [Inicio], [Fin], [Premios], [IdOrganizador]) VALUES (172, 'LA ROSCA DE SOMIEDO', '2014-07-19 00:00:00', '2014-07-19 00:00:00', 27269, 93)
INSERT INTO [Campeonato] ([Id], [Campeonato], [Inicio], [Fin], [Premios], [IdOrganizador]) VALUES (173, 'G.P. JUNIOR AYTO. S.S. REYES', '2014-07-19 00:00:00', '2014-07-19 00:00:00', 20874, 113)
INSERT INTO [Campeonato] ([Id], [Campeonato], [Inicio], [Fin], [Premios], [IdOrganizador]) VALUES (174, 'XXX CIRCUITO CANTABRO JUNIOR', '2014-07-19 00:00:00', '2014-07-20 00:00:00', 15255, 122)
INSERT INTO [Campeonato] ([Id], [Campeonato], [Inicio], [Fin], [Premios], [IdOrganizador]) VALUES (175, 'LXXXVII PRUEBA LOINAZ', '2014-07-20 00:00:00', '2014-07-20 00:00:00', 27763, 84)
INSERT INTO [Campeonato] ([Id], [Campeonato], [Inicio], [Fin], [Premios], [IdOrganizador]) VALUES (176, 'VUELTA CICLISTA A LEON', '2014-07-22 00:00:00', '2014-07-26 00:00:00', 5310, 58)
INSERT INTO [Campeonato] ([Id], [Campeonato], [Inicio], [Fin], [Premios], [IdOrganizador]) VALUES (177, 'XXXIV TROFEO SANTIAGO', '2014-07-24 00:00:00', '2014-07-24 00:00:00', 24955, 127)
INSERT INTO [Campeonato] ([Id], [Campeonato], [Inicio], [Fin], [Premios], [IdOrganizador]) VALUES (178, 'PRUEBA VILLAFRANCA-ORDIZIAKO KLASIKA', '2014-07-25 00:00:00', '2014-07-25 00:00:00', 19424, 39)
INSERT INTO [Campeonato] ([Id], [Campeonato], [Inicio], [Fin], [Premios], [IdOrganizador]) VALUES (179, 'II MARCHA CICLOTURISTA DE OIA. BAIXO MIÑO-VAL MIÑOR', '2014-07-27 00:00:00', '2014-07-27 00:00:00', 14190, 40)
INSERT INTO [Campeonato] ([Id], [Campeonato], [Inicio], [Fin], [Premios], [IdOrganizador]) VALUES (180, 'CIRCUITO DE GETXO', '2014-07-31 00:00:00', '2014-07-31 00:00:00', 17207, 109)
INSERT INTO [Campeonato] ([Id], [Campeonato], [Inicio], [Fin], [Premios], [IdOrganizador]) VALUES (181, 'CLASICA CICLISTA SAN SEBASTIAN', '2014-08-02 00:00:00', '2014-08-02 00:00:00', 29855, 100)
INSERT INTO [Campeonato] ([Id], [Campeonato], [Inicio], [Fin], [Premios], [IdOrganizador]) VALUES (182, 'MARCHA CICLOTURISTA JUANMA GARATE', '2014-08-03 00:00:00', '2014-08-03 00:00:00', 21435, 73)
INSERT INTO [Campeonato] ([Id], [Campeonato], [Inicio], [Fin], [Premios], [IdOrganizador]) VALUES (183, 'XXX VUELTA CICLISTA AL BAJO ARAGON', '2014-08-08 00:00:00', '2014-08-12 00:00:00', 15332, 28)
INSERT INTO [Campeonato] ([Id], [Campeonato], [Inicio], [Fin], [Premios], [IdOrganizador]) VALUES (184, 'VUELTA CICLISTA A TOLEDO', '2014-08-09 00:00:00', '2014-08-12 00:00:00', 28801, 10)
INSERT INTO [Campeonato] ([Id], [Campeonato], [Inicio], [Fin], [Premios], [IdOrganizador]) VALUES (185, 'IV TROFEO AYUNTAMIENTO DE PEÑAFIEL', '2014-08-10 00:00:00', '2014-08-10 00:00:00', 14598, 108)
INSERT INTO [Campeonato] ([Id], [Campeonato], [Inicio], [Fin], [Premios], [IdOrganizador]) VALUES (186, 'VUELTA A BURGOS', '2014-08-13 00:00:00', '2014-08-17 00:00:00', 12825, 57)
INSERT INTO [Campeonato] ([Id], [Campeonato], [Inicio], [Fin], [Premios], [IdOrganizador]) VALUES (187, '21 MARCHA CICLOTURISTA PEDRO DELGADO', '2014-08-16 00:00:00', '2014-08-16 00:00:00', 14055, 134)
INSERT INTO [Campeonato] ([Id], [Campeonato], [Inicio], [Fin], [Premios], [IdOrganizador]) VALUES (188, 'MARATON BTT COMARCA DE LA SIDRA', '2014-08-16 00:00:00', '2014-08-16 00:00:00', 11441, 143)
INSERT INTO [Campeonato] ([Id], [Campeonato], [Inicio], [Fin], [Premios], [IdOrganizador]) VALUES (189, 'LA RIOJA BIKE RACE', '2014-08-16 00:00:00', '2014-05-18 00:00:00', 3932, 114)
INSERT INTO [Campeonato] ([Id], [Campeonato], [Inicio], [Fin], [Premios], [IdOrganizador]) VALUES (190, 'XXXV GRAN PREMIO VILLA DE CERVERA', '2014-08-16 00:00:00', '2014-08-16 00:00:00', 10220, 90)
INSERT INTO [Campeonato] ([Id], [Campeonato], [Inicio], [Fin], [Premios], [IdOrganizador]) VALUES (191, 'XLIX VUELTA CICLISTA A PALENCIA', '2014-08-22 00:00:00', '2014-08-25 00:00:00', 9477, 133)
INSERT INTO [Campeonato] ([Id], [Campeonato], [Inicio], [Fin], [Premios], [IdOrganizador]) VALUES (192, 'VUELTA A ESPAÑA', '2014-08-23 00:00:00', '2014-09-14 00:00:00', 15654, 135)
INSERT INTO [Campeonato] ([Id], [Campeonato], [Inicio], [Fin], [Premios], [IdOrganizador]) VALUES (193, 'V DESCENSO DH CIUDAD DE BRIVIESCA', '2014-08-23 00:00:00', '2014-08-23 00:00:00', 13445, 118)
INSERT INTO [Campeonato] ([Id], [Campeonato], [Inicio], [Fin], [Premios], [IdOrganizador]) VALUES (194, 'XXIII BEASAIN PROBA-KLASIKA PREMUNDIA', '2014-08-30 00:00:00', '2014-08-30 00:00:00', 10243, 66)
INSERT INTO [Campeonato] ([Id], [Campeonato], [Inicio], [Fin], [Premios], [IdOrganizador]) VALUES (195, 'XXII TROFEO CICLISTA EL CORTE INGLES', '2014-08-30 00:00:00', '2014-08-30 00:00:00', 28721, 30)
INSERT INTO [Campeonato] ([Id], [Campeonato], [Inicio], [Fin], [Premios], [IdOrganizador]) VALUES (196, 'DIPTICO DE GALICIA-XLI GRAN PREMIO CICLISTA CIDADE DE VIGO', '2014-08-30 00:00:00', '2014-08-31 00:00:00', 15518, 138)
INSERT INTO [Campeonato] ([Id], [Campeonato], [Inicio], [Fin], [Premios], [IdOrganizador]) VALUES (197, 'VUELTA A CANTABRIA 2014', '2014-09-01 00:00:00', '2014-09-02 00:00:00', 3167, 121)
INSERT INTO [Campeonato] ([Id], [Campeonato], [Inicio], [Fin], [Premios], [IdOrganizador]) VALUES (198, 'CAMPEONATO DE ESPAÑA RUTA JUNIOR', '2014-09-05 00:00:00', '2014-09-07 00:00:00', 10617, 60)
INSERT INTO [Campeonato] ([Id], [Campeonato], [Inicio], [Fin], [Premios], [IdOrganizador]) VALUES (199, 'CAMPEONATO ESPAÑA RUTA MASTER 40- 50 Y 60', '2014-09-05 00:00:00', '2014-09-07 00:00:00', 18052, 60)
INSERT INTO [Campeonato] ([Id], [Campeonato], [Inicio], [Fin], [Premios], [IdOrganizador]) VALUES (200, 'CAMPEONATO DE ESPAÑA RUTA SENIOR- MASTER30 A 60 MAZARRON', '2014-09-05 00:00:00', '2014-09-07 00:00:00', 25380, 110)
INSERT INTO [Campeonato] ([Id], [Campeonato], [Inicio], [Fin], [Premios], [IdOrganizador]) VALUES (201, 'MARCHA CICL. LARRA-LARRAU', '2014-09-06 00:00:00', '2014-09-06 00:00:00', 5883, 81)
INSERT INTO [Campeonato] ([Id], [Campeonato], [Inicio], [Fin], [Premios], [IdOrganizador]) VALUES (202, '25 TRAVESIA NACIONAL DE LA CORDILLERA CANTABRICA', '2014-09-06 00:00:00', '2014-09-07 00:00:00', 8945, 9)
INSERT INTO [Campeonato] ([Id], [Campeonato], [Inicio], [Fin], [Premios], [IdOrganizador]) VALUES (203, '13ª VOLTA A GALICIA', '2014-09-11 00:00:00', '2014-09-13 00:00:00', 8238, 61)
INSERT INTO [Campeonato] ([Id], [Campeonato], [Inicio], [Fin], [Premios], [IdOrganizador]) VALUES (204, 'VUELTA CICLISTA A LA COMUNIDAD DE LA RIOJA', '2014-09-12 00:00:00', '2014-09-14 00:00:00', 5359, 112)
INSERT INTO [Campeonato] ([Id], [Campeonato], [Inicio], [Fin], [Premios], [IdOrganizador]) VALUES (205, 'UCI MTB MARATON SERIES-CHAINREACTIONCYCLES.COM QUET', '2014-09-14 00:00:00', '2014-09-14 00:00:00', 3687, 102)
INSERT INTO [Campeonato] ([Id], [Campeonato], [Inicio], [Fin], [Premios], [IdOrganizador]) VALUES (206, 'MARCHA CICLOTURISTA COMUNIDAD DE MADRID', '2014-09-14 00:00:00', '2014-09-14 00:00:00', 20132, 59)
INSERT INTO [Campeonato] ([Id], [Campeonato], [Inicio], [Fin], [Premios], [IdOrganizador]) VALUES (207, '78 CIRCUITO NUESTRA SEÑORA DEL PORTAL', '2014-09-16 00:00:00', '2014-09-16 00:00:00', 8195, 143)
INSERT INTO [Campeonato] ([Id], [Campeonato], [Inicio], [Fin], [Premios], [IdOrganizador]) VALUES (208, 'MARCHA CICLOTURISTA COMUNITAT VALENCIANA', '2014-09-21 00:00:00', '2014-09-21 00:00:00', 12188, 63)
INSERT INTO [Campeonato] ([Id], [Campeonato], [Inicio], [Fin], [Premios], [IdOrganizador]) VALUES (209, 'OPEN DE ESPAÑA-DHI - ZALLA - VIZCAYA', '2014-09-21 00:00:00', '2014-09-22 00:00:00', 24485, 110)
INSERT INTO [Campeonato] ([Id], [Campeonato], [Inicio], [Fin], [Premios], [IdOrganizador]) VALUES (210, 'XI MARXA CICLOTURISTA INTERNACIONAL TERRA DE L´AIGUA', '2014-09-28 00:00:00', '2014-09-28 00:00:00', 4050, 111)
INSERT INTO [Campeonato] ([Id], [Campeonato], [Inicio], [Fin], [Premios], [IdOrganizador]) VALUES (211, 'COPA CATALANA INTERNACIONAL 2014 - BARCELONA', '2014-09-28 00:00:00', '2014-09-28 00:00:00', 1266, 21)
INSERT INTO [Campeonato] ([Id], [Campeonato], [Inicio], [Fin], [Premios], [IdOrganizador]) VALUES (212, 'I CLASICA PUERTOS DE SOMIEDO', '2014-10-04 00:00:00', '2014-10-04 00:00:00', 27225, 93)
INSERT INTO [Campeonato] ([Id], [Campeonato], [Inicio], [Fin], [Premios], [IdOrganizador]) VALUES (213, 'CAMPEONATO DE ESPAÑA BTT- MARATON', '2014-10-05 00:00:00', '2014-10-05 00:00:00', 9199, 110)
INSERT INTO [Campeonato] ([Id], [Campeonato], [Inicio], [Fin], [Premios], [IdOrganizador]) VALUES (214, 'VII DOWN TOWN CIUTAT DE LLEIDA', '2014-10-05 00:00:00', '2014-10-05 00:00:00', 5146, 46)
INSERT INTO [Campeonato] ([Id], [Campeonato], [Inicio], [Fin], [Premios], [IdOrganizador]) VALUES (215, 'RONDA LIGA LBR', '2014-10-25 00:00:00', '2014-10-26 00:00:00', 12740, 24)
-- 215 records
INSERT INTO [Campeonato] ([Id], [Campeonato], [Inicio], [Fin], [Premios], [IdOrganizador]) VALUES (216, 'I CLASICA PUERTOS ESCONDIDITOS', '2014-10-04 00:00:00', '2014-10-04 00:00:00', 27225, 93)
INSERT INTO [Campeonato] ([Id], [Campeonato], [Inicio], [Fin], [Premios], [IdOrganizador]) VALUES (217, 'CAMPEONATO DE ESPAÑA DIFÍCIL', '2014-10-05 00:00:00', '2014-10-05 00:00:00', 9199, 110)
INSERT INTO [Campeonato] ([Id], [Campeonato], [Inicio], [Fin], [Premios], [IdOrganizador]) VALUES (218, 'VII DOWN TOWN MADAGASCAR', '2014-10-05 00:00:00', '2014-10-05 00:00:00', 5146, 46)
INSERT INTO [Campeonato] ([Id], [Campeonato], [Inicio], [Fin], [Premios], [IdOrganizador]) VALUES (219, 'RONDA LIGA COMPLEJA', '2014-10-25 00:00:00', '2014-10-26 00:00:00', 12740, 24)




go



--
-- Dumping data for table 'Club'
--

INSERT INTO [Club] ([idClub], [Club], [IdFederacion]) VALUES (1, '53 X 13, C.D.C.C.', 4)
INSERT INTO [Club] ([idClub], [Club], [IdFederacion]) VALUES (2, 'A.D. CYCLOPILAS, C.D.', 1)
INSERT INTO [Club] ([idClub], [Club], [IdFederacion]) VALUES (3, 'A.D.E. REDCICLISTA C.D.E.', 11)
INSERT INTO [Club] ([idClub], [Club], [IdFederacion]) VALUES (4, 'ABANDO HEROS G.D.', 16)
INSERT INTO [Club] ([idClub], [Club], [IdFederacion]) VALUES (5, 'ACTIVIDADES DEPORTIVAS C.C.', 12)
INSERT INTO [Club] ([idClub], [Club], [IdFederacion]) VALUES (6, 'AEL TXIRRINDULARI', 15)
INSERT INTO [Club] ([idClub], [Club], [IdFederacion]) VALUES (7, 'AIALA S.C.', 16)
INSERT INTO [Club] ([idClub], [Club], [IdFederacion]) VALUES (8, 'AL - ANDALUS, C.C.', 1)
INSERT INTO [Club] ([idClub], [Club], [IdFederacion]) VALUES (9, 'AL TRAN TRAN CC', 15)
INSERT INTO [Club] ([idClub], [Club], [IdFederacion]) VALUES (10, 'ALAEJOS, C.D.C.', 4)
INSERT INTO [Club] ([idClub], [Club], [IdFederacion]) VALUES (11, 'ALBERTO CONTADOR, C.D.C.', 4)
INSERT INTO [Club] ([idClub], [Club], [IdFederacion]) VALUES (12, 'ALCOY', 15)
INSERT INTO [Club] ([idClub], [Club], [IdFederacion]) VALUES (13, 'ALFAZ DEL PI', 15)
INSERT INTO [Club] ([idClub], [Club], [IdFederacion]) VALUES (14, 'ALGINET', 15)
INSERT INTO [Club] ([idClub], [Club], [IdFederacion]) VALUES (15, 'ALISTE, C.D.C.', 4)
INSERT INTO [Club] ([idClub], [Club], [IdFederacion]) VALUES (16, 'ALLERRU KIROL ELKARTEA', 16)
INSERT INTO [Club] ([idClub], [Club], [IdFederacion]) VALUES (17, 'ALOÑA MENDI K.E.', 16)
INSERT INTO [Club] ([idClub], [Club], [IdFederacion]) VALUES (18, 'ALTO PALANCIA', 15)
INSERT INTO [Club] ([idClub], [Club], [IdFederacion]) VALUES (19, 'AMAIKAK-BAT C.D.', 16)
INSERT INTO [Club] ([idClub], [Club], [IdFederacion]) VALUES (20, 'AMOREBIETA S.C.', 16)
INSERT INTO [Club] ([idClub], [Club], [IdFederacion]) VALUES (21, 'AMURRIOKO C.C.', 16)
INSERT INTO [Club] ([idClub], [Club], [IdFederacion]) VALUES (22, 'ANDOAINGO TX. ESKOLA', 16)
INSERT INTO [Club] ([idClub], [Club], [IdFederacion]) VALUES (23, 'ANDRAKA S.C.', 16)
INSERT INTO [Club] ([idClub], [Club], [IdFederacion]) VALUES (24, 'ANIDRAS RACING TEAM, C.D.E.', 5)
INSERT INTO [Club] ([idClub], [Club], [IdFederacion]) VALUES (25, 'AÑORGA KULTUR K.E.', 16)
INSERT INTO [Club] ([idClub], [Club], [IdFederacion]) VALUES (26, 'ANTEQUERA, C.D.C.', 1)
INSERT INTO [Club] ([idClub], [Club], [IdFederacion]) VALUES (27, 'ARABARRAK K.T.', 16)
INSERT INTO [Club] ([idClub], [Club], [IdFederacion]) VALUES (28, 'ARALAR TXIRRINDULARI TALDEA', 13)
INSERT INTO [Club] ([idClub], [Club], [IdFederacion]) VALUES (29, 'ARANAKO S.C.', 16)
INSERT INTO [Club] ([idClub], [Club], [IdFederacion]) VALUES (30, 'ARANDINO, C.C.', 4)
INSERT INTO [Club] ([idClub], [Club], [IdFederacion]) VALUES (31, 'ARANGUREN ASOCIACION CICLISTA', 13)
INSERT INTO [Club] ([idClub], [Club], [IdFederacion]) VALUES (32, 'ARRATIAKO Z.E.', 16)
INSERT INTO [Club] ([idClub], [Club], [IdFederacion]) VALUES (33, 'ARROYO DE LA ENCOMIENDA, C.D.', 4)
INSERT INTO [Club] ([idClub], [Club], [IdFederacion]) VALUES (34, 'ASESORES DE NAVARRA GRUPO DEP', 13)
INSERT INTO [Club] ([idClub], [Club], [IdFederacion]) VALUES (35, 'ASOC. DEPORTIVA GALIBIER', 13)
INSERT INTO [Club] ([idClub], [Club], [IdFederacion]) VALUES (36, 'ASOC.DEPORT.CICLISTA DE MURCIA', 12)
INSERT INTO [Club] ([idClub], [Club], [IdFederacion]) VALUES (37, 'ASTORGA, C.D.C.', 4)
INSERT INTO [Club] ([idClub], [Club], [IdFederacion]) VALUES (38, 'ATROCHAMONTE (YOHABIKE), C.D.', 1)
INSERT INTO [Club] ([idClub], [Club], [IdFederacion]) VALUES (39, 'AZKARRAK, CLUB CICLISTA', 13)
INSERT INTO [Club] ([idClub], [Club], [IdFederacion]) VALUES (40, 'BAIX TER, CLUB CICLISTA', 7)
INSERT INTO [Club] ([idClub], [Club], [IdFederacion]) VALUES (41, 'BAJO ARAGON HISTORICO, C.C.', 2)
INSERT INTO [Club] ([idClub], [Club], [IdFederacion]) VALUES (42, 'BARGAS PEÑA CICLISTA', 5)
INSERT INTO [Club] ([idClub], [Club], [IdFederacion]) VALUES (43, 'BELCYCLING T.K.', 16)
INSERT INTO [Club] ([idClub], [Club], [IdFederacion]) VALUES (44, 'BEMBIBRE CICLISTA, C.D.', 4)
INSERT INTO [Club] ([idClub], [Club], [IdFederacion]) VALUES (45, 'BENAVENTE 2010, C.D.', 4)
INSERT INTO [Club] ([idClub], [Club], [IdFederacion]) VALUES (46, 'BENFERRI', 15)
INSERT INTO [Club] ([idClub], [Club], [IdFederacion]) VALUES (47, 'BENICASIM', 15)
INSERT INTO [Club] ([idClub], [Club], [IdFederacion]) VALUES (48, 'BENIGANIM', 15)
INSERT INTO [Club] ([idClub], [Club], [IdFederacion]) VALUES (49, 'BENIOPA', 15)
INSERT INTO [Club] ([idClub], [Club], [IdFederacion]) VALUES (50, 'BERMEOKO MATXITXAKO T.K.T.', 16)
INSERT INTO [Club] ([idClub], [Club], [IdFederacion]) VALUES (51, 'BESAYA, CLUB CICLISTA', 6)
INSERT INTO [Club] ([idClub], [Club], [IdFederacion]) VALUES (52, 'BICI CLUB FAURA', 5)
INSERT INTO [Club] ([idClub], [Club], [IdFederacion]) VALUES (53, 'BICICLETAS GIL C.D.E.', 11)
INSERT INTO [Club] ([idClub], [Club], [IdFederacion]) VALUES (54, 'BICICLETAS GONZALO C.C.', 12)
INSERT INTO [Club] ([idClub], [Club], [IdFederacion]) VALUES (55, 'BICIHUERTA-TORREAGÜERA G.D.', 12)
INSERT INTO [Club] ([idClub], [Club], [IdFederacion]) VALUES (56, 'BICILOCURA, C.D.C.', 1)
INSERT INTO [Club] ([idClub], [Club], [IdFederacion]) VALUES (57, 'BICILOCURAC.D.C.', 1)
INSERT INTO [Club] ([idClub], [Club], [IdFederacion]) VALUES (58, 'BICILOKURA C.D.C.', 16)
INSERT INTO [Club] ([idClub], [Club], [IdFederacion]) VALUES (59, 'BICIS BURU AGUILAS C.D.', 12)
INSERT INTO [Club] ([idClub], [Club], [IdFederacion]) VALUES (60, 'BIDON CLUB CICLISTA', 13)
INSERT INTO [Club] ([idClub], [Club], [IdFederacion]) VALUES (61, 'BIFUT CD', 15)
INSERT INTO [Club] ([idClub], [Club], [IdFederacion]) VALUES (62, 'BIKE SPORT CENTER, C.D.', 1)
INSERT INTO [Club] ([idClub], [Club], [IdFederacion]) VALUES (63, 'BIKEZONA.COM BILBAO C.D.C', 16)
INSERT INTO [Club] ([idClub], [Club], [IdFederacion]) VALUES (64, 'BIZIKLETA.COM C.D.C.', 16)
INSERT INTO [Club] ([idClub], [Club], [IdFederacion]) VALUES (65, 'BTT ATALAYA, C.D.', 1)
INSERT INTO [Club] ([idClub], [Club], [IdFederacion]) VALUES (66, 'BTT LIZARRA CLUB DEP CICLISTA', 13)
INSERT INTO [Club] ([idClub], [Club], [IdFederacion]) VALUES (67, 'BTT NAVARRA CLUB DEP. CICLISTA', 13)
INSERT INTO [Club] ([idClub], [Club], [IdFederacion]) VALUES (68, 'BURGALES, C.D.C.C.', 4)
INSERT INTO [Club] ([idClub], [Club], [IdFederacion]) VALUES (69, 'BURUNDA CLUB CICLISTA', 13)
INSERT INTO [Club] ([idClub], [Club], [IdFederacion]) VALUES (70, 'BURUNTZAZPI TX. ESKOLA', 16)
INSERT INTO [Club] ([idClub], [Club], [IdFederacion]) VALUES (71, 'BUSTURIA T.T', 16)
INSERT INTO [Club] ([idClub], [Club], [IdFederacion]) VALUES (72, 'C.C. OSCENSE', 2)
INSERT INTO [Club] ([idClub], [Club], [IdFederacion]) VALUES (73, 'C.C. SABIÑANIGO', 2)
INSERT INTO [Club] ([idClub], [Club], [IdFederacion]) VALUES (74, 'C.C. ZARAGOZANO', 2)
INSERT INTO [Club] ([idClub], [Club], [IdFederacion]) VALUES (75, 'C.D. CICLISTA LURRA ASTRABUDUA', 16)
INSERT INTO [Club] ([idClub], [Club], [IdFederacion]) VALUES (76, 'CAJA DUERO, C.D.', 4)
INSERT INTO [Club] ([idClub], [Club], [IdFederacion]) VALUES (77, 'CALLOSA', 15)
INSERT INTO [Club] ([idClub], [Club], [IdFederacion]) VALUES (78, 'CALOCO, C.D.', 4)
INSERT INTO [Club] ([idClub], [Club], [IdFederacion]) VALUES (79, 'CALPE', 15)
INSERT INTO [Club] ([idClub], [Club], [IdFederacion]) VALUES (80, 'CAMBRE, C.C.', 10)
INSERT INTO [Club] ([idClub], [Club], [IdFederacion]) VALUES (81, 'CAMPANAR', 15)
INSERT INTO [Club] ([idClub], [Club], [IdFederacion]) VALUES (82, 'CAMPO CLARO, CLUB CICLISTA', 7)
INSERT INTO [Club] ([idClub], [Club], [IdFederacion]) VALUES (83, 'CANSINOS BIKE, C.D.', 4)
INSERT INTO [Club] ([idClub], [Club], [IdFederacion]) VALUES (84, 'CARACOL, C.C.', 1)
INSERT INTO [Club] ([idClub], [Club], [IdFederacion]) VALUES (85, 'CARLOS BARREDO,P.C.', 3)
INSERT INTO [Club] ([idClub], [Club], [IdFederacion]) VALUES (86, 'CARLOS COLOMA BIKE CLUB', 14)
INSERT INTO [Club] ([idClub], [Club], [IdFederacion]) VALUES (87, 'CASTILLO DE AYORA', 15)
INSERT INTO [Club] ([idClub], [Club], [IdFederacion]) VALUES (88, 'CENTAURO GO BIKE, C.D.', 1)
INSERT INTO [Club] ([idClub], [Club], [IdFederacion]) VALUES (89, 'CERROBIKE, C.C.', 1)
INSERT INTO [Club] ([idClub], [Club], [IdFederacion]) VALUES (90, 'CHICLANERO CHAMORRO-ORTIZ, C.C', 1)
INSERT INTO [Club] ([idClub], [Club], [IdFederacion]) VALUES (91, 'CICLISMO SUPERPRESTIGIO, C.D.', 1)
INSERT INTO [Club] ([idClub], [Club], [IdFederacion]) VALUES (92, 'CICLISTA CORREDOR C.D.E.', 11)
INSERT INTO [Club] ([idClub], [Club], [IdFederacion]) VALUES (93, 'CICLISTA FLANDES C.D.E.', 11)
INSERT INTO [Club] ([idClub], [Club], [IdFederacion]) VALUES (94, 'CICLISVALL, C.D.', 4)
INSERT INTO [Club] ([idClub], [Club], [IdFederacion]) VALUES (95, 'CICLORIOSECO, C.D.', 4)
INSERT INTO [Club] ([idClub], [Club], [IdFederacion]) VALUES (96, 'CICLOS CUEVAS, C.C.', 1)
INSERT INTO [Club] ([idClub], [Club], [IdFederacion]) VALUES (97, 'CICLOS CURRA C.C.', 12)
INSERT INTO [Club] ([idClub], [Club], [IdFederacion]) VALUES (98, 'CICLOTURISMO CANTABRIA CLUB', 6)
INSERT INTO [Club] ([idClub], [Club], [IdFederacion]) VALUES (99, 'CIUDAD DE JAEN, C.D.C.', 1)
INSERT INTO [Club] ([idClub], [Club], [IdFederacion]) VALUES (100, 'CIUDAD DEL EJIDO, C.C.', 1)
INSERT INTO [Club] ([idClub], [Club], [IdFederacion]) VALUES (101, 'CLUB CICLISTA ADI', 13)
INSERT INTO [Club] ([idClub], [Club], [IdFederacion]) VALUES (102, 'CLUB CICLISTA ENKARBTT', 16)
INSERT INTO [Club] ([idClub], [Club], [IdFederacion]) VALUES (103, 'COLINDRES, CLUB CICLISTA', 6)
INSERT INTO [Club] ([idClub], [Club], [IdFederacion]) VALUES (104, 'COLLOTO,C.C.', 3)
INSERT INTO [Club] ([idClub], [Club], [IdFederacion]) VALUES (105, 'CON DOS PIÑONES, C.D.', 4)
INSERT INTO [Club] ([idClub], [Club], [IdFederacion]) VALUES (106, 'CONTESTANO', 15)
INSERT INTO [Club] ([idClub], [Club], [IdFederacion]) VALUES (107, 'COQUE URIA,E.C.', 3)
INSERT INTO [Club] ([idClub], [Club], [IdFederacion]) VALUES (108, 'COSLADA C.E.C.', 11)
INSERT INTO [Club] ([idClub], [Club], [IdFederacion]) VALUES (109, 'COSLADA U.C.', 11)
INSERT INTO [Club] ([idClub], [Club], [IdFederacion]) VALUES (110, 'COSTA AZAHAR CASTELLON CC', 15)
INSERT INTO [Club] ([idClub], [Club], [IdFederacion]) VALUES (111, 'CROSSBIKER TEAM C.D.E.', 11)
INSERT INTO [Club] ([idClub], [Club], [IdFederacion]) VALUES (112, 'CRT-CORDOBES RACING TEAM', 11)
INSERT INTO [Club] ([idClub], [Club], [IdFederacion]) VALUES (113, 'CUATRO CAMINOS C.C.', 11)
INSERT INTO [Club] ([idClub], [Club], [IdFederacion]) VALUES (114, 'CULTBIKES-SPECIALIZED', 15)
INSERT INTO [Club] ([idClub], [Club], [IdFederacion]) VALUES (115, 'CYCLING TEAM CABAÑAS, C.', 10)
INSERT INTO [Club] ([idClub], [Club], [IdFederacion]) VALUES (116, 'DAESSA SPORT, CLUB DEPORTIVO', 6)
INSERT INTO [Club] ([idClub], [Club], [IdFederacion]) VALUES (117, 'DE TORREPEROGIL, C.CICLOT.', 1)
INSERT INTO [Club] ([idClub], [Club], [IdFederacion]) VALUES (118, 'DISCOBOLO SPORT, C.D.', 4)
INSERT INTO [Club] ([idClub], [Club], [IdFederacion]) VALUES (119, 'DOC 2001, C.D.', 1)
INSERT INTO [Club] ([idClub], [Club], [IdFederacion]) VALUES (120, 'DOLORES', 15)
INSERT INTO [Club] ([idClub], [Club], [IdFederacion]) VALUES (121, 'DOLORES DE PACHECO C.C.', 12)
INSERT INTO [Club] ([idClub], [Club], [IdFederacion]) VALUES (122, 'DONOSTI BERRI ELKARTEA', 16)
INSERT INTO [Club] ([idClub], [Club], [IdFederacion]) VALUES (123, 'DORLETAKO AMA TX. ESKOLA', 16)
INSERT INTO [Club] ([idClub], [Club], [IdFederacion]) VALUES (124, 'DURANGUESA S.C.', 16)
INSERT INTO [Club] ([idClub], [Club], [IdFederacion]) VALUES (125, 'EDUARDO CHOZAS P.C.', 11)
INSERT INTO [Club] ([idClub], [Club], [IdFederacion]) VALUES (126, 'EGUES CYCLING RACING TEAM', 13)
INSERT INTO [Club] ([idClub], [Club], [IdFederacion]) VALUES (127, 'EIBARKO KLUB DEPORTIBOA', 16)
INSERT INTO [Club] ([idClub], [Club], [IdFederacion]) VALUES (128, 'EL GALLO, C.C.', 1)
INSERT INTO [Club] ([idClub], [Club], [IdFederacion]) VALUES (129, 'EL REPECHO CLUB CICLISTA', 16)
INSERT INTO [Club] ([idClub], [Club], [IdFederacion]) VALUES (130, 'EL VALLE, C.D.C.', 1)
INSERT INTO [Club] ([idClub], [Club], [IdFederacion]) VALUES (131, 'ELDA', 15)
INSERT INTO [Club] ([idClub], [Club], [IdFederacion]) VALUES (132, 'ELGOIBARKO LAGUN TALDEA', 16)
INSERT INTO [Club] ([idClub], [Club], [IdFederacion]) VALUES (133, 'ELORRIOKO T.E.', 16)
INSERT INTO [Club] ([idClub], [Club], [IdFederacion]) VALUES (134, 'EMERITA TRACK, CLUB', 9)
INSERT INTO [Club] ([idClub], [Club], [IdFederacion]) VALUES (135, 'E-MTB.COM, C.D.', 1)
INSERT INTO [Club] ([idClub], [Club], [IdFederacion]) VALUES (136, 'ENKARTERRI, A D', 16)
INSERT INTO [Club] ([idClub], [Club], [IdFederacion]) VALUES (137, 'ENTREHOCES CONQUENSE CLUB CICL', 5)
INSERT INTO [Club] ([idClub], [Club], [IdFederacion]) VALUES (138, 'EQUIP CICLISTA MOIXENT', 15)
INSERT INTO [Club] ([idClub], [Club], [IdFederacion]) VALUES (139, 'ERAKURRI CLUB CICLISTA', 13)
INSERT INTO [Club] ([idClub], [Club], [IdFederacion]) VALUES (140, 'ERMITAGAÑA CLUB CICLISTA', 13)
INSERT INTO [Club] ([idClub], [Club], [IdFederacion]) VALUES (141, 'ERMUKO T.E.', 16)
INSERT INTO [Club] ([idClub], [Club], [IdFederacion]) VALUES (142, 'ESCICOR CICLISTA DE CORDOBA, C', 1)
INSERT INTO [Club] ([idClub], [Club], [IdFederacion]) VALUES (143, 'ESCURIALENSE C.C.', 11)
INSERT INTO [Club] ([idClub], [Club], [IdFederacion]) VALUES (144, 'ESTELLA CLUB CICLISTA', 13)
INSERT INTO [Club] ([idClub], [Club], [IdFederacion]) VALUES (145, 'ESTEVE, GRUP ESPORTIU', 7)
INSERT INTO [Club] ([idClub], [Club], [IdFederacion]) VALUES (146, 'EUSKADI F.C', 16)
INSERT INTO [Club] ([idClub], [Club], [IdFederacion]) VALUES (147, 'FACTORIA DEPORTIVA, C.D.E.', 5)
INSERT INTO [Club] ([idClub], [Club], [IdFederacion]) VALUES (148, 'FALI-BIKE CHICLANA, C.D.C.', 1)
INSERT INTO [Club] ([idClub], [Club], [IdFederacion]) VALUES (149, 'FCO JAVIER CEREZO TOMELLOSO', 5)
INSERT INTO [Club] ([idClub], [Club], [IdFederacion]) VALUES (150, 'FENAVIN CLUB CICLISTA', 5)
INSERT INTO [Club] ([idClub], [Club], [IdFederacion]) VALUES (151, 'FORONDA C.D.C.', 16)
INSERT INTO [Club] ([idClub], [Club], [IdFederacion]) VALUES (152, 'FUENLABRADA U.C.', 11)
INSERT INTO [Club] ([idClub], [Club], [IdFederacion]) VALUES (153, 'FUNDACION P.D. VICTOR SASTRE', 4)
INSERT INTO [Club] ([idClub], [Club], [IdFederacion]) VALUES (154, 'G.D.EXTREMADURA', 9)
INSERT INTO [Club] ([idClub], [Club], [IdFederacion]) VALUES (155, 'GALAPAGAR C.C.', 11)
INSERT INTO [Club] ([idClub], [Club], [IdFederacion]) VALUES (156, 'GALDAKAO T.E.', 16)
INSERT INTO [Club] ([idClub], [Club], [IdFederacion]) VALUES (157, 'GALDAKAOKO SANTA KRUTZ T.K.E.', 16)
INSERT INTO [Club] ([idClub], [Club], [IdFederacion]) VALUES (158, 'GETAFE C.C.', 11)
INSERT INTO [Club] ([idClub], [Club], [IdFederacion]) VALUES (159, 'GIRIZIA K.K.T.B.', 16)
INSERT INTO [Club] ([idClub], [Club], [IdFederacion]) VALUES (160, 'GOERNA GRUPO DEPORTIVO', 13)
INSERT INTO [Club] ([idClub], [Club], [IdFederacion]) VALUES (161, 'GOIERRI KIROL ELKARTEA', 16)
INSERT INTO [Club] ([idClub], [Club], [IdFederacion]) VALUES (162, 'GOIERRIKO TX. ORLOIJ BULTZATUZ', 16)
INSERT INTO [Club] ([idClub], [Club], [IdFederacion]) VALUES (163, 'GRUP ESPORTIU VOLATA', 15)
INSERT INTO [Club] ([idClub], [Club], [IdFederacion]) VALUES (164, 'GRUPETA DE GRANADA, C.D.', 1)
INSERT INTO [Club] ([idClub], [Club], [IdFederacion]) VALUES (165, 'GRUPETA DE LA RIBERA', 15)
INSERT INTO [Club] ([idClub], [Club], [IdFederacion]) VALUES (166, 'GRUPETA DE LA SAFOR CC', 15)
INSERT INTO [Club] ([idClub], [Club], [IdFederacion]) VALUES (167, 'GRUPO INCERA, CLUB CICLISTA', 6)
INSERT INTO [Club] ([idClub], [Club], [IdFederacion]) VALUES (168, 'GUADAIRA BIKE, C.C.MTB', 1)
INSERT INTO [Club] ([idClub], [Club], [IdFederacion]) VALUES (169, 'GUERRERO BIKE, C.D.', 1)
INSERT INTO [Club] ([idClub], [Club], [IdFederacion]) VALUES (170, 'GUIJARRO TOT ESPORT', 15)
INSERT INTO [Club] ([idClub], [Club], [IdFederacion]) VALUES (171, 'GUSANO', 15)
INSERT INTO [Club] ([idClub], [Club], [IdFederacion]) VALUES (172, 'HERMINIO DIAZ ZABALA C.C.', 6)
INSERT INTO [Club] ([idClub], [Club], [IdFederacion]) VALUES (173, 'HIRUMET TALDEA ABADIÑO C.D.C.', 16)
INSERT INTO [Club] ([idClub], [Club], [IdFederacion]) VALUES (174, 'HONDARRIBIA TX.ELK.', 16)
INSERT INTO [Club] ([idClub], [Club], [IdFederacion]) VALUES (175, 'HORADADA', 15)
INSERT INTO [Club] ([idClub], [Club], [IdFederacion]) VALUES (176, 'ILICITANA', 15)
INSERT INTO [Club] ([idClub], [Club], [IdFederacion]) VALUES (177, 'IPLACEA C.C.', 11)
INSERT INTO [Club] ([idClub], [Club], [IdFederacion]) VALUES (178, 'IRU HERRI S.C.', 16)
INSERT INTO [Club] ([idClub], [Club], [IdFederacion]) VALUES (179, 'IRUNES CLUB CICLISTA', 16)
INSERT INTO [Club] ([idClub], [Club], [IdFederacion]) VALUES (180, 'ITURRIBERO C.D.C.', 16)
INSERT INTO [Club] ([idClub], [Club], [IdFederacion]) VALUES (181, 'ITURROTZ CLUB CICLISTA', 13)
INSERT INTO [Club] ([idClub], [Club], [IdFederacion]) VALUES (182, 'IURRETAKO EMAKUMEEN BIRA Z.K.E', 16)
INSERT INTO [Club] ([idClub], [Club], [IdFederacion]) VALUES (183, 'J.O.C.C.', 16)
INSERT INTO [Club] ([idClub], [Club], [IdFederacion]) VALUES (184, 'JEMAC, C.D.', 1)
INSERT INTO [Club] ([idClub], [Club], [IdFederacion]) VALUES (185, 'JESUS HERNANDEZ', 15)
INSERT INTO [Club] ([idClub], [Club], [IdFederacion]) VALUES (186, 'JIRA-BIRA CYCLING T.K.', 16)
INSERT INTO [Club] ([idClub], [Club], [IdFederacion]) VALUES (187, 'JOSELIN C.C.', 13)
INSERT INTO [Club] ([idClub], [Club], [IdFederacion]) VALUES (188, 'JUAN ZURANO C.C.', 12)
INSERT INTO [Club] ([idClub], [Club], [IdFederacion]) VALUES (189, 'LA CISTERNIGA, C.D.C.', 4)
INSERT INTO [Club] ([idClub], [Club], [IdFederacion]) VALUES (190, 'LA HOYA-LORCA C.C.', 12)
INSERT INTO [Club] ([idClub], [Club], [IdFederacion]) VALUES (191, 'LA PALMA, C.D.C.', 1)
INSERT INTO [Club] ([idClub], [Club], [IdFederacion]) VALUES (192, 'LACIANA, C.C.', 4)
INSERT INTO [Club] ([idClub], [Club], [IdFederacion]) VALUES (193, 'LACIANA, FUNDACION CICLISMO', 4)
INSERT INTO [Club] ([idClub], [Club], [IdFederacion]) VALUES (194, 'LAGUN ONAK TX.ELK.', 16)
INSERT INTO [Club] ([idClub], [Club], [IdFederacion]) VALUES (195, 'LAGUNTASUNA C.C.', 16)
INSERT INTO [Club] ([idClub], [Club], [IdFederacion]) VALUES (196, 'LANDU T.T', 16)
INSERT INTO [Club] ([idClub], [Club], [IdFederacion]) VALUES (197, 'LAUROBIKE, C.D.', 1)
INSERT INTO [Club] ([idClub], [Club], [IdFederacion]) VALUES (198, 'LEIOA TXIRRINTXU ELKARTEA', 16)
INSERT INTO [Club] ([idClub], [Club], [IdFederacion]) VALUES (199, 'LEON, C.D.C.', 4)
INSERT INTO [Club] ([idClub], [Club], [IdFederacion]) VALUES (200, 'LLODIANA S.C.', 16)
INSERT INTO [Club] ([idClub], [Club], [IdFederacion]) VALUES (201, 'LOINAZ T.E.', 16)
INSERT INTO [Club] ([idClub], [Club], [IdFederacion]) VALUES (202, 'LOKATZA Z.E.', 16)
INSERT INTO [Club] ([idClub], [Club], [IdFederacion]) VALUES (203, 'LOS DOLORES C.C.', 12)
INSERT INTO [Club] ([idClub], [Club], [IdFederacion]) VALUES (204, 'LUGONES,C.C.', 3)
INSERT INTO [Club] ([idClub], [Club], [IdFederacion]) VALUES (205, 'LUYMA GRUPO DEPORTIVO', 6)
INSERT INTO [Club] ([idClub], [Club], [IdFederacion]) VALUES (206, 'MADRID C.D.E.', 11)
INSERT INTO [Club] ([idClub], [Club], [IdFederacion]) VALUES (207, 'MAGRO E.C.', 11)
INSERT INTO [Club] ([idClub], [Club], [IdFederacion]) VALUES (208, 'MALAGA TERRAL BIKE, C.D.', 1)
INSERT INTO [Club] ([idClub], [Club], [IdFederacion]) VALUES (209, 'MAMMOTH MOUNTAIN BIKES', 11)
INSERT INTO [Club] ([idClub], [Club], [IdFederacion]) VALUES (210, 'MANILVA, C.C.', 1)
INSERT INTO [Club] ([idClub], [Club], [IdFederacion]) VALUES (211, 'MANRESA ESPORT CICLISTA', 7)
INSERT INTO [Club] ([idClub], [Club], [IdFederacion]) VALUES (212, 'MANZANILLO,P.C.', 3)
INSERT INTO [Club] ([idClub], [Club], [IdFederacion]) VALUES (213, 'MARKINA S.C.', 16)
INSERT INTO [Club] ([idClub], [Club], [IdFederacion]) VALUES (214, 'MATE, C.D.C.', 1)
INSERT INTO [Club] ([idClub], [Club], [IdFederacion]) VALUES (215, 'MEDINENSE, C.D.C.', 4)
INSERT INTO [Club] ([idClub], [Club], [IdFederacion]) VALUES (216, 'MEDINES, C.D.M.', 4)
INSERT INTO [Club] ([idClub], [Club], [IdFederacion]) VALUES (217, 'MEITEL, C.D.', 1)
INSERT INTO [Club] ([idClub], [Club], [IdFederacion]) VALUES (218, 'MENDIKUTE K.K.E.', 16)
INSERT INTO [Club] ([idClub], [Club], [IdFederacion]) VALUES (219, 'MENDIZ MENDI TALDEA', 16)
INSERT INTO [Club] ([idClub], [Club], [IdFederacion]) VALUES (220, 'MERUELO SAN MIGUEL, CLUB CICL.', 6)
INSERT INTO [Club] ([idClub], [Club], [IdFederacion]) VALUES (221, 'MOLEROBIKES C.D.E.', 11)
INSERT INTO [Club] ([idClub], [Club], [IdFederacion]) VALUES (222, 'MOLINENSE CLUB CICLISTA', 12)
INSERT INTO [Club] ([idClub], [Club], [IdFederacion]) VALUES (223, 'MOLLET, CLUB CICLISTA', 7)
INSERT INTO [Club] ([idClub], [Club], [IdFederacion]) VALUES (224, 'MONFORTE DEL CID', 15)
INSERT INTO [Club] ([idClub], [Club], [IdFederacion]) VALUES (225, 'MOTO PIE SALON, GRUPO DEPORT.', 6)
INSERT INTO [Club] ([idClub], [Club], [IdFederacion]) VALUES (226, 'MOUNTAIN BIKE JEREZ, C.C.', 1)
INSERT INTO [Club] ([idClub], [Club], [IdFederacion]) VALUES (227, 'MOUNTAIN-BIKE BENAVENTE, C.D.', 4)
INSERT INTO [Club] ([idClub], [Club], [IdFederacion]) VALUES (228, 'MTB GUARDO, C.D.', 4)
INSERT INTO [Club] ([idClub], [Club], [IdFederacion]) VALUES (229, 'MTB LA RAMBLA, C.', 1)
INSERT INTO [Club] ([idClub], [Club], [IdFederacion]) VALUES (230, 'MTB SIN GRAVEDAD, C.D.', 1)
INSERT INTO [Club] ([idClub], [Club], [IdFederacion]) VALUES (231, 'MTB TORRELAVEGA', 6)
INSERT INTO [Club] ([idClub], [Club], [IdFederacion]) VALUES (232, 'MTB XAUEN BIKE, C.D.', 1)
INSERT INTO [Club] ([idClub], [Club], [IdFederacion]) VALUES (233, 'MUNAT, CLUB CICLISTA', 14)
INSERT INTO [Club] ([idClub], [Club], [IdFederacion]) VALUES (234, 'MUSKARIA CLUB CICLISTA', 13)
INSERT INTO [Club] ([idClub], [Club], [IdFederacion]) VALUES (235, 'MUSSOLS XABIA BIKERS', 15)
INSERT INTO [Club] ([idClub], [Club], [IdFederacion]) VALUES (236, 'NALONTEAM, CLUB CICLISTA', 3)
INSERT INTO [Club] ([idClub], [Club], [IdFederacion]) VALUES (237, 'NICKY''S, PENYA CICLISTA', 7)
INSERT INTO [Club] ([idClub], [Club], [IdFederacion]) VALUES (238, 'OCCIDENTAL, CLUB CICLISTA', 6)
INSERT INTO [Club] ([idClub], [Club], [IdFederacion]) VALUES (239, 'OCELLUM MULTIDEPORTE, C.D.', 4)
INSERT INTO [Club] ([idClub], [Club], [IdFederacion]) VALUES (240, 'ONTINYENT', 15)
INSERT INTO [Club] ([idClub], [Club], [IdFederacion]) VALUES (241, 'OPOSUR BOMBEROS C.D.E.', 11)
INSERT INTO [Club] ([idClub], [Club], [IdFederacion]) VALUES (242, 'ORDIZIAKO TX. E.', 16)
INSERT INTO [Club] ([idClub], [Club], [IdFederacion]) VALUES (243, 'OREKI FUNDAZIOA T.E.', 16)
INSERT INTO [Club] ([idClub], [Club], [IdFederacion]) VALUES (244, 'ORIAKO TX. ESKOLA', 16)
INSERT INTO [Club] ([idClub], [Club], [IdFederacion]) VALUES (245, 'P.C. DOS HERMANAS GOMEZ MORAL', 1)
INSERT INTO [Club] ([idClub], [Club], [IdFederacion]) VALUES (246, 'PACO LOPEZ', 15)
INSERT INTO [Club] ([idClub], [Club], [IdFederacion]) VALUES (247, 'PADRONES, C.C.', 10)
INSERT INTO [Club] ([idClub], [Club], [IdFederacion]) VALUES (248, 'PARQUESOL, C.D.C.', 4)
INSERT INTO [Club] ([idClub], [Club], [IdFederacion]) VALUES (249, 'PEDAL', 15)
INSERT INTO [Club] ([idClub], [Club], [IdFederacion]) VALUES (250, 'PEDALES MUNDO CLUB CICLISTA', 7)
INSERT INTO [Club] ([idClub], [Club], [IdFederacion]) VALUES (251, 'PEDALIER XATIVA', 15)
INSERT INTO [Club] ([idClub], [Club], [IdFederacion]) VALUES (252, 'PEDREGUER', 15)
INSERT INTO [Club] ([idClub], [Club], [IdFederacion]) VALUES (253, 'PEMOY S.D.', 12)
INSERT INTO [Club] ([idClub], [Club], [IdFederacion]) VALUES (254, 'PEÑA CICLISTA ALCALAINA, C.D.', 1)
INSERT INTO [Club] ([idClub], [Club], [IdFederacion]) VALUES (255, 'PEÑA CICLISTA EGABRENSE, C.D.', 1)
INSERT INTO [Club] ([idClub], [Club], [IdFederacion]) VALUES (256, 'PEÑA CICLISTA GALAN REYES, C.D', 1)
INSERT INTO [Club] ([idClub], [Club], [IdFederacion]) VALUES (257, 'PEÑA CICLISTA TREBUJENA, C.D.', 1)
INSERT INTO [Club] ([idClub], [Club], [IdFederacion]) VALUES (258, 'PENEDES MARITIM CLUB CICLISTA', 7)
INSERT INTO [Club] ([idClub], [Club], [IdFederacion]) VALUES (259, 'PISUERGA VENTA DE BAÑOS, C.D.', 4)
INSERT INTO [Club] ([idClub], [Club], [IdFederacion]) VALUES (260, 'PISUERGA, C.D.C.', 4)
INSERT INTO [Club] ([idClub], [Club], [IdFederacion]) VALUES (261, 'PORTUENSE, C.C.', 1)
INSERT INTO [Club] ([idClub], [Club], [IdFederacion]) VALUES (262, 'POWER ZONE TEAM', 15)
INSERT INTO [Club] ([idClub], [Club], [IdFederacion]) VALUES (263, 'POWERBIKES CLUB DEPORTIVO', 13)
INSERT INTO [Club] ([idClub], [Club], [IdFederacion]) VALUES (264, 'PROBIKE JAEN, C.D.', 1)
INSERT INTO [Club] ([idClub], [Club], [IdFederacion]) VALUES (265, 'PUERTO REAL, C.C.', 1)
INSERT INTO [Club] ([idClub], [Club], [IdFederacion]) VALUES (266, 'PULSACIONESS BIKES, C.D.E.', 5)
INSERT INTO [Club] ([idClub], [Club], [IdFederacion]) VALUES (267, 'PUNTA GALEA T.E.', 16)
INSERT INTO [Club] ([idClub], [Club], [IdFederacion]) VALUES (268, 'R.F.E.C.', 8)
INSERT INTO [Club] ([idClub], [Club], [IdFederacion]) VALUES (269, 'R.M. CLUB CICLISTA', 12)
INSERT INTO [Club] ([idClub], [Club], [IdFederacion]) VALUES (270, 'RACING CYCLING TEAM, G.D.', 10)
INSERT INTO [Club] ([idClub], [Club], [IdFederacion]) VALUES (271, 'RIAS BAIXAS, C.C.', 10)
INSERT INTO [Club] ([idClub], [Club], [IdFederacion]) VALUES (272, 'ROLDAN C.C.', 12)
INSERT INTO [Club] ([idClub], [Club], [IdFederacion]) VALUES (273, 'ROTA AGRUPACION CICLISTA, C.D.', 1)
INSERT INTO [Club] ([idClub], [Club], [IdFederacion]) VALUES (274, 'ROYAL TEAM CYL CICLISMO, C.D.', 4)
INSERT INTO [Club] ([idClub], [Club], [IdFederacion]) VALUES (275, 'S.S. DE LOS REYES U.C.', 11)
INSERT INTO [Club] ([idClub], [Club], [IdFederacion]) VALUES (276, 'SALTAMONTES GRUPO BTT', 13)
INSERT INTO [Club] ([idClub], [Club], [IdFederacion]) VALUES (277, 'SAN BARTOLOME MTB, C.D.', 1)
INSERT INTO [Club] ([idClub], [Club], [IdFederacion]) VALUES (278, 'SAN VICENTE', 15)
INSERT INTO [Club] ([idClub], [Club], [IdFederacion]) VALUES (279, 'SANAGUS TEAM CDE', 11)
INSERT INTO [Club] ([idClub], [Club], [IdFederacion]) VALUES (280, 'SANLUSPORTS, C.D.', 1)
INSERT INTO [Club] ([idClub], [Club], [IdFederacion]) VALUES (281, 'SANT BOI, CLUB CICLISTA', 7)
INSERT INTO [Club] ([idClub], [Club], [IdFederacion]) VALUES (282, 'SANTI PEREZ-MIRADOR DEL NALON', 3)
INSERT INTO [Club] ([idClub], [Club], [IdFederacion]) VALUES (283, 'SARIEGO BIKE,C.C.', 3)
INSERT INTO [Club] ([idClub], [Club], [IdFederacion]) VALUES (284, 'SAX', 15)
INSERT INTO [Club] ([idClub], [Club], [IdFederacion]) VALUES (285, 'SCOTT BIKES CLUB ESPORTIU', 7)
INSERT INTO [Club] ([idClub], [Club], [IdFederacion]) VALUES (286, 'SENGLARS', 15)
INSERT INTO [Club] ([idClub], [Club], [IdFederacion]) VALUES (287, 'SEPELACO', 15)
INSERT INTO [Club] ([idClub], [Club], [IdFederacion]) VALUES (288, 'SIERRA DE CADIZ, C.C.', 1)
INSERT INTO [Club] ([idClub], [Club], [IdFederacion]) VALUES (289, 'SIERRA NEVADA SPORT, C.D.', 1)
INSERT INTO [Club] ([idClub], [Club], [IdFederacion]) VALUES (290, 'SOBRERUEDAS, C.D.', 4)
INSERT INTO [Club] ([idClub], [Club], [IdFederacion]) VALUES (291, 'SOPELANA TXIRRINDULARI K.T.Z.', 16)
INSERT INTO [Club] ([idClub], [Club], [IdFederacion]) VALUES (292, 'SPOL, C.C.', 10)
INSERT INTO [Club] ([idClub], [Club], [IdFederacion]) VALUES (293, 'SPRINT, PEÑA CICLISTA', 6)
INSERT INTO [Club] ([idClub], [Club], [IdFederacion]) VALUES (294, 'SUPERMERCADOS FROIZ, G.D.', 10)
INSERT INTO [Club] ([idClub], [Club], [IdFederacion]) VALUES (295, 'TAFALLES CLUB CICLISTA', 13)
INSERT INTO [Club] ([idClub], [Club], [IdFederacion]) VALUES (296, 'TALAVERA J. POLO CLUB CICLISTA', 5)
INSERT INTO [Club] ([idClub], [Club], [IdFederacion]) VALUES (297, 'TEAM CYCLING CLUB ESPORTIU', 7)
INSERT INTO [Club] ([idClub], [Club], [IdFederacion]) VALUES (298, 'THE BIKE RUN', 15)
INSERT INTO [Club] ([idClub], [Club], [IdFederacion]) VALUES (299, 'TINO ZABALLA, CLUB DEPORTIVO', 6)
INSERT INTO [Club] ([idClub], [Club], [IdFederacion]) VALUES (300, 'TIRITU ZIKLISTA ELKARTEA', 16)
INSERT INTO [Club] ([idClub], [Club], [IdFederacion]) VALUES (301, 'TOLOSA C.F.', 16)
INSERT INTO [Club] ([idClub], [Club], [IdFederacion]) VALUES (302, 'TORREAGUERA C.C.', 12)
INSERT INTO [Club] ([idClub], [Club], [IdFederacion]) VALUES (303, 'TRES CANTOS C.C.', 11)
INSERT INTO [Club] ([idClub], [Club], [IdFederacion]) VALUES (304, 'TRIATLON ATALAYA CLUB DEPORTIV', 13)
INSERT INTO [Club] ([idClub], [Club], [IdFederacion]) VALUES (305, 'TRICANTINA A.C.', 11)
INSERT INTO [Club] ([idClub], [Club], [IdFederacion]) VALUES (306, 'TXINDOKIPE TX.K.T.', 16)
INSERT INTO [Club] ([idClub], [Club], [IdFederacion]) VALUES (307, 'TXIPIS, CLUB CICLISTA', 6)
INSERT INTO [Club] ([idClub], [Club], [IdFederacion]) VALUES (308, 'UGAO S.C.', 16)
INSERT INTO [Club] ([idClub], [Club], [IdFederacion]) VALUES (309, 'UGERAGA S.D.', 16)
INSERT INTO [Club] ([idClub], [Club], [IdFederacion]) VALUES (310, 'UNION CICLISTA CANTIMPALOS C.D', 4)
INSERT INTO [Club] ([idClub], [Club], [IdFederacion]) VALUES (311, 'UNION CICLISTA ERANDIO', 16)
INSERT INTO [Club] ([idClub], [Club], [IdFederacion]) VALUES (312, 'UNION CICLISTA PALENCIA, C.D.', 4)
INSERT INTO [Club] ([idClub], [Club], [IdFederacion]) VALUES (313, 'UNION VELOCIPEDICA ALMERIENSE', 1)
INSERT INTO [Club] ([idClub], [Club], [IdFederacion]) VALUES (314, 'URBASA CLUB CICLISTA', 13)
INSERT INTO [Club] ([idClub], [Club], [IdFederacion]) VALUES (315, 'URTXINTXA C.C.', 13)
INSERT INTO [Club] ([idClub], [Club], [IdFederacion]) VALUES (316, 'VALDEPEÑAS CLUB CICLISTA', 5)
INSERT INTO [Club] ([idClub], [Club], [IdFederacion]) VALUES (317, 'VALL D''UXO', 15)
INSERT INTO [Club] ([idClub], [Club], [IdFederacion]) VALUES (318, 'VALLE DE TRAPAGA C.C', 16)
INSERT INTO [Club] ([idClub], [Club], [IdFederacion]) VALUES (319, 'VELO CLUB AVILA, C.D.', 4)
INSERT INTO [Club] ([idClub], [Club], [IdFederacion]) VALUES (320, 'VELODROMO DURANGUESADO C.D.C.', 16)
INSERT INTO [Club] ([idClub], [Club], [IdFederacion]) VALUES (321, 'VENTEÑO DE CICLISMO, C.D.', 4)
INSERT INTO [Club] ([idClub], [Club], [IdFederacion]) VALUES (322, 'VIBIKE C.D.C.', 16)
INSERT INTO [Club] ([idClub], [Club], [IdFederacion]) VALUES (323, 'VIELLA,E.C.', 3)
INSERT INTO [Club] ([idClub], [Club], [IdFederacion]) VALUES (324, 'VIGUES, C.C.', 10)
INSERT INTO [Club] ([idClub], [Club], [IdFederacion]) VALUES (325, 'VILANOVA, UNIO CICLISTA', 7)
INSERT INTO [Club] ([idClub], [Club], [IdFederacion]) VALUES (326, 'VILLANUEVA DE CASTELLON', 15)
INSERT INTO [Club] ([idClub], [Club], [IdFederacion]) VALUES (327, 'VILLAVES CLUB CICLISTA', 13)
INSERT INTO [Club] ([idClub], [Club], [IdFederacion]) VALUES (328, 'ZALLA S.C.', 16)
INSERT INTO [Club] ([idClub], [Club], [IdFederacion]) VALUES (329, 'ZAMORA ROMANICO, C.D.C.', 4)
INSERT INTO [Club] ([idClub], [Club], [IdFederacion]) VALUES (330, 'ZARAUZTARRA S.D.C.', 16)
INSERT INTO [Club] ([idClub], [Club], [IdFederacion]) VALUES (331, 'ZONA BIKE T. KLUBA', 16)
INSERT INTO [Club] ([idClub], [Club], [IdFederacion]) VALUES (332, 'ZORRIBIKE LEZAMAKO T.K.T.', 16)
INSERT INTO [Club] ([idClub], [Club], [IdFederacion]) VALUES (333, 'ZUIANO C.C.', 16)
INSERT INTO [Club] ([idClub], [Club], [IdFederacion]) VALUES (334, 'ZUMAIAKO TX. ELKARTEA', 16)
-- 334 records

INSERT INTO [Club] ([idClub], [Club], [IdFederacion]) VALUES (335, 'CLUB1', 16)
INSERT INTO [Club] ([idClub], [Club], [IdFederacion]) VALUES (336, 'CLUB2', 7)
INSERT INTO [Club] ([idClub], [Club], [IdFederacion]) VALUES (337, 'CLUB3', 16)
INSERT INTO [Club] ([idClub], [Club], [IdFederacion]) VALUES (338, 'CLUB4', 8)
go


--
-- Dumping data for table 'Equipo'
--

INSERT INTO [Equipo] ([IdEquipo], [Nombre], [IdTipo], [IdClub], [NCiclistas]) VALUES (1, '+ PULSACIONESS TEAM', 2, 266, 101)
INSERT INTO [Equipo] ([IdEquipo], [Nombre], [IdTipo], [IdClub], [NCiclistas]) VALUES (2, 'AA CC KAPELMUUR', 6, 73, 86)
INSERT INTO [Equipo] ([IdEquipo], [Nombre], [IdTipo], [IdClub], [NCiclistas]) VALUES (3, 'AC BY MARRIOTT', 6, 113, 67)
INSERT INTO [Equipo] ([IdEquipo], [Nombre], [IdTipo], [IdClub], [NCiclistas]) VALUES (4, 'ACTIVIDADES DEPORTIVAS', 6, 5, 96)
INSERT INTO [Equipo] ([IdEquipo], [Nombre], [IdTipo], [IdClub], [NCiclistas]) VALUES (5, 'ADMON 2 LOT ASTORGA- TURISLEON', 6, 37, 109)
INSERT INTO [Equipo] ([IdEquipo], [Nombre], [IdTipo], [IdClub], [NCiclistas]) VALUES (6, 'AGORA BIKES - SCOTT', 2, 279, 92)
INSERT INTO [Equipo] ([IdEquipo], [Nombre], [IdTipo], [IdClub], [NCiclistas]) VALUES (7, 'AGRICOLA CUELI', 3, 107, 105)
INSERT INTO [Equipo] ([IdEquipo], [Nombre], [IdTipo], [IdClub], [NCiclistas]) VALUES (8, 'AGRIMANCHA', 9, 316, 68)
INSERT INTO [Equipo] ([IdEquipo], [Nombre], [IdTipo], [IdClub], [NCiclistas]) VALUES (9, 'AIARABIKE-SPIUK', 2, 200, 23)
INSERT INTO [Equipo] ([IdEquipo], [Nombre], [IdTipo], [IdClub], [NCiclistas]) VALUES (10, 'AJUNTAMENT SANT JOAN DE MORÓ', 9, 286, 12)
INSERT INTO [Equipo] ([IdEquipo], [Nombre], [IdTipo], [IdClub], [NCiclistas]) VALUES (11, 'ALÉ CIPOLLINI', 13, 268, 92)
INSERT INTO [Equipo] ([IdEquipo], [Nombre], [IdTipo], [IdClub], [NCiclistas]) VALUES (12, 'ALLERRU K.E.', 3, 16, 12)
INSERT INTO [Equipo] ([IdEquipo], [Nombre], [IdTipo], [IdClub], [NCiclistas]) VALUES (13, 'ALUMINIOS CORTIZO', 8, 247, 75)
INSERT INTO [Equipo] ([IdEquipo], [Nombre], [IdTipo], [IdClub], [NCiclistas]) VALUES (14, 'AMERAL-TPTES.VALIENTE', 6, 245, 109)
INSERT INTO [Equipo] ([IdEquipo], [Nombre], [IdTipo], [IdClub], [NCiclistas]) VALUES (15, 'AMIL-SASOIAN', 2, 218, 97)
INSERT INTO [Equipo] ([IdEquipo], [Nombre], [IdTipo], [IdClub], [NCiclistas]) VALUES (16, 'AMPO', 8, 162, 78)
INSERT INTO [Equipo] ([IdEquipo], [Nombre], [IdTipo], [IdClub], [NCiclistas]) VALUES (17, 'AMPO-CAJA RURAL', 11, 162, 91)
INSERT INTO [Equipo] ([IdEquipo], [Nombre], [IdTipo], [IdClub], [NCiclistas]) VALUES (18, 'ANDALUCIA-TREBUJENA', 8, 257, 108)
INSERT INTO [Equipo] ([IdEquipo], [Nombre], [IdTipo], [IdClub], [NCiclistas]) VALUES (19, 'ANDOAINGO TX. ESKOLA', 3, 22, 45)
INSERT INTO [Equipo] ([IdEquipo], [Nombre], [IdTipo], [IdClub], [NCiclistas]) VALUES (20, 'AQUAMA-PC DOLORES', 6, 120, 78)
INSERT INTO [Equipo] ([IdEquipo], [Nombre], [IdTipo], [IdClub], [NCiclistas]) VALUES (21, 'AQUASLAVA+KTRI', 2, 26, 109)
INSERT INTO [Equipo] ([IdEquipo], [Nombre], [IdTipo], [IdClub], [NCiclistas]) VALUES (22, 'ARABARRAK', 3, 27, 100)
INSERT INTO [Equipo] ([IdEquipo], [Nombre], [IdTipo], [IdClub], [NCiclistas]) VALUES (23, 'ARFLU-PUNTA GALEA TX.E.', 10, 267, 105)
INSERT INTO [Equipo] ([IdEquipo], [Nombre], [IdTipo], [IdClub], [NCiclistas]) VALUES (24, 'ARIBIKE.COM', 6, 50, 109)
INSERT INTO [Equipo] ([IdEquipo], [Nombre], [IdTipo], [IdClub], [NCiclistas]) VALUES (25, 'ARMOKA-MARKINA XEMEINGO UDALA', 3, 213, 83)
INSERT INTO [Equipo] ([IdEquipo], [Nombre], [IdTipo], [IdClub], [NCiclistas]) VALUES (26, 'ARTEPREF - CC ARANDINO', 11, 30, 72)
INSERT INTO [Equipo] ([IdEquipo], [Nombre], [IdTipo], [IdClub], [NCiclistas]) VALUES (27, 'ASESORES DE NAVARRA', 11, 34, 64)
INSERT INTO [Equipo] ([IdEquipo], [Nombre], [IdTipo], [IdClub], [NCiclistas]) VALUES (28, 'ASKAN', 2, 333, 32)
INSERT INTO [Equipo] ([IdEquipo], [Nombre], [IdTipo], [IdClub], [NCiclistas]) VALUES (29, 'ASSYSTEM-VALLE DE ARANGUREN', 3, 31, 10)
INSERT INTO [Equipo] ([IdEquipo], [Nombre], [IdTipo], [IdClub], [NCiclistas]) VALUES (30, 'ATIKA-SAFIRFRUITS', 8, 14, 17)
INSERT INTO [Equipo] ([IdEquipo], [Nombre], [IdTipo], [IdClub], [NCiclistas]) VALUES (31, 'ATRACCIONES SANZ', 3, 194, 105)
INSERT INTO [Equipo] ([IdEquipo], [Nombre], [IdTipo], [IdClub], [NCiclistas]) VALUES (32, 'AUTOCARS SAGALES', 3, 325, 71)
INSERT INTO [Equipo] ([IdEquipo], [Nombre], [IdTipo], [IdClub], [NCiclistas]) VALUES (33, 'AUTONERVIÓN-RENAULT', 3, 318, 89)
INSERT INTO [Equipo] ([IdEquipo], [Nombre], [IdTipo], [IdClub], [NCiclistas]) VALUES (34, 'AUTRONIC-C.C. VIGUES', 3, 324, 57)
INSERT INTO [Equipo] ([IdEquipo], [Nombre], [IdTipo], [IdClub], [NCiclistas]) VALUES (35, 'AVICOLA S.ISIDRO-CICLOS CURRA', 2, 97, 21)
INSERT INTO [Equipo] ([IdEquipo], [Nombre], [IdTipo], [IdClub], [NCiclistas]) VALUES (36, 'AYTO. DE ENTRAMBASAGUAS', 3, 205, 72)
INSERT INTO [Equipo] ([IdEquipo], [Nombre], [IdTipo], [IdClub], [NCiclistas]) VALUES (37, 'BANCO SANTANDER', 11, 293, 73)
INSERT INTO [Equipo] ([IdEquipo], [Nombre], [IdTipo], [IdClub], [NCiclistas]) VALUES (38, 'BAQUE CAMPOS TEAM', 8, 198, 69)
INSERT INTO [Equipo] ([IdEquipo], [Nombre], [IdTipo], [IdClub], [NCiclistas]) VALUES (39, 'BAQUE-IBINARRIAGA', 11, 198, 53)
INSERT INTO [Equipo] ([IdEquipo], [Nombre], [IdTipo], [IdClub], [NCiclistas]) VALUES (40, 'BAR RESTAURANTE EL VOLANTE', 2, 39, 51)
INSERT INTO [Equipo] ([IdEquipo], [Nombre], [IdTipo], [IdClub], [NCiclistas]) VALUES (41, 'BASATI BIKE', 3, 71, 20)
INSERT INTO [Equipo] ([IdEquipo], [Nombre], [IdTipo], [IdClub], [NCiclistas]) VALUES (42, 'BASKONIA SPORT-IRU HERRI', 2, 178, 36)
INSERT INTO [Equipo] ([IdEquipo], [Nombre], [IdTipo], [IdClub], [NCiclistas]) VALUES (43, 'BATHCO', 3, 51, 64)
INSERT INTO [Equipo] ([IdEquipo], [Nombre], [IdTipo], [IdClub], [NCiclistas]) VALUES (44, 'BAZPI', 3, 70, 101)
INSERT INTO [Equipo] ([IdEquipo], [Nombre], [IdTipo], [IdClub], [NCiclistas]) VALUES (45, 'BELLO BIKES', 6, 175, 18)
INSERT INTO [Equipo] ([IdEquipo], [Nombre], [IdTipo], [IdClub], [NCiclistas]) VALUES (46, 'BELTRAN ASCENSORES/MONTACARGAS', 3, 141, 90)
INSERT INTO [Equipo] ([IdEquipo], [Nombre], [IdTipo], [IdClub], [NCiclistas]) VALUES (47, 'BENICASSIM ME GUSTA-LUK', 8, 47, 26)
INSERT INTO [Equipo] ([IdEquipo], [Nombre], [IdTipo], [IdClub], [NCiclistas]) VALUES (48, 'BENICASSIM ME GUSTA-LUK J', 11, 47, 65)
INSERT INTO [Equipo] ([IdEquipo], [Nombre], [IdTipo], [IdClub], [NCiclistas]) VALUES (49, 'BEOLA MOTOR-CITROËN', 11, 327, 71)
INSERT INTO [Equipo] ([IdEquipo], [Nombre], [IdTipo], [IdClub], [NCiclistas]) VALUES (50, 'BERRIA BIKES-ELECTROFACTORY PR', 2, 147, 52)
INSERT INTO [Equipo] ([IdEquipo], [Nombre], [IdTipo], [IdClub], [NCiclistas]) VALUES (51, 'BESTE ALDE RENT A CAR', 11, 124, 30)
INSERT INTO [Equipo] ([IdEquipo], [Nombre], [IdTipo], [IdClub], [NCiclistas]) VALUES (52, 'BESTE ALDE-ORUE ESKOLA', 10, 124, 62)
INSERT INTO [Equipo] ([IdEquipo], [Nombre], [IdTipo], [IdClub], [NCiclistas]) VALUES (53, 'BICICLETAS 2V BIKERS', 2, 222, 67)
INSERT INTO [Equipo] ([IdEquipo], [Nombre], [IdTipo], [IdClub], [NCiclistas]) VALUES (54, 'BICICLETAS ALVARITO - PTO REAL', 2, 265, 99)
INSERT INTO [Equipo] ([IdEquipo], [Nombre], [IdTipo], [IdClub], [NCiclistas]) VALUES (55, 'BICICLETAS APEDALES', 2, 90, 63)
INSERT INTO [Equipo] ([IdEquipo], [Nombre], [IdTipo], [IdClub], [NCiclistas]) VALUES (56, 'BICICLETAS PEMOY', 8, 253, 53)
INSERT INTO [Equipo] ([IdEquipo], [Nombre], [IdTipo], [IdClub], [NCiclistas]) VALUES (57, 'BICICLETAS RODRIGUEZ EXTREMADU', 8, 154, 14)
INSERT INTO [Equipo] ([IdEquipo], [Nombre], [IdTipo], [IdClub], [NCiclistas]) VALUES (58, 'BICICLETAS SANEGRE', 6, 171, 78)
INSERT INTO [Equipo] ([IdEquipo], [Nombre], [IdTipo], [IdClub], [NCiclistas]) VALUES (59, 'BICICLETAS TOLETE', 6, 42, 52)
INSERT INTO [Equipo] ([IdEquipo], [Nombre], [IdTipo], [IdClub], [NCiclistas]) VALUES (60, 'BICICLETES CABEDO', 2, 287, 57)
INSERT INTO [Equipo] ([IdEquipo], [Nombre], [IdTipo], [IdClub], [NCiclistas]) VALUES (61, 'BICIHOBBY', 2, 276, 109)
INSERT INTO [Equipo] ([IdEquipo], [Nombre], [IdTipo], [IdClub], [NCiclistas]) VALUES (62, 'BICILOCURA PRIMAFLOR ESPABROK', 2, 56, 96)
INSERT INTO [Equipo] ([IdEquipo], [Nombre], [IdTipo], [IdClub], [NCiclistas]) VALUES (63, 'BICILOCURA PRIMAFLOR ESPABROK', 2, 57, 109)
INSERT INTO [Equipo] ([IdEquipo], [Nombre], [IdTipo], [IdClub], [NCiclistas]) VALUES (64, 'BICIOSANO-ELECKAR', 14, 283, 15)
INSERT INTO [Equipo] ([IdEquipo], [Nombre], [IdTipo], [IdClub], [NCiclistas]) VALUES (65, 'BICIS BURU AGUILAS', 2, 59, 50)
INSERT INTO [Equipo] ([IdEquipo], [Nombre], [IdTipo], [IdClub], [NCiclistas]) VALUES (66, 'BICIS ESTEVE', 2, 145, 24)
INSERT INTO [Equipo] ([IdEquipo], [Nombre], [IdTipo], [IdClub], [NCiclistas]) VALUES (67, 'BICIS MANZANARES - TAPISA TEAM', 2, 24, 90)
INSERT INTO [Equipo] ([IdEquipo], [Nombre], [IdTipo], [IdClub], [NCiclistas]) VALUES (68, 'BICIS YEYO-TERRAL BIKE', 2, 208, 39)
INSERT INTO [Equipo] ([IdEquipo], [Nombre], [IdTipo], [IdClub], [NCiclistas]) VALUES (69, 'BICI-XTREM-GRUPO VEGA', 6, 282, 72)
INSERT INTO [Equipo] ([IdEquipo], [Nombre], [IdTipo], [IdClub], [NCiclistas]) VALUES (70, 'BIKE&ROLL', 2, 226, 48)
INSERT INTO [Equipo] ([IdEquipo], [Nombre], [IdTipo], [IdClub], [NCiclistas]) VALUES (71, 'BIKEZONA.COM', 2, 63, 43)
INSERT INTO [Equipo] ([IdEquipo], [Nombre], [IdTipo], [IdClub], [NCiclistas]) VALUES (72, 'BIO RACER/EXTREMADURA', 13, 134, 49)
INSERT INTO [Equipo] ([IdEquipo], [Nombre], [IdTipo], [IdClub], [NCiclistas]) VALUES (73, 'BIO-RACER/CARAVANAS ERANDIO', 5, 75, 23)
INSERT INTO [Equipo] ([IdEquipo], [Nombre], [IdTipo], [IdClub], [NCiclistas]) VALUES (74, 'BIZIKLETA.COM', 2, 64, 97)
INSERT INTO [Equipo] ([IdEquipo], [Nombre], [IdTipo], [IdClub], [NCiclistas]) VALUES (75, 'BIZKAIA-DURANGO', 10, 196, 46)
INSERT INTO [Equipo] ([IdEquipo], [Nombre], [IdTipo], [IdClub], [NCiclistas]) VALUES (76, 'BKP RABANALES-FAUNDEZ GOURMET', 3, 15, 106)
INSERT INTO [Equipo] ([IdEquipo], [Nombre], [IdTipo], [IdClub], [NCiclistas]) VALUES (77, 'BOBRUC OIL', 6, 206, 78)
INSERT INTO [Equipo] ([IdEquipo], [Nombre], [IdTipo], [IdClub], [NCiclistas]) VALUES (78, 'BOLINTXO OKINDEGIA', 3, 202, 85)
INSERT INTO [Equipo] ([IdEquipo], [Nombre], [IdTipo], [IdClub], [NCiclistas]) VALUES (79, 'BONILLO TEAM', 9, 185, 11)
INSERT INTO [Equipo] ([IdEquipo], [Nombre], [IdTipo], [IdClub], [NCiclistas]) VALUES (80, 'BOTANIA FARMA', 2, 228, 76)
INSERT INTO [Equipo] ([IdEquipo], [Nombre], [IdTipo], [IdClub], [NCiclistas]) VALUES (81, 'BOULEVARD BIKE JAEN', 2, 99, 82)
INSERT INTO [Equipo] ([IdEquipo], [Nombre], [IdTipo], [IdClub], [NCiclistas]) VALUES (82, 'BTT ATALAYA-CICLOS GALDON', 2, 65, 65)
INSERT INTO [Equipo] ([IdEquipo], [Nombre], [IdTipo], [IdClub], [NCiclistas]) VALUES (83, 'BTT LACIANA', 2, 192, 53)
INSERT INTO [Equipo] ([IdEquipo], [Nombre], [IdTipo], [IdClub], [NCiclistas]) VALUES (84, 'BUGUIBIKES-NATUGRA', 2, 184, 78)
INSERT INTO [Equipo] ([IdEquipo], [Nombre], [IdTipo], [IdClub], [NCiclistas]) VALUES (85, 'BURGOS BH', 7, 274, 49)
INSERT INTO [Equipo] ([IdEquipo], [Nombre], [IdTipo], [IdClub], [NCiclistas]) VALUES (86, 'BURRITABIKE RACING TEAM', 2, 168, 46)
INSERT INTO [Equipo] ([IdEquipo], [Nombre], [IdTipo], [IdClub], [NCiclistas]) VALUES (87, 'C.C. BAJO ARAGON HISTORICO', 3, 41, 89)
INSERT INTO [Equipo] ([IdEquipo], [Nombre], [IdTipo], [IdClub], [NCiclistas]) VALUES (88, 'C.C.B.', 9, 68, 87)
INSERT INTO [Equipo] ([IdEquipo], [Nombre], [IdTipo], [IdClub], [NCiclistas]) VALUES (89, 'C.LIZARRA-IRISARRIS DE IRUÑELA', 3, 144, 31)
INSERT INTO [Equipo] ([IdEquipo], [Nombre], [IdTipo], [IdClub], [NCiclistas]) VALUES (90, 'CAF TRANSPORT ENGINEERING', 10, 182, 98)
INSERT INTO [Equipo] ([IdEquipo], [Nombre], [IdTipo], [IdClub], [NCiclistas]) VALUES (91, 'CAFENASA', 3, 327, 35)
INSERT INTO [Equipo] ([IdEquipo], [Nombre], [IdTipo], [IdClub], [NCiclistas]) VALUES (92, 'CAJA RURAL -BIDE BIDE', 10, 301, 51)
INSERT INTO [Equipo] ([IdEquipo], [Nombre], [IdTipo], [IdClub], [NCiclistas]) VALUES (93, 'CAJA RURAL-SEGUROS RGA', 8, 314, 106)
INSERT INTO [Equipo] ([IdEquipo], [Nombre], [IdTipo], [IdClub], [NCiclistas]) VALUES (94, 'CALMERA TIOGA', 2, 206, 63)
INSERT INTO [Equipo] ([IdEquipo], [Nombre], [IdTipo], [IdClub], [NCiclistas]) VALUES (95, 'CAMARGO', 3, 293, 29)
INSERT INTO [Equipo] ([IdEquipo], [Nombre], [IdTipo], [IdClub], [NCiclistas]) VALUES (96, 'CAMBRE CAEIRO', 8, 80, 74)
INSERT INTO [Equipo] ([IdEquipo], [Nombre], [IdTipo], [IdClub], [NCiclistas]) VALUES (97, 'CAMPOS ELMET', 3, 198, 38)
INSERT INTO [Equipo] ([IdEquipo], [Nombre], [IdTipo], [IdClub], [NCiclistas]) VALUES (98, 'CARAMELOS EL CASERIO-VALSAY', 3, 295, 102)
INSERT INTO [Equipo] ([IdEquipo], [Nombre], [IdTipo], [IdClub], [NCiclistas]) VALUES (99, 'CAROMAR', 8, 256, 57)
INSERT INTO [Equipo] ([IdEquipo], [Nombre], [IdTipo], [IdClub], [NCiclistas]) VALUES (100, 'CASA GUALDA - SILVERBACK', 2, 137, 50)
INSERT INTO [Equipo] ([IdEquipo], [Nombre], [IdTipo], [IdClub], [NCiclistas]) VALUES (101, 'CASH ARAMA', 6, 77, 92)
INSERT INTO [Equipo] ([IdEquipo], [Nombre], [IdTipo], [IdClub], [NCiclistas]) VALUES (102, 'CASTILLO DE ONDA F', 10, 287, 43)
INSERT INTO [Equipo] ([IdEquipo], [Nombre], [IdTipo], [IdClub], [NCiclistas]) VALUES (103, 'CASTILLO DE ONDA J', 11, 287, 81)
INSERT INTO [Equipo] ([IdEquipo], [Nombre], [IdTipo], [IdClub], [NCiclistas]) VALUES (104, 'CASTRESANA BIKES', 9, 216, 43)
INSERT INTO [Equipo] ([IdEquipo], [Nombre], [IdTipo], [IdClub], [NCiclistas]) VALUES (105, 'CATEMA.CAT', 4, 40, 99)
INSERT INTO [Equipo] ([IdEquipo], [Nombre], [IdTipo], [IdClub], [NCiclistas]) VALUES (106, 'CATLIKE', 11, 36, 83)
INSERT INTO [Equipo] ([IdEquipo], [Nombre], [IdTipo], [IdClub], [NCiclistas]) VALUES (107, 'CC SALCEDO-CICLOS SALMAR', 6, 307, 93)
INSERT INTO [Equipo] ([IdEquipo], [Nombre], [IdTipo], [IdClub], [NCiclistas]) VALUES (108, 'CCB', 3, 68, 82)
INSERT INTO [Equipo] ([IdEquipo], [Nombre], [IdTipo], [IdClub], [NCiclistas]) VALUES (109, 'CENTRO DEPORTIVO MAXXCENTER', 2, 232, 103)
INSERT INTO [Equipo] ([IdEquipo], [Nombre], [IdTipo], [IdClub], [NCiclistas]) VALUES (110, 'CENTRO DEPORTIVO PALAS', 2, 280, 65)
INSERT INTO [Equipo] ([IdEquipo], [Nombre], [IdTipo], [IdClub], [NCiclistas]) VALUES (111, 'CENTRO FITNESS', 2, 273, 56)
INSERT INTO [Equipo] ([IdEquipo], [Nombre], [IdTipo], [IdClub], [NCiclistas]) VALUES (112, 'CERAMICAS EGURZA', 2, 66, 105)
INSERT INTO [Equipo] ([IdEquipo], [Nombre], [IdTipo], [IdClub], [NCiclistas]) VALUES (113, 'CERVEZA CALEYA', 6, 236, 109)
INSERT INTO [Equipo] ([IdEquipo], [Nombre], [IdTipo], [IdClub], [NCiclistas]) VALUES (114, 'CICLO SPEED', 2, 303, 79)
INSERT INTO [Equipo] ([IdEquipo], [Nombre], [IdTipo], [IdClub], [NCiclistas]) VALUES (115, 'CICLOHOBBY AL-ANDALUS', 2, 8, 70)
INSERT INTO [Equipo] ([IdEquipo], [Nombre], [IdTipo], [IdClub], [NCiclistas]) VALUES (116, 'CICLOS CORREDOR', 6, 92, 71)
INSERT INTO [Equipo] ([IdEquipo], [Nombre], [IdTipo], [IdClub], [NCiclistas]) VALUES (117, 'CICLOS EBORA-CAMALI', 2, 296, 74)
INSERT INTO [Equipo] ([IdEquipo], [Nombre], [IdTipo], [IdClub], [NCiclistas]) VALUES (118, 'CICLOS GAMEN - MUNAT', 6, 233, 107)
INSERT INTO [Equipo] ([IdEquipo], [Nombre], [IdTipo], [IdClub], [NCiclistas]) VALUES (119, 'CICLOS IÑAKI', 2, 159, 102)
INSERT INTO [Equipo] ([IdEquipo], [Nombre], [IdTipo], [IdClub], [NCiclistas]) VALUES (120, 'CICLOS ITURRIAGA', 3, 132, 95)
INSERT INTO [Equipo] ([IdEquipo], [Nombre], [IdTipo], [IdClub], [NCiclistas]) VALUES (121, 'CICLOS Y CARAVANAS OIARTZUN', 6, 315, 109)
INSERT INTO [Equipo] ([IdEquipo], [Nombre], [IdTipo], [IdClub], [NCiclistas]) VALUES (122, 'CICLOS YURREBASO', 2, 157, 26)
INSERT INTO [Equipo] ([IdEquipo], [Nombre], [IdTipo], [IdClub], [NCiclistas]) VALUES (123, 'CICLOTALLER DELGADO', 2, 38, 107)
INSERT INTO [Equipo] ([IdEquipo], [Nombre], [IdTipo], [IdClub], [NCiclistas]) VALUES (124, 'CIUDAD DE OVIEDO-TARTIERE AUTO', 8, 104, 100)
INSERT INTO [Equipo] ([IdEquipo], [Nombre], [IdTipo], [IdClub], [NCiclistas]) VALUES (125, 'CKT UAM MONTON', 8, 297, 20)
INSERT INTO [Equipo] ([IdEquipo], [Nombre], [IdTipo], [IdClub], [NCiclistas]) VALUES (126, 'CLINICONFORT', 6, 326, 91)
INSERT INTO [Equipo] ([IdEquipo], [Nombre], [IdTipo], [IdClub], [NCiclistas]) VALUES (127, 'CLUB CICLISTA LEON', 3, 199, 61)
INSERT INTO [Equipo] ([IdEquipo], [Nombre], [IdTipo], [IdClub], [NCiclistas]) VALUES (128, 'CLUB CICLISTA MOLLET', 11, 223, 96)
INSERT INTO [Equipo] ([IdEquipo], [Nombre], [IdTipo], [IdClub], [NCiclistas]) VALUES (129, 'CLUB CICLISTA RIAS BAIXAS', 8, 271, 15)
INSERT INTO [Equipo] ([IdEquipo], [Nombre], [IdTipo], [IdClub], [NCiclistas]) VALUES (130, 'CLUB DEPORTIVO CALOCO', 9, 78, 99)
INSERT INTO [Equipo] ([IdEquipo], [Nombre], [IdTipo], [IdClub], [NCiclistas]) VALUES (131, 'COLUER BICYCLES', 8, 82, 56)
INSERT INTO [Equipo] ([IdEquipo], [Nombre], [IdTipo], [IdClub], [NCiclistas]) VALUES (132, 'COMBUSTIBLES GALDEANO', 11, 144, 87)
INSERT INTO [Equipo] ([IdEquipo], [Nombre], [IdTipo], [IdClub], [NCiclistas]) VALUES (133, 'COMDIBAL', 3, 237, 90)
INSERT INTO [Equipo] ([IdEquipo], [Nombre], [IdTipo], [IdClub], [NCiclistas]) VALUES (134, 'CON DOS PIÑONES', 9, 105, 34)
INSERT INTO [Equipo] ([IdEquipo], [Nombre], [IdTipo], [IdClub], [NCiclistas]) VALUES (135, 'CONCELLO DO PORRIÑO', 8, 292, 67)
INSERT INTO [Equipo] ([IdEquipo], [Nombre], [IdTipo], [IdClub], [NCiclistas]) VALUES (136, 'CONGELADOS DE NAVARRA', 3, 234, 74)
INSERT INTO [Equipo] ([IdEquipo], [Nombre], [IdTipo], [IdClub], [NCiclistas]) VALUES (137, 'CONOR SALTOKI BERRIAINZ', 2, 181, 109)
INSERT INTO [Equipo] ([IdEquipo], [Nombre], [IdTipo], [IdClub], [NCiclistas]) VALUES (138, 'CONOR WRC', 2, 67, 32)
INSERT INTO [Equipo] ([IdEquipo], [Nombre], [IdTipo], [IdClub], [NCiclistas]) VALUES (139, 'CONSTRUCCIONES PAULINO-OVIEDO.', 3, 212, 99)
INSERT INTO [Equipo] ([IdEquipo], [Nombre], [IdTipo], [IdClub], [NCiclistas]) VALUES (140, 'CONSULTEC-GSPORT', 6, 328, 86)
INSERT INTO [Equipo] ([IdEquipo], [Nombre], [IdTipo], [IdClub], [NCiclistas]) VALUES (141, 'CONTROLPACK', 8, 61, 53)
INSERT INTO [Equipo] ([IdEquipo], [Nombre], [IdTipo], [IdClub], [NCiclistas]) VALUES (142, 'CORBATAS PINDAL', 3, 238, 35)
INSERT INTO [Equipo] ([IdEquipo], [Nombre], [IdTipo], [IdClub], [NCiclistas]) VALUES (143, 'COSLADA U.C.', 3, 109, 98)
INSERT INTO [Equipo] ([IdEquipo], [Nombre], [IdTipo], [IdClub], [NCiclistas]) VALUES (144, 'COVES DE SANT JOSEP', 11, 317, 107)
INSERT INTO [Equipo] ([IdEquipo], [Nombre], [IdTipo], [IdClub], [NCiclistas]) VALUES (145, 'CRIADO Y LOPEZ', 11, 100, 37)
INSERT INTO [Equipo] ([IdEquipo], [Nombre], [IdTipo], [IdClub], [NCiclistas]) VALUES (146, 'CROSSBIKER - PINA TEAM', 2, 111, 99)
INSERT INTO [Equipo] ([IdEquipo], [Nombre], [IdTipo], [IdClub], [NCiclistas]) VALUES (147, 'CULTBIKES-SPECIALIZED', 5, 114, 87)
INSERT INTO [Equipo] ([IdEquipo], [Nombre], [IdTipo], [IdClub], [NCiclistas]) VALUES (148, 'DAESSA SPORT', 2, 116, 106)
INSERT INTO [Equipo] ([IdEquipo], [Nombre], [IdTipo], [IdClub], [NCiclistas]) VALUES (149, 'D''CASTRO', 14, 95, 59)
INSERT INTO [Equipo] ([IdEquipo], [Nombre], [IdTipo], [IdClub], [NCiclistas]) VALUES (150, 'DE ROSA - BLUE PLANET', 10, 258, 70)
INSERT INTO [Equipo] ([IdEquipo], [Nombre], [IdTipo], [IdClub], [NCiclistas]) VALUES (151, 'DEBABARRENA', 8, 127, 72)
INSERT INTO [Equipo] ([IdEquipo], [Nombre], [IdTipo], [IdClub], [NCiclistas]) VALUES (152, 'DEBRA', 5, 282, 93)
INSERT INTO [Equipo] ([IdEquipo], [Nombre], [IdTipo], [IdClub], [NCiclistas]) VALUES (153, 'DEPORTES FERNANDO - PRODUCTOS', 9, 259, 109)
INSERT INTO [Equipo] ([IdEquipo], [Nombre], [IdTipo], [IdClub], [NCiclistas]) VALUES (154, 'DEPORTES FERNANDO - SELER', 6, 321, 89)
INSERT INTO [Equipo] ([IdEquipo], [Nombre], [IdTipo], [IdClub], [NCiclistas]) VALUES (155, 'DESAM.ES', 6, 93, 107)
INSERT INTO [Equipo] ([IdEquipo], [Nombre], [IdTipo], [IdClub], [NCiclistas]) VALUES (156, 'DESGUACES DEBA', 6, 19, 45)
INSERT INTO [Equipo] ([IdEquipo], [Nombre], [IdTipo], [IdClub], [NCiclistas]) VALUES (157, 'DISCOBOLO SPORT MASTER TEAM', 6, 118, 90)
INSERT INTO [Equipo] ([IdEquipo], [Nombre], [IdTipo], [IdClub], [NCiclistas]) VALUES (158, 'DISGARSA', 11, 103, 47)
INSERT INTO [Equipo] ([IdEquipo], [Nombre], [IdTipo], [IdClub], [NCiclistas]) VALUES (159, 'E.C. SANTILLANA-REOCIN', 9, 172, 89)
INSERT INTO [Equipo] ([IdEquipo], [Nombre], [IdTipo], [IdClub], [NCiclistas]) VALUES (160, 'E.C.SANTI PEREZ', 9, 282, 16)
INSERT INTO [Equipo] ([IdEquipo], [Nombre], [IdTipo], [IdClub], [NCiclistas]) VALUES (161, 'E.D.M. TORRELAVEGA', 3, 98, 95)
INSERT INTO [Equipo] ([IdEquipo], [Nombre], [IdTipo], [IdClub], [NCiclistas]) VALUES (162, 'EC MAGRO', 8, 207, 45)
INSERT INTO [Equipo] ([IdEquipo], [Nombre], [IdTipo], [IdClub], [NCiclistas]) VALUES (163, 'EDM MTB TORRELAVEGA', 9, 231, 26)
INSERT INTO [Equipo] ([IdEquipo], [Nombre], [IdTipo], [IdClub], [NCiclistas]) VALUES (164, 'EDM SAN VICENTE DE LA BARQUERA', 9, 238, 85)
INSERT INTO [Equipo] ([IdEquipo], [Nombre], [IdTipo], [IdClub], [NCiclistas]) VALUES (165, 'EDP', 8, 7, 109)
INSERT INTO [Equipo] ([IdEquipo], [Nombre], [IdTipo], [IdClub], [NCiclistas]) VALUES (166, 'EL MOTORISTA BIKES TEAM', 2, 62, 49)
INSERT INTO [Equipo] ([IdEquipo], [Nombre], [IdTipo], [IdClub], [NCiclistas]) VALUES (167, 'EL OLIVAR', 3, 177, 96)
INSERT INTO [Equipo] ([IdEquipo], [Nombre], [IdTipo], [IdClub], [NCiclistas]) VALUES (168, 'E-MTB CICLOS GALDON', 2, 135, 75)
INSERT INTO [Equipo] ([IdEquipo], [Nombre], [IdTipo], [IdClub], [NCiclistas]) VALUES (169, 'ENCACON SLU CONSTRUCCIONES', 6, 46, 95)
INSERT INTO [Equipo] ([IdEquipo], [Nombre], [IdTipo], [IdClub], [NCiclistas]) VALUES (170, 'ERGO SPORT', 11, 255, 83)
INSERT INTO [Equipo] ([IdEquipo], [Nombre], [IdTipo], [IdClub], [NCiclistas]) VALUES (171, 'ESC MUNICIPAL SIRO VAZQUEZ', 9, 30, 18)
INSERT INTO [Equipo] ([IdEquipo], [Nombre], [IdTipo], [IdClub], [NCiclistas]) VALUES (172, 'ESCICOR C. D.', 3, 142, 74)
INSERT INTO [Equipo] ([IdEquipo], [Nombre], [IdTipo], [IdClub], [NCiclistas]) VALUES (173, 'ESCUELA CAJA ESPAÑA CAJA DUERO', 9, 76, 61)
INSERT INTO [Equipo] ([IdEquipo], [Nombre], [IdTipo], [IdClub], [NCiclistas]) VALUES (174, 'ESCUELA CICLISMO A N P E', 9, 329, 46)
INSERT INTO [Equipo] ([IdEquipo], [Nombre], [IdTipo], [IdClub], [NCiclistas]) VALUES (175, 'ESCUELA CICLISMO C.C.ALAEJOS', 9, 10, 93)
INSERT INTO [Equipo] ([IdEquipo], [Nombre], [IdTipo], [IdClub], [NCiclistas]) VALUES (176, 'ESCUELA CICLISTA C.C. 53X13', 9, 1, 76)
INSERT INTO [Equipo] ([IdEquipo], [Nombre], [IdTipo], [IdClub], [NCiclistas]) VALUES (177, 'ESCUELA CICLISTA DE VALLADOLID', 9, 94, 54)
INSERT INTO [Equipo] ([IdEquipo], [Nombre], [IdTipo], [IdClub], [NCiclistas]) VALUES (178, 'ESCUELA CICLISTA MEDINENSE', 9, 215, 52)
INSERT INTO [Equipo] ([IdEquipo], [Nombre], [IdTipo], [IdClub], [NCiclistas]) VALUES (179, 'ESCUELA DE CICLISMO EFRAIN', 9, 225, 31)
INSERT INTO [Equipo] ([IdEquipo], [Nombre], [IdTipo], [IdClub], [NCiclistas]) VALUES (180, 'ESCUELA UC. CANTIMPALOS', 9, 310, 82)
INSERT INTO [Equipo] ([IdEquipo], [Nombre], [IdTipo], [IdClub], [NCiclistas]) VALUES (181, 'ESETEC-ALIFOREST', 2, 176, 16)
INSERT INTO [Equipo] ([IdEquipo], [Nombre], [IdTipo], [IdClub], [NCiclistas]) VALUES (182, 'ESETEC-MELIA ALICANTE-ALIFORES', 11, 176, 47)
INSERT INTO [Equipo] ([IdEquipo], [Nombre], [IdTipo], [IdClub], [NCiclistas]) VALUES (183, 'ESET-VALENCIA TERRA I MAR', 3, 240, 104)
INSERT INTO [Equipo] ([IdEquipo], [Nombre], [IdTipo], [IdClub], [NCiclistas]) VALUES (184, 'ESTEVE', 6, 125, 53)
INSERT INTO [Equipo] ([IdEquipo], [Nombre], [IdTipo], [IdClub], [NCiclistas]) VALUES (185, 'EUROBIKE - IKNOGA', 2, 197, 99)
INSERT INTO [Equipo] ([IdEquipo], [Nombre], [IdTipo], [IdClub], [NCiclistas]) VALUES (186, 'EUSKADI', 7, 146, 74)
INSERT INTO [Equipo] ([IdEquipo], [Nombre], [IdTipo], [IdClub], [NCiclistas]) VALUES (187, 'EUSTRAK-EUSKADI', 13, 320, 38)
INSERT INTO [Equipo] ([IdEquipo], [Nombre], [IdTipo], [IdClub], [NCiclistas]) VALUES (188, 'FAUNDEZ GOURMET', 3, 239, 19)
INSERT INTO [Equipo] ([IdEquipo], [Nombre], [IdTipo], [IdClub], [NCiclistas]) VALUES (189, 'FENAVIN', 11, 150, 55)
INSERT INTO [Equipo] ([IdEquipo], [Nombre], [IdTipo], [IdClub], [NCiclistas]) VALUES (190, 'FERRETERIA LA FUENTE-BICIS CLE', 11, 45, 16)
INSERT INTO [Equipo] ([IdEquipo], [Nombre], [IdTipo], [IdClub], [NCiclistas]) VALUES (191, 'FILABRES BIKESHOP-EL VALLETEAM', 6, 130, 36)
INSERT INTO [Equipo] ([IdEquipo], [Nombre], [IdTipo], [IdClub], [NCiclistas]) VALUES (192, 'FLEX-FUNDACION ALBERTO CONTADO', 11, 11, 70)
INSERT INTO [Equipo] ([IdEquipo], [Nombre], [IdTipo], [IdClub], [NCiclistas]) VALUES (193, 'FRUTAS EDERRA', 6, 58, 93)
INSERT INTO [Equipo] ([IdEquipo], [Nombre], [IdTipo], [IdClub], [NCiclistas]) VALUES (194, 'FUENLABRADA', 3, 152, 63)
INSERT INTO [Equipo] ([IdEquipo], [Nombre], [IdTipo], [IdClub], [NCiclistas]) VALUES (195, 'FUENLABRADA U.C.', 11, 152, 14)
INSERT INTO [Equipo] ([IdEquipo], [Nombre], [IdTipo], [IdClub], [NCiclistas]) VALUES (196, 'FULLGAS.ORG', 11, 122, 38)
INSERT INTO [Equipo] ([IdEquipo], [Nombre], [IdTipo], [IdClub], [NCiclistas]) VALUES (197, 'FUNDACION CARLOS SANZ', 11, 74, 87)
INSERT INTO [Equipo] ([IdEquipo], [Nombre], [IdTipo], [IdClub], [NCiclistas]) VALUES (198, 'FUNDACION P.D. VICTOR SASTRE', 3, 153, 99)
INSERT INTO [Equipo] ([IdEquipo], [Nombre], [IdTipo], [IdClub], [NCiclistas]) VALUES (199, 'GAC BIKES-MOIXENT FORESTAL', 5, 138, 52)
INSERT INTO [Equipo] ([IdEquipo], [Nombre], [IdTipo], [IdClub], [NCiclistas]) VALUES (200, 'GACOSUR MTB', 2, 288, 42)
INSERT INTO [Equipo] ([IdEquipo], [Nombre], [IdTipo], [IdClub], [NCiclistas]) VALUES (201, 'GANDIA CAPITAL DEL TURISMO', 10, 49, 106)
INSERT INTO [Equipo] ([IdEquipo], [Nombre], [IdTipo], [IdClub], [NCiclistas]) VALUES (202, 'GANDIA-JORGE CANET', 3, 49, 40)
INSERT INTO [Equipo] ([IdEquipo], [Nombre], [IdTipo], [IdClub], [NCiclistas]) VALUES (203, 'GANDIA-RENAULT GINESTAR', 6, 49, 84)
INSERT INTO [Equipo] ([IdEquipo], [Nombre], [IdTipo], [IdClub], [NCiclistas]) VALUES (204, 'GANDIA-TERRA I MAR', 11, 251, 85)
INSERT INTO [Equipo] ([IdEquipo], [Nombre], [IdTipo], [IdClub], [NCiclistas]) VALUES (205, 'GARAJE PACO', 5, 204, 14)
INSERT INTO [Equipo] ([IdEquipo], [Nombre], [IdTipo], [IdClub], [NCiclistas]) VALUES (206, 'GAURSA RENAULT', 3, 133, 37)
INSERT INTO [Equipo] ([IdEquipo], [Nombre], [IdTipo], [IdClub], [NCiclistas]) VALUES (207, 'GERARDO DE LA CALLE - CC ARAND', 3, 30, 20)
INSERT INTO [Equipo] ([IdEquipo], [Nombre], [IdTipo], [IdClub], [NCiclistas]) VALUES (208, 'GETAFE C.C.', 6, 158, 76)
INSERT INTO [Equipo] ([IdEquipo], [Nombre], [IdTipo], [IdClub], [NCiclistas]) VALUES (209, 'GIMENEZ GANGA-PRIMOTI-WOLF BIK', 11, 284, 56)
INSERT INTO [Equipo] ([IdEquipo], [Nombre], [IdTipo], [IdClub], [NCiclistas]) VALUES (210, 'GIMENEZ GANGA-PRIMOTI-WOLFBIKE', 3, 284, 109)
INSERT INTO [Equipo] ([IdEquipo], [Nombre], [IdTipo], [IdClub], [NCiclistas]) VALUES (211, 'GIPUZKOA', 8, 243, 102)
INSERT INTO [Equipo] ([IdEquipo], [Nombre], [IdTipo], [IdClub], [NCiclistas]) VALUES (212, 'GMC-MONAJ-C.C.Z', 3, 74, 33)
INSERT INTO [Equipo] ([IdEquipo], [Nombre], [IdTipo], [IdClub], [NCiclistas]) VALUES (213, 'GNG-GALDAKAOTE', 6, 156, 90)
INSERT INTO [Equipo] ([IdEquipo], [Nombre], [IdTipo], [IdClub], [NCiclistas]) VALUES (214, 'GOERNA INTRESPA', 6, 160, 91)
INSERT INTO [Equipo] ([IdEquipo], [Nombre], [IdTipo], [IdClub], [NCiclistas]) VALUES (215, 'GOIFIBER-GODOY', 3, 161, 66)
INSERT INTO [Equipo] ([IdEquipo], [Nombre], [IdTipo], [IdClub], [NCiclistas]) VALUES (216, 'GOMUR-CANTABRIA DEPORTE-FERROA', 8, 293, 10)
INSERT INTO [Equipo] ([IdEquipo], [Nombre], [IdTipo], [IdClub], [NCiclistas]) VALUES (217, 'GROSGREENCENTER.COM', 3, 122, 33)
INSERT INTO [Equipo] ([IdEquipo], [Nombre], [IdTipo], [IdClub], [NCiclistas]) VALUES (218, 'GRUPESA-CHULVI', 5, 9, 13)
INSERT INTO [Equipo] ([IdEquipo], [Nombre], [IdTipo], [IdClub], [NCiclistas]) VALUES (219, 'GRUPO DEPORTIVO LLOPIS', 3, 278, 104)
INSERT INTO [Equipo] ([IdEquipo], [Nombre], [IdTipo], [IdClub], [NCiclistas]) VALUES (220, 'GRUPO DEPORTIVO LLOPIS F', 10, 278, 94)
INSERT INTO [Equipo] ([IdEquipo], [Nombre], [IdTipo], [IdClub], [NCiclistas]) VALUES (221, 'GRUPO HIRUMET TALDEA', 5, 173, 27)
INSERT INTO [Equipo] ([IdEquipo], [Nombre], [IdTipo], [IdClub], [NCiclistas]) VALUES (222, 'GRUPO INCERA', 3, 167, 35)
INSERT INTO [Equipo] ([IdEquipo], [Nombre], [IdTipo], [IdClub], [NCiclistas]) VALUES (223, 'GSPORT-AYORA TURISMO', 6, 48, 20)
INSERT INTO [Equipo] ([IdEquipo], [Nombre], [IdTipo], [IdClub], [NCiclistas]) VALUES (224, 'GSPORT-VALENCIA TERRA I MAR', 8, 48, 85)
INSERT INTO [Equipo] ([IdEquipo], [Nombre], [IdTipo], [IdClub], [NCiclistas]) VALUES (225, 'GUIA COLOR- PINDAL- RIDE ZONE', 6, 85, 88)
INSERT INTO [Equipo] ([IdEquipo], [Nombre], [IdTipo], [IdClub], [NCiclistas]) VALUES (226, 'GUTTRANS', 3, 323, 75)
INSERT INTO [Equipo] ([IdEquipo], [Nombre], [IdTipo], [IdClub], [NCiclistas]) VALUES (227, 'HELADOS NORDWIK-BLUE-TJR', 2, 289, 101)
INSERT INTO [Equipo] ([IdEquipo], [Nombre], [IdTipo], [IdClub], [NCiclistas]) VALUES (228, 'HELIOSUR-BICICLETAS GONZALO TE', 9, 54, 88)
INSERT INTO [Equipo] ([IdEquipo], [Nombre], [IdTipo], [IdClub], [NCiclistas]) VALUES (229, 'HERMETIKA RACING TEAM', 6, 91, 95)
INSERT INTO [Equipo] ([IdEquipo], [Nombre], [IdTipo], [IdClub], [NCiclistas]) VALUES (230, 'HOBBYWEB BIKE - CERRO BIKE', 2, 89, 28)
INSERT INTO [Equipo] ([IdEquipo], [Nombre], [IdTipo], [IdClub], [NCiclistas]) VALUES (231, 'HOSTAL LATORRE', 8, 139, 19)
INSERT INTO [Equipo] ([IdEquipo], [Nombre], [IdTipo], [IdClub], [NCiclistas]) VALUES (232, 'HUESCA LA MAGIA', 11, 72, 47)
INSERT INTO [Equipo] ([IdEquipo], [Nombre], [IdTipo], [IdClub], [NCiclistas]) VALUES (233, 'HYUNDAI-CAJA RURAL', 13, 186, 47)
INSERT INTO [Equipo] ([IdEquipo], [Nombre], [IdTipo], [IdClub], [NCiclistas]) VALUES (234, 'IBAIGANE OPEL ARRATIA', 3, 32, 83)
INSERT INTO [Equipo] ([IdEquipo], [Nombre], [IdTipo], [IdClub], [NCiclistas]) VALUES (235, 'IEDES CENTAURO BIKES', 2, 88, 87)
INSERT INTO [Equipo] ([IdEquipo], [Nombre], [IdTipo], [IdClub], [NCiclistas]) VALUES (236, 'IN BIKE-CC COSTA AZAHAR CASTEL', 2, 110, 35)
INSERT INTO [Equipo] ([IdEquipo], [Nombre], [IdTipo], [IdClub], [NCiclistas]) VALUES (237, 'INNOVA-C.D.GUERRERO BIKE', 2, 169, 63)
INSERT INTO [Equipo] ([IdEquipo], [Nombre], [IdTipo], [IdClub], [NCiclistas]) VALUES (238, 'INOXCRA.COM-BEASAIN', 3, 201, 14)
INSERT INTO [Equipo] ([IdEquipo], [Nombre], [IdTipo], [IdClub], [NCiclistas]) VALUES (239, 'INTERSPORT IRABIA', 3, 28, 67)
INSERT INTO [Equipo] ([IdEquipo], [Nombre], [IdTipo], [IdClub], [NCiclistas]) VALUES (240, 'IRU HERRI S.C.', 3, 178, 13)
INSERT INTO [Equipo] ([IdEquipo], [Nombre], [IdTipo], [IdClub], [NCiclistas]) VALUES (241, 'ISIDORO SAN JUSTO', 3, 172, 34)
INSERT INTO [Equipo] ([IdEquipo], [Nombre], [IdTipo], [IdClub], [NCiclistas]) VALUES (242, 'JESéS YUSTE RENOVABLE', 2, 53, 94)
INSERT INTO [Equipo] ([IdEquipo], [Nombre], [IdTipo], [IdClub], [NCiclistas]) VALUES (243, 'JG BIKES', 9, 290, 73)
INSERT INTO [Equipo] ([IdEquipo], [Nombre], [IdTipo], [IdClub], [NCiclistas]) VALUES (244, 'JOLASC', 12, 25, 11)
INSERT INTO [Equipo] ([IdEquipo], [Nombre], [IdTipo], [IdClub], [NCiclistas]) VALUES (245, 'JONPROCAR-CROLEC', 9, 33, 84)
INSERT INTO [Equipo] ([IdEquipo], [Nombre], [IdTipo], [IdClub], [NCiclistas]) VALUES (246, 'KADUS-BORRASCAS', 2, 302, 30)
INSERT INTO [Equipo] ([IdEquipo], [Nombre], [IdTipo], [IdClub], [NCiclistas]) VALUES (247, 'KATEALDE-C.SAN DONATO-AZAZETA', 9, 69, 102)
INSERT INTO [Equipo] ([IdEquipo], [Nombre], [IdTipo], [IdClub], [NCiclistas]) VALUES (248, 'KEITH-MOBEL-MURCIA', 8, 269, 95)
INSERT INTO [Equipo] ([IdEquipo], [Nombre], [IdTipo], [IdClub], [NCiclistas]) VALUES (249, 'KTM-CRAZY BIKER', 2, 87, 66)
INSERT INTO [Equipo] ([IdEquipo], [Nombre], [IdTipo], [IdClub], [NCiclistas]) VALUES (250, 'LA BICICLETA', 2, 4, 96)
INSERT INTO [Equipo] ([IdEquipo], [Nombre], [IdTipo], [IdClub], [NCiclistas]) VALUES (251, 'LA PERLA NEGRA-TELECOM-HUERTAS', 3, 121, 109)
INSERT INTO [Equipo] ([IdEquipo], [Nombre], [IdTipo], [IdClub], [NCiclistas]) VALUES (252, 'LA PESQUERA - C. CICLISTA MATE', 3, 214, 67)
INSERT INTO [Equipo] ([IdEquipo], [Nombre], [IdTipo], [IdClub], [NCiclistas]) VALUES (253, 'LACTEAS COBREROS', 9, 227, 77)
INSERT INTO [Equipo] ([IdEquipo], [Nombre], [IdTipo], [IdClub], [NCiclistas]) VALUES (254, 'LAGUNTASUNA', 10, 195, 108)
INSERT INTO [Equipo] ([IdEquipo], [Nombre], [IdTipo], [IdClub], [NCiclistas]) VALUES (255, 'LASA SAGARDOY CONOR', 3, 181, 78)
INSERT INTO [Equipo] ([IdEquipo], [Nombre], [IdTipo], [IdClub], [NCiclistas]) VALUES (256, 'LASAOSA', 3, 72, 107)
INSERT INTO [Equipo] ([IdEquipo], [Nombre], [IdTipo], [IdClub], [NCiclistas]) VALUES (257, 'LIMOUSIN CARTONAJES', 3, 244, 93)
INSERT INTO [Equipo] ([IdEquipo], [Nombre], [IdTipo], [IdClub], [NCiclistas]) VALUES (258, 'LIZARRALDE KIROLAK ROGER', 2, 123, 87)
INSERT INTO [Equipo] ([IdEquipo], [Nombre], [IdTipo], [IdClub], [NCiclistas]) VALUES (259, 'LIZARTE', 8, 35, 67)
INSERT INTO [Equipo] ([IdEquipo], [Nombre], [IdTipo], [IdClub], [NCiclistas]) VALUES (260, 'LIZARTE JUNIOR', 11, 140, 36)
INSERT INTO [Equipo] ([IdEquipo], [Nombre], [IdTipo], [IdClub], [NCiclistas]) VALUES (261, 'LOINTEK', 10, 309, 103)
INSERT INTO [Equipo] ([IdEquipo], [Nombre], [IdTipo], [IdClub], [NCiclistas]) VALUES (262, 'LOIUMAT-ANDAMIOS INOX', 11, 267, 105)
INSERT INTO [Equipo] ([IdEquipo], [Nombre], [IdTipo], [IdClub], [NCiclistas]) VALUES (263, 'LOLA GOMISTAR', 8, 270, 46)
INSERT INTO [Equipo] ([IdEquipo], [Nombre], [IdTipo], [IdClub], [NCiclistas]) VALUES (264, 'LUBRICANTES BENACANTIL', 6, 13, 99)
INSERT INTO [Equipo] ([IdEquipo], [Nombre], [IdTipo], [IdClub], [NCiclistas]) VALUES (265, 'LUYANDO-GANZEDO-3 LEZAMAUTO', 3, 7, 91)
INSERT INTO [Equipo] ([IdEquipo], [Nombre], [IdTipo], [IdClub], [NCiclistas]) VALUES (266, 'LUYMA CYCLING TEAM', 11, 205, 87)
INSERT INTO [Equipo] ([IdEquipo], [Nombre], [IdTipo], [IdClub], [NCiclistas]) VALUES (267, 'M PASCUAL MOMPARLER-DAVID CANO', 3, 326, 64)
INSERT INTO [Equipo] ([IdEquipo], [Nombre], [IdTipo], [IdClub], [NCiclistas]) VALUES (268, 'MAESTRE BIKES', 2, 129, 59)
INSERT INTO [Equipo] ([IdEquipo], [Nombre], [IdTipo], [IdClub], [NCiclistas]) VALUES (269, 'MAESTRE-AMURRIOKO', 8, 21, 44)
INSERT INTO [Equipo] ([IdEquipo], [Nombre], [IdTipo], [IdClub], [NCiclistas]) VALUES (270, 'MAMMOTH', 2, 209, 98)
INSERT INTO [Equipo] ([IdEquipo], [Nombre], [IdTipo], [IdClub], [NCiclistas]) VALUES (271, 'MANRUBIA-ESPA-LMG', 6, 317, 61)
INSERT INTO [Equipo] ([IdEquipo], [Nombre], [IdTipo], [IdClub], [NCiclistas]) VALUES (272, 'MAS MADERA VALLADOLID', 6, 248, 100)
INSERT INTO [Equipo] ([IdEquipo], [Nombre], [IdTipo], [IdClub], [NCiclistas]) VALUES (273, 'MEITEL - BSM BIKES', 2, 217, 12)
INSERT INTO [Equipo] ([IdEquipo], [Nombre], [IdTipo], [IdClub], [NCiclistas]) VALUES (274, 'MELER-LUMINOSOS ARGA.COM-EGÜES', 6, 126, 55)
INSERT INTO [Equipo] ([IdEquipo], [Nombre], [IdTipo], [IdClub], [NCiclistas]) VALUES (275, 'MENDIZ MENDI - PETRONOR', 2, 219, 59)
INSERT INTO [Equipo] ([IdEquipo], [Nombre], [IdTipo], [IdClub], [NCiclistas]) VALUES (276, 'MERUELO', 9, 220, 96)
INSERT INTO [Equipo] ([IdEquipo], [Nombre], [IdTipo], [IdClub], [NCiclistas]) VALUES (277, 'METAL LUBE BICYCLE TEAM', 8, 284, 33)
INSERT INTO [Equipo] ([IdEquipo], [Nombre], [IdTipo], [IdClub], [NCiclistas]) VALUES (278, 'METAL LUBE-MIRA Y DECORA', 6, 131, 104)
INSERT INTO [Equipo] ([IdEquipo], [Nombre], [IdTipo], [IdClub], [NCiclistas]) VALUES (279, 'METTRO BIKE TEAM', 2, 254, 13)
INSERT INTO [Equipo] ([IdEquipo], [Nombre], [IdTipo], [IdClub], [NCiclistas]) VALUES (280, 'MICHELIN', 3, 151, 82)
INSERT INTO [Equipo] ([IdEquipo], [Nombre], [IdTipo], [IdClub], [NCiclistas]) VALUES (281, 'MMR BIKES PRO TEAM', 2, 86, 34)
INSERT INTO [Equipo] ([IdEquipo], [Nombre], [IdTipo], [IdClub], [NCiclistas]) VALUES (282, 'MMR-SPIUK', 5, 333, 51)
INSERT INTO [Equipo] ([IdEquipo], [Nombre], [IdTipo], [IdClub], [NCiclistas]) VALUES (283, 'MOBEL-MONFORTE DEL CID', 6, 224, 73)
INSERT INTO [Equipo] ([IdEquipo], [Nombre], [IdTipo], [IdClub], [NCiclistas]) VALUES (284, 'MONBLAU-DELIKIA', 6, 166, 78)
INSERT INTO [Equipo] ([IdEquipo], [Nombre], [IdTipo], [IdClub], [NCiclistas]) VALUES (285, 'MONFERVE-LA PALMA', 2, 191, 14)
INSERT INTO [Equipo] ([IdEquipo], [Nombre], [IdTipo], [IdClub], [NCiclistas]) VALUES (286, 'MONTON - TRICANTINA', 8, 305, 40)
INSERT INTO [Equipo] ([IdEquipo], [Nombre], [IdTipo], [IdClub], [NCiclistas]) VALUES (287, 'MORTES BIKES-POWER ZONE TEAM', 6, 262, 104)
INSERT INTO [Equipo] ([IdEquipo], [Nombre], [IdTipo], [IdClub], [NCiclistas]) VALUES (288, 'MSC POWERBIKES', 2, 263, 83)
INSERT INTO [Equipo] ([IdEquipo], [Nombre], [IdTipo], [IdClub], [NCiclistas]) VALUES (289, 'MUNDOBIKE TEAM-CCTORREPEROGIL', 2, 117, 65)
INSERT INTO [Equipo] ([IdEquipo], [Nombre], [IdTipo], [IdClub], [NCiclistas]) VALUES (290, 'MUTUA LEVANTE-DELIKIA', 8, 171, 22)
INSERT INTO [Equipo] ([IdEquipo], [Nombre], [IdTipo], [IdClub], [NCiclistas]) VALUES (291, 'NATURAL SALADS', 3, 188, 59)
INSERT INTO [Equipo] ([IdEquipo], [Nombre], [IdTipo], [IdClub], [NCiclistas]) VALUES (292, 'NEUMATICOS TXEPETXA', 11, 179, 55)
INSERT INTO [Equipo] ([IdEquipo], [Nombre], [IdTipo], [IdClub], [NCiclistas]) VALUES (293, 'NORINVER CYCLING TEAM', 6, 115, 93)
INSERT INTO [Equipo] ([IdEquipo], [Nombre], [IdTipo], [IdClub], [NCiclistas]) VALUES (294, 'NUTRIFITNESS.ES-FAURA BIKE STO', 6, 52, 35)
INSERT INTO [Equipo] ([IdEquipo], [Nombre], [IdTipo], [IdClub], [NCiclistas]) VALUES (295, 'OFERTBIKES.ES-METAL LUBE', 11, 246, 70)
INSERT INTO [Equipo] ([IdEquipo], [Nombre], [IdTipo], [IdClub], [NCiclistas]) VALUES (296, 'OIL BAROL - CICLOS CUEVAS', 2, 96, 34)
INSERT INTO [Equipo] ([IdEquipo], [Nombre], [IdTipo], [IdClub], [NCiclistas]) VALUES (297, 'OKA INFORMATIKA', 11, 71, 21)
INSERT INTO [Equipo] ([IdEquipo], [Nombre], [IdTipo], [IdClub], [NCiclistas]) VALUES (298, 'ONBIKE ALCOY', 2, 106, 93)
INSERT INTO [Equipo] ([IdEquipo], [Nombre], [IdTipo], [IdClub], [NCiclistas]) VALUES (299, 'OPOSUR BOMBEROS', 6, 241, 102)
INSERT INTO [Equipo] ([IdEquipo], [Nombre], [IdTipo], [IdClub], [NCiclistas]) VALUES (300, 'ORDIZIAKO TX. E.', 6, 242, 107)
INSERT INTO [Equipo] ([IdEquipo], [Nombre], [IdTipo], [IdClub], [NCiclistas]) VALUES (301, 'ORIHUELA BIKE-MIGUELPLAS', 2, 128, 36)
INSERT INTO [Equipo] ([IdEquipo], [Nombre], [IdTipo], [IdClub], [NCiclistas]) VALUES (302, 'P.D.M.BEMBIBRE - DIPULEON', 3, 44, 89)
INSERT INTO [Equipo] ([IdEquipo], [Nombre], [IdTipo], [IdClub], [NCiclistas]) VALUES (303, 'PAGO CLAIRET', 3, 149, 109)
INSERT INTO [Equipo] ([IdEquipo], [Nombre], [IdTipo], [IdClub], [NCiclistas]) VALUES (304, 'PATRIA HISPANA SEGUROS', 11, 282, 20)
INSERT INTO [Equipo] ([IdEquipo], [Nombre], [IdTipo], [IdClub], [NCiclistas]) VALUES (305, 'PEDALES MUNDO', 2, 250, 53)
INSERT INTO [Equipo] ([IdEquipo], [Nombre], [IdTipo], [IdClub], [NCiclistas]) VALUES (306, 'PIZZERIA ESPAÑOLA', 6, 143, 55)
INSERT INTO [Equipo] ([IdEquipo], [Nombre], [IdTipo], [IdClub], [NCiclistas]) VALUES (307, 'PLANETA BIKES TEAM-CYCLOPILAS', 2, 2, 17)
INSERT INTO [Equipo] ([IdEquipo], [Nombre], [IdTipo], [IdClub], [NCiclistas]) VALUES (308, 'PLASTIMER - COSTA DE ALMERIA', 8, 313, 11)
INSERT INTO [Equipo] ([IdEquipo], [Nombre], [IdTipo], [IdClub], [NCiclistas]) VALUES (309, 'POLSANDO', 6, 84, 61)
INSERT INTO [Equipo] ([IdEquipo], [Nombre], [IdTipo], [IdClub], [NCiclistas]) VALUES (310, 'PORTAL DE LA MARINA-XABIA`S BI', 2, 235, 73)
INSERT INTO [Equipo] ([IdEquipo], [Nombre], [IdTipo], [IdClub], [NCiclistas]) VALUES (311, 'PORTUENSE-TINCASUR', 6, 261, 64)
INSERT INTO [Equipo] ([IdEquipo], [Nombre], [IdTipo], [IdClub], [NCiclistas]) VALUES (312, 'PROBIKE-INNOVA OCULAR-C.LUNA', 2, 264, 39)
INSERT INTO [Equipo] ([IdEquipo], [Nombre], [IdTipo], [IdClub], [NCiclistas]) VALUES (313, 'PROSOLIA', 6, 165, 92)
INSERT INTO [Equipo] ([IdEquipo], [Nombre], [IdTipo], [IdClub], [NCiclistas]) VALUES (314, 'QUESOS ALBENIZ', 3, 69, 85)
INSERT INTO [Equipo] ([IdEquipo], [Nombre], [IdTipo], [IdClub], [NCiclistas]) VALUES (315, 'QUIPPLAN-IREBER-JOFEMAR', 2, 304, 49)
INSERT INTO [Equipo] ([IdEquipo], [Nombre], [IdTipo], [IdClub], [NCiclistas]) VALUES (316, 'RECAMBIOS CALLEJO', 8, 30, 26)
INSERT INTO [Equipo] ([IdEquipo], [Nombre], [IdTipo], [IdClub], [NCiclistas]) VALUES (317, 'RESPETAD 1,5 M-RESPETO, EDUCAC', 3, 6, 58)
INSERT INTO [Equipo] ([IdEquipo], [Nombre], [IdTipo], [IdClub], [NCiclistas]) VALUES (318, 'RESTAURANTE ZAFIRO TEAM', 3, 79, 67)
INSERT INTO [Equipo] ([IdEquipo], [Nombre], [IdTipo], [IdClub], [NCiclistas]) VALUES (319, 'RETELEC', 3, 155, 70)
INSERT INTO [Equipo] ([IdEquipo], [Nombre], [IdTipo], [IdClub], [NCiclistas]) VALUES (320, 'REYNO DE NAVARRA-WRC-CONOR', 13, 187, 33)
INSERT INTO [Equipo] ([IdEquipo], [Nombre], [IdTipo], [IdClub], [NCiclistas]) VALUES (321, 'REYNO DE NAVARRA-WRC-SESE', 10, 187, 19)
INSERT INTO [Equipo] ([IdEquipo], [Nombre], [IdTipo], [IdClub], [NCiclistas]) VALUES (322, 'RIOJA MOTOR-CD CALOCO-BICICLET', 10, 78, 60)
INSERT INTO [Equipo] ([IdEquipo], [Nombre], [IdTipo], [IdClub], [NCiclistas]) VALUES (323, 'ROLDAN CC', 10, 272, 53)
INSERT INTO [Equipo] ([IdEquipo], [Nombre], [IdTipo], [IdClub], [NCiclistas]) VALUES (324, 'ROLSER-JOSE JORRO', 6, 252, 95)
INSERT INTO [Equipo] ([IdEquipo], [Nombre], [IdTipo], [IdClub], [NCiclistas]) VALUES (325, 'ROMOVI-RUSTIC LEVANTE-PC PEDAL', 10, 249, 16)
INSERT INTO [Equipo] ([IdEquipo], [Nombre], [IdTipo], [IdClub], [NCiclistas]) VALUES (326, 'ROTOR-MOLEROBIKES TEAM', 2, 221, 81)
INSERT INTO [Equipo] ([IdEquipo], [Nombre], [IdTipo], [IdClub], [NCiclistas]) VALUES (327, 'RR BIKES', 2, 210, 74)
INSERT INTO [Equipo] ([IdEquipo], [Nombre], [IdTipo], [IdClub], [NCiclistas]) VALUES (328, 'RUPAMO BIKER-LA CAIXA', 3, 316, 108)
INSERT INTO [Equipo] ([IdEquipo], [Nombre], [IdTipo], [IdClub], [NCiclistas]) VALUES (329, 'SALCHI BICICLETAS', 6, 108, 89)
INSERT INTO [Equipo] ([IdEquipo], [Nombre], [IdTipo], [IdClub], [NCiclistas]) VALUES (330, 'SANCHO CARROCERIAS-GUINEA REF.', 3, 267, 108)
INSERT INTO [Equipo] ([IdEquipo], [Nombre], [IdTipo], [IdClub], [NCiclistas]) VALUES (331, 'SANEAMIENTOS AVILA', 9, 319, 58)
INSERT INTO [Equipo] ([IdEquipo], [Nombre], [IdTipo], [IdClub], [NCiclistas]) VALUES (332, 'SANSE/SPIUK/TREK', 11, 275, 31)
INSERT INTO [Equipo] ([IdEquipo], [Nombre], [IdTipo], [IdClub], [NCiclistas]) VALUES (333, 'SANSE-LA GRUPETTA-BH', 3, 275, 24)
INSERT INTO [Equipo] ([IdEquipo], [Nombre], [IdTipo], [IdClub], [NCiclistas]) VALUES (334, 'SASOIAN-GAM', 11, 161, 67)
INSERT INTO [Equipo] ([IdEquipo], [Nombre], [IdTipo], [IdClub], [NCiclistas]) VALUES (335, 'SCANIA - ERRO Y EUGUI', 3, 140, 42)
INSERT INTO [Equipo] ([IdEquipo], [Nombre], [IdTipo], [IdClub], [NCiclistas]) VALUES (336, 'SCOTT CONCEPT-NICOGASS', 6, 12, 107)
INSERT INTO [Equipo] ([IdEquipo], [Nombre], [IdTipo], [IdClub], [NCiclistas]) VALUES (337, 'SCOTT TEAM XC', 2, 285, 11)
INSERT INTO [Equipo] ([IdEquipo], [Nombre], [IdTipo], [IdClub], [NCiclistas]) VALUES (338, 'SEGUROS BILBAO', 8, 23, 72)
INSERT INTO [Equipo] ([IdEquipo], [Nombre], [IdTipo], [IdClub], [NCiclistas]) VALUES (339, 'SEGUROS BILBAO - BIO RACER', 3, 67, 108)
INSERT INTO [Equipo] ([IdEquipo], [Nombre], [IdTipo], [IdClub], [NCiclistas]) VALUES (340, 'SEGURVITAL', 3, 282, 74)
INSERT INTO [Equipo] ([IdEquipo], [Nombre], [IdTipo], [IdClub], [NCiclistas]) VALUES (341, 'SEMAR ELITE INERGIA', 8, 164, 96)
INSERT INTO [Equipo] ([IdEquipo], [Nombre], [IdTipo], [IdClub], [NCiclistas]) VALUES (342, 'SERPROAN CONTROL DE PLAGAS', 9, 189, 96)
INSERT INTO [Equipo] ([IdEquipo], [Nombre], [IdTipo], [IdClub], [NCiclistas]) VALUES (343, 'SINGULAR BIKES TEAM', 2, 3, 78)
INSERT INTO [Equipo] ([IdEquipo], [Nombre], [IdTipo], [IdClub], [NCiclistas]) VALUES (344, 'SOPELA-UGERAGA', 10, 291, 44)
INSERT INTO [Equipo] ([IdEquipo], [Nombre], [IdTipo], [IdClub], [NCiclistas]) VALUES (345, 'SOPELA-UGERAGA', 8, 309, 90)
INSERT INTO [Equipo] ([IdEquipo], [Nombre], [IdTipo], [IdClub], [NCiclistas]) VALUES (346, 'SPECIALIZED-FUNDACION ALBERTO', 8, 11, 94)
INSERT INTO [Equipo] ([IdEquipo], [Nombre], [IdTipo], [IdClub], [NCiclistas]) VALUES (347, 'SPIRIT BIKE', 5, 14, 57)
INSERT INTO [Equipo] ([IdEquipo], [Nombre], [IdTipo], [IdClub], [NCiclistas]) VALUES (348, 'SPIUK MASTER BH', 6, 102, 44)
INSERT INTO [Equipo] ([IdEquipo], [Nombre], [IdTipo], [IdClub], [NCiclistas]) VALUES (349, 'SPORTBICI-SCOTT', 2, 277, 68)
INSERT INTO [Equipo] ([IdEquipo], [Nombre], [IdTipo], [IdClub], [NCiclistas]) VALUES (350, 'SPRINT BIKE-SEGORBE', 9, 18, 73)
INSERT INTO [Equipo] ([IdEquipo], [Nombre], [IdTipo], [IdClub], [NCiclistas]) VALUES (351, 'STEFANO GARZELLI', 9, 81, 19)
INSERT INTO [Equipo] ([IdEquipo], [Nombre], [IdTipo], [IdClub], [NCiclistas]) VALUES (352, 'STM SPORT-FLUITERS', 6, 221, 70)
INSERT INTO [Equipo] ([IdEquipo], [Nombre], [IdTipo], [IdClub], [NCiclistas]) VALUES (353, 'SUPERMERCADOS FROIZ', 8, 294, 70)
INSERT INTO [Equipo] ([IdEquipo], [Nombre], [IdTipo], [IdClub], [NCiclistas]) VALUES (354, 'SUPERSONIDO-PATXI KOOP', 2, 332, 54)
INSERT INTO [Equipo] ([IdEquipo], [Nombre], [IdTipo], [IdClub], [NCiclistas]) VALUES (355, 'TAINIVOL-PC PEDAL', 6, 249, 102)
INSERT INTO [Equipo] ([IdEquipo], [Nombre], [IdTipo], [IdClub], [NCiclistas]) VALUES (356, 'TEAM MOBEL-ALLIANZ-BICIHUERTA', 2, 55, 28)
INSERT INTO [Equipo] ([IdEquipo], [Nombre], [IdTipo], [IdClub], [NCiclistas]) VALUES (357, 'TECNOPOL-HM LOS DOLORES TEAM', 1, 203, 48)
INSERT INTO [Equipo] ([IdEquipo], [Nombre], [IdTipo], [IdClub], [NCiclistas]) VALUES (358, 'TELCO´M-GIMEX', 6, 183, 85)
INSERT INTO [Equipo] ([IdEquipo], [Nombre], [IdTipo], [IdClub], [NCiclistas]) VALUES (359, 'TELCO''M GIMEX', 8, 101, 11)
INSERT INTO [Equipo] ([IdEquipo], [Nombre], [IdTipo], [IdClub], [NCiclistas]) VALUES (360, 'TELEBURGUER', 3, 103, 65)
INSERT INTO [Equipo] ([IdEquipo], [Nombre], [IdTipo], [IdClub], [NCiclistas]) VALUES (361, 'TETEBIKE', 2, 229, 16)
INSERT INTO [Equipo] ([IdEquipo], [Nombre], [IdTipo], [IdClub], [NCiclistas]) VALUES (362, 'THE BIKE RUN & ROTOR', 2, 298, 15)
INSERT INTO [Equipo] ([IdEquipo], [Nombre], [IdTipo], [IdClub], [NCiclistas]) VALUES (363, 'TINLOHI', 3, 260, 106)
INSERT INTO [Equipo] ([IdEquipo], [Nombre], [IdTipo], [IdClub], [NCiclistas]) VALUES (364, 'TIRITU ZIKLISTA ELKARTEA', 6, 300, 26)
INSERT INTO [Equipo] ([IdEquipo], [Nombre], [IdTipo], [IdClub], [NCiclistas]) VALUES (365, 'TLLS ARTOLAZAGA HNOS', 3, 309, 12)
INSERT INTO [Equipo] ([IdEquipo], [Nombre], [IdTipo], [IdClub], [NCiclistas]) VALUES (366, 'TOMAS BELLES-CANNONDALE BY GAE', 2, 211, 18)
INSERT INTO [Equipo] ([IdEquipo], [Nombre], [IdTipo], [IdClub], [NCiclistas]) VALUES (367, 'TOMAS DOMINGO', 3, 281, 107)
INSERT INTO [Equipo] ([IdEquipo], [Nombre], [IdTipo], [IdClub], [NCiclistas]) VALUES (368, 'TOT-NET', 10, 237, 12)
INSERT INTO [Equipo] ([IdEquipo], [Nombre], [IdTipo], [IdClub], [NCiclistas]) VALUES (369, 'TOYOTA ARMENTIA', 3, 29, 81)
INSERT INTO [Equipo] ([IdEquipo], [Nombre], [IdTipo], [IdClub], [NCiclistas]) VALUES (370, 'TRANS.CHEMA-BOLAÑOS AUTO', 2, 83, 78)
INSERT INTO [Equipo] ([IdEquipo], [Nombre], [IdTipo], [IdClub], [NCiclistas]) VALUES (371, 'TRANSBIDASOA-EUROMASTER', 6, 60, 87)
INSERT INTO [Equipo] ([IdEquipo], [Nombre], [IdTipo], [IdClub], [NCiclistas]) VALUES (372, 'TXINDOKIPE', 6, 306, 58)
INSERT INTO [Equipo] ([IdEquipo], [Nombre], [IdTipo], [IdClub], [NCiclistas]) VALUES (373, 'UGAO S.C.', 3, 308, 80)
INSERT INTO [Equipo] ([IdEquipo], [Nombre], [IdTipo], [IdClub], [NCiclistas]) VALUES (374, 'ULMA', 3, 17, 45)
INSERT INTO [Equipo] ([IdEquipo], [Nombre], [IdTipo], [IdClub], [NCiclistas]) VALUES (375, 'UMPRO', 3, 20, 26)
INSERT INTO [Equipo] ([IdEquipo], [Nombre], [IdTipo], [IdClub], [NCiclistas]) VALUES (376, 'UNION CICLISTA ERANDIO', 2, 311, 32)
INSERT INTO [Equipo] ([IdEquipo], [Nombre], [IdTipo], [IdClub], [NCiclistas]) VALUES (377, 'UNION CICLISTA PALENCIA', 9, 312, 53)
INSERT INTO [Equipo] ([IdEquipo], [Nombre], [IdTipo], [IdClub], [NCiclistas]) VALUES (378, 'VANESSA CALZADOS RUDY PROJECT', 2, 148, 109)
INSERT INTO [Equipo] ([IdEquipo], [Nombre], [IdTipo], [IdClub], [NCiclistas]) VALUES (379, 'VIBIKE BIKES+TRIATHLON', 2, 322, 52)
INSERT INTO [Equipo] ([IdEquipo], [Nombre], [IdTipo], [IdClub], [NCiclistas]) VALUES (380, 'VICINAY CADENAS-A.D.ENKARTERRI', 3, 136, 108)
INSERT INTO [Equipo] ([IdEquipo], [Nombre], [IdTipo], [IdClub], [NCiclistas]) VALUES (381, 'VICMA BIKE TEAM', 2, 190, 21)
INSERT INTO [Equipo] ([IdEquipo], [Nombre], [IdTipo], [IdClub], [NCiclistas]) VALUES (382, 'VIVEROS SAN ANTON', 11, 334, 100)
INSERT INTO [Equipo] ([IdEquipo], [Nombre], [IdTipo], [IdClub], [NCiclistas]) VALUES (383, 'VOLATA SAGUNT', 6, 163, 79)
INSERT INTO [Equipo] ([IdEquipo], [Nombre], [IdTipo], [IdClub], [NCiclistas]) VALUES (384, 'WILD WOLF LA FENASOSA', 1, 170, 29)
INSERT INTO [Equipo] ([IdEquipo], [Nombre], [IdTipo], [IdClub], [NCiclistas]) VALUES (385, 'WWW.RUEDASALACARTA.ES', 2, 174, 96)
INSERT INTO [Equipo] ([IdEquipo], [Nombre], [IdTipo], [IdClub], [NCiclistas]) VALUES (386, 'WWW.XRC.BIKE', 2, 230, 86)
INSERT INTO [Equipo] ([IdEquipo], [Nombre], [IdTipo], [IdClub], [NCiclistas]) VALUES (387, 'XCORIAL FACTORY RACING', 2, 143, 94)
INSERT INTO [Equipo] ([IdEquipo], [Nombre], [IdTipo], [IdClub], [NCiclistas]) VALUES (388, 'X-SAUCE FUJI', 2, 112, 83)
INSERT INTO [Equipo] ([IdEquipo], [Nombre], [IdTipo], [IdClub], [NCiclistas]) VALUES (389, 'ZAMBRUÆSBIKES-DOC2001-BIKE&YOU', 2, 119, 16)
INSERT INTO [Equipo] ([IdEquipo], [Nombre], [IdTipo], [IdClub], [NCiclistas]) VALUES (390, 'ZARAUZTARRA', 3, 330, 86)
INSERT INTO [Equipo] ([IdEquipo], [Nombre], [IdTipo], [IdClub], [NCiclistas]) VALUES (391, 'ZIRAUNA-INFISPORT', 8, 43, 79)
INSERT INTO [Equipo] ([IdEquipo], [Nombre], [IdTipo], [IdClub], [NCiclistas]) VALUES (392, 'ZIRAUNA-ITURRIBERO', 3, 180, 99)
INSERT INTO [Equipo] ([IdEquipo], [Nombre], [IdTipo], [IdClub], [NCiclistas]) VALUES (393, 'ZONA BIKE', 2, 331, 59)
INSERT INTO [Equipo] ([IdEquipo], [Nombre], [IdTipo], [IdClub], [NCiclistas]) VALUES (394, 'ZONA SPORT', 2, 30, 93)
INSERT INTO [Equipo] ([IdEquipo], [Nombre], [IdTipo], [IdClub], [NCiclistas]) VALUES (395, 'ZUGOR - ARTE EN TRANSFER', 8, 193, 66)
INSERT INTO [Equipo] ([IdEquipo], [Nombre], [IdTipo], [IdClub], [NCiclistas]) VALUES (396, 'ZUGOR-GRSS', 5, 299, 84)
-- 396 records
INSERT INTO [Equipo] ([IdEquipo], [Nombre], [IdTipo], [IdClub], [NCiclistas]) VALUES (397, 'EQUIPO1', 3, 120, 99)
INSERT INTO [Equipo] ([IdEquipo], [Nombre], [IdTipo], [IdClub], [NCiclistas]) VALUES (398, 'EQUIPO2', 2, 335, 59)
INSERT INTO [Equipo] ([IdEquipo], [Nombre], [IdTipo], [IdClub], [NCiclistas]) VALUES (399, 'EQUIPO3', 2, 36, 93)
INSERT INTO [Equipo] ([IdEquipo], [Nombre], [IdTipo], [IdClub], [NCiclistas]) VALUES (400, 'EQUIPO4', 8, 195, 66)
INSERT INTO [Equipo] ([IdEquipo], [Nombre], [IdTipo], [IdClub], [NCiclistas]) VALUES (401, 'EQUIPO5', 5, 291, 84)
INSERT INTO [Equipo] ([IdEquipo], [Nombre], [IdTipo], [IdClub], [NCiclistas]) VALUES (402, 'EQUIPO tipo 17', 17, 291, 84)


go


--
-- Dumping data for table 'EquipoCampeonato'
--

INSERT INTO [EquipoCampeonato] ([id], [idcampeonato], [idequipo], [Nparticipantes]) VALUES (1, 160, 88, 2)
INSERT INTO [EquipoCampeonato] ([id], [idcampeonato], [idequipo], [Nparticipantes]) VALUES (2, 164, 200, 7)
INSERT INTO [EquipoCampeonato] ([id], [idcampeonato], [idequipo], [Nparticipantes]) VALUES (3, 48, 131, 13)
INSERT INTO [EquipoCampeonato] ([id], [idcampeonato], [idequipo], [Nparticipantes]) VALUES (4, 38, 206, 1)
INSERT INTO [EquipoCampeonato] ([id], [idcampeonato], [idequipo], [Nparticipantes]) VALUES (5, 142, 382, 15)
INSERT INTO [EquipoCampeonato] ([id], [idcampeonato], [idequipo], [Nparticipantes]) VALUES (6, 172, 376, 18)
INSERT INTO [EquipoCampeonato] ([id], [idcampeonato], [idequipo], [Nparticipantes]) VALUES (7, 123, 309, 9)
INSERT INTO [EquipoCampeonato] ([id], [idcampeonato], [idequipo], [Nparticipantes]) VALUES (8, 138, 310, 4)
INSERT INTO [EquipoCampeonato] ([id], [idcampeonato], [idequipo], [Nparticipantes]) VALUES (9, 94, 131, 8)
INSERT INTO [EquipoCampeonato] ([id], [idcampeonato], [idequipo], [Nparticipantes]) VALUES (10, 141, 360, 1)
INSERT INTO [EquipoCampeonato] ([id], [idcampeonato], [idequipo], [Nparticipantes]) VALUES (11, 176, 321, 14)
INSERT INTO [EquipoCampeonato] ([id], [idcampeonato], [idequipo], [Nparticipantes]) VALUES (12, 41, 336, 1)
INSERT INTO [EquipoCampeonato] ([id], [idcampeonato], [idequipo], [Nparticipantes]) VALUES (13, 214, 219, 15)
INSERT INTO [EquipoCampeonato] ([id], [idcampeonato], [idequipo], [Nparticipantes]) VALUES (14, 34, 281, 1)
INSERT INTO [EquipoCampeonato] ([id], [idcampeonato], [idequipo], [Nparticipantes]) VALUES (15, 151, 25, 9)
INSERT INTO [EquipoCampeonato] ([id], [idcampeonato], [idequipo], [Nparticipantes]) VALUES (16, 181, 363, 16)
INSERT INTO [EquipoCampeonato] ([id], [idcampeonato], [idequipo], [Nparticipantes]) VALUES (17, 203, 85, 10)
INSERT INTO [EquipoCampeonato] ([id], [idcampeonato], [idequipo], [Nparticipantes]) VALUES (18, 81, 240, 17)
INSERT INTO [EquipoCampeonato] ([id], [idcampeonato], [idequipo], [Nparticipantes]) VALUES (19, 203, 259, 5)
INSERT INTO [EquipoCampeonato] ([id], [idcampeonato], [idequipo], [Nparticipantes]) VALUES (20, 203, 141, 10)
INSERT INTO [EquipoCampeonato] ([id], [idcampeonato], [idequipo], [Nparticipantes]) VALUES (21, 203, 346, 10)
INSERT INTO [EquipoCampeonato] ([id], [idcampeonato], [idequipo], [Nparticipantes]) VALUES (22, 203, 99, 10)
INSERT INTO [EquipoCampeonato] ([id], [idcampeonato], [idequipo], [Nparticipantes]) VALUES (23, 203, 129, 6)
INSERT INTO [EquipoCampeonato] ([id], [idcampeonato], [idequipo], [Nparticipantes]) VALUES (24, 27, 85, 12)
INSERT INTO [EquipoCampeonato] ([id], [idcampeonato], [idequipo], [Nparticipantes]) VALUES (25, 27, 151, 20)
INSERT INTO [EquipoCampeonato] ([id], [idcampeonato], [idequipo], [Nparticipantes]) VALUES (26, 27, 125, 10)
INSERT INTO [EquipoCampeonato] ([id], [idcampeonato], [idequipo], [Nparticipantes]) VALUES (27, 27, 211, 8)
INSERT INTO [EquipoCampeonato] ([id], [idcampeonato], [idequipo], [Nparticipantes]) VALUES (28, 27, 165, 8)
INSERT INTO [EquipoCampeonato] ([id], [idcampeonato], [idequipo], [Nparticipantes]) VALUES (29, 27, 186, 12)
INSERT INTO [EquipoCampeonato] ([id], [idcampeonato], [idequipo], [Nparticipantes]) VALUES (30, 160, 370, 4)
INSERT INTO [EquipoCampeonato] ([id], [idcampeonato], [idequipo], [Nparticipantes]) VALUES (31, 160, 50, 10)
INSERT INTO [EquipoCampeonato] ([id], [idcampeonato], [idequipo], [Nparticipantes]) VALUES (32, 160, 66, 6)
INSERT INTO [EquipoCampeonato] ([id], [idcampeonato], [idequipo], [Nparticipantes]) VALUES (33, 160, 83, 7)
INSERT INTO [EquipoCampeonato] ([id], [idcampeonato], [idequipo], [Nparticipantes]) VALUES (34, 160, 15, 7)
INSERT INTO [EquipoCampeonato] ([id], [idcampeonato], [idequipo], [Nparticipantes]) VALUES (35, 160, 54, 8)
INSERT INTO [EquipoCampeonato] ([id], [idcampeonato], [idequipo], [Nparticipantes]) VALUES (36, 213, 68, 7)
INSERT INTO [EquipoCampeonato] ([id], [idcampeonato], [idequipo], [Nparticipantes]) VALUES (37, 213, 60, 7)
INSERT INTO [EquipoCampeonato] ([id], [idcampeonato], [idequipo], [Nparticipantes]) VALUES (38, 213, 55, 8)
INSERT INTO [EquipoCampeonato] ([id], [idcampeonato], [idequipo], [Nparticipantes]) VALUES (39, 213, 53, 10)
INSERT INTO [EquipoCampeonato] ([id], [idcampeonato], [idequipo], [Nparticipantes]) VALUES (40, 213, 66, 8)
INSERT INTO [EquipoCampeonato] ([id], [idcampeonato], [idequipo], [Nparticipantes]) VALUES (41, 102, 109, 7)
INSERT INTO [EquipoCampeonato] ([id], [idcampeonato], [idequipo], [Nparticipantes]) VALUES (42, 103, 226, 17)
INSERT INTO [EquipoCampeonato] ([id], [idcampeonato], [idequipo], [Nparticipantes]) VALUES (43, 55, 279, 6)
INSERT INTO [EquipoCampeonato] ([id], [idcampeonato], [idequipo], [Nparticipantes]) VALUES (44, 69, 266, 18)
INSERT INTO [EquipoCampeonato] ([id], [idcampeonato], [idequipo], [Nparticipantes]) VALUES (45, 38, 258, 19)
INSERT INTO [EquipoCampeonato] ([id], [idcampeonato], [idequipo], [Nparticipantes]) VALUES (46, 204, 375, 4)
INSERT INTO [EquipoCampeonato] ([id], [idcampeonato], [idequipo], [Nparticipantes]) VALUES (47, 161, 224, 8)
INSERT INTO [EquipoCampeonato] ([id], [idcampeonato], [idequipo], [Nparticipantes]) VALUES (48, 87, 131, 7)
INSERT INTO [EquipoCampeonato] ([id], [idcampeonato], [idequipo], [Nparticipantes]) VALUES (49, 169, 219, 16)
INSERT INTO [EquipoCampeonato] ([id], [idcampeonato], [idequipo], [Nparticipantes]) VALUES (50, 137, 77, 15)
INSERT INTO [EquipoCampeonato] ([id], [idcampeonato], [idequipo], [Nparticipantes]) VALUES (51, 18, 80, 5)
INSERT INTO [EquipoCampeonato] ([id], [idcampeonato], [idequipo], [Nparticipantes]) VALUES (52, 161, 176, 19)
INSERT INTO [EquipoCampeonato] ([id], [idcampeonato], [idequipo], [Nparticipantes]) VALUES (53, 67, 79, 3)
INSERT INTO [EquipoCampeonato] ([id], [idcampeonato], [idequipo], [Nparticipantes]) VALUES (54, 177, 73, 3)
INSERT INTO [EquipoCampeonato] ([id], [idcampeonato], [idequipo], [Nparticipantes]) VALUES (55, 206, 392, 1)
INSERT INTO [EquipoCampeonato] ([id], [idcampeonato], [idequipo], [Nparticipantes]) VALUES (56, 20, 104, 8)
INSERT INTO [EquipoCampeonato] ([id], [idcampeonato], [idequipo], [Nparticipantes]) VALUES (57, 38, 345, 9)
INSERT INTO [EquipoCampeonato] ([id], [idcampeonato], [idequipo], [Nparticipantes]) VALUES (58, 16, 341, 2)
INSERT INTO [EquipoCampeonato] ([id], [idcampeonato], [idequipo], [Nparticipantes]) VALUES (59, 120, 248, 8)
INSERT INTO [EquipoCampeonato] ([id], [idcampeonato], [idequipo], [Nparticipantes]) VALUES (60, 160, 394, 9)
INSERT INTO [EquipoCampeonato] ([id], [idcampeonato], [idequipo], [Nparticipantes]) VALUES (61, 160, 170, 9)
INSERT INTO [EquipoCampeonato] ([id], [idcampeonato], [idequipo], [Nparticipantes]) VALUES (62, 153, 267, 19)
INSERT INTO [EquipoCampeonato] ([id], [idcampeonato], [idequipo], [Nparticipantes]) VALUES (63, 41, 51, 16)
INSERT INTO [EquipoCampeonato] ([id], [idcampeonato], [idequipo], [Nparticipantes]) VALUES (64, 75, 20, 19)
INSERT INTO [EquipoCampeonato] ([id], [idcampeonato], [idequipo], [Nparticipantes]) VALUES (65, 65, 156, 3)
INSERT INTO [EquipoCampeonato] ([id], [idcampeonato], [idequipo], [Nparticipantes]) VALUES (66, 192, 308, 20)
INSERT INTO [EquipoCampeonato] ([id], [idcampeonato], [idequipo], [Nparticipantes]) VALUES (67, 30, 381, 1)
INSERT INTO [EquipoCampeonato] ([id], [idcampeonato], [idequipo], [Nparticipantes]) VALUES (68, 49, 251, 18)
INSERT INTO [EquipoCampeonato] ([id], [idcampeonato], [idequipo], [Nparticipantes]) VALUES (69, 108, 374, 8)
INSERT INTO [EquipoCampeonato] ([id], [idcampeonato], [idequipo], [Nparticipantes]) VALUES (70, 87, 42, 11)
INSERT INTO [EquipoCampeonato] ([id], [idcampeonato], [idequipo], [Nparticipantes]) VALUES (71, 12, 77, 16)
INSERT INTO [EquipoCampeonato] ([id], [idcampeonato], [idequipo], [Nparticipantes]) VALUES (72, 72, 389, 15)
INSERT INTO [EquipoCampeonato] ([id], [idcampeonato], [idequipo], [Nparticipantes]) VALUES (73, 97, 58, 13)
INSERT INTO [EquipoCampeonato] ([id], [idcampeonato], [idequipo], [Nparticipantes]) VALUES (74, 95, 9, 12)
INSERT INTO [EquipoCampeonato] ([id], [idcampeonato], [idequipo], [Nparticipantes]) VALUES (75, 30, 99, 8)
INSERT INTO [EquipoCampeonato] ([id], [idcampeonato], [idequipo], [Nparticipantes]) VALUES (76, 215, 385, 2)
INSERT INTO [EquipoCampeonato] ([id], [idcampeonato], [idequipo], [Nparticipantes]) VALUES (77, 86, 71, 13)
INSERT INTO [EquipoCampeonato] ([id], [idcampeonato], [idequipo], [Nparticipantes]) VALUES (78, 145, 141, 2)
INSERT INTO [EquipoCampeonato] ([id], [idcampeonato], [idequipo], [Nparticipantes]) VALUES (79, 106, 252, 6)
INSERT INTO [EquipoCampeonato] ([id], [idcampeonato], [idequipo], [Nparticipantes]) VALUES (80, 108, 164, 2)
INSERT INTO [EquipoCampeonato] ([id], [idcampeonato], [idequipo], [Nparticipantes]) VALUES (81, 177, 376, 5)
INSERT INTO [EquipoCampeonato] ([id], [idcampeonato], [idequipo], [Nparticipantes]) VALUES (82, 112, 35, 7)
INSERT INTO [EquipoCampeonato] ([id], [idcampeonato], [idequipo], [Nparticipantes]) VALUES (83, 46, 62, 18)
INSERT INTO [EquipoCampeonato] ([id], [idcampeonato], [idequipo], [Nparticipantes]) VALUES (84, 178, 361, 10)
INSERT INTO [EquipoCampeonato] ([id], [idcampeonato], [idequipo], [Nparticipantes]) VALUES (85, 125, 131, 18)
INSERT INTO [EquipoCampeonato] ([id], [idcampeonato], [idequipo], [Nparticipantes]) VALUES (86, 98, 2, 5)
INSERT INTO [EquipoCampeonato] ([id], [idcampeonato], [idequipo], [Nparticipantes]) VALUES (87, 208, 348, 16)
INSERT INTO [EquipoCampeonato] ([id], [idcampeonato], [idequipo], [Nparticipantes]) VALUES (88, 209, 91, 14)
INSERT INTO [EquipoCampeonato] ([id], [idcampeonato], [idequipo], [Nparticipantes]) VALUES (89, 78, 49, 2)
INSERT INTO [EquipoCampeonato] ([id], [idcampeonato], [idequipo], [Nparticipantes]) VALUES (90, 215, 329, 12)
INSERT INTO [EquipoCampeonato] ([id], [idcampeonato], [idequipo], [Nparticipantes]) VALUES (91, 34, 35, 4)
INSERT INTO [EquipoCampeonato] ([id], [idcampeonato], [idequipo], [Nparticipantes]) VALUES (92, 58, 169, 1)
INSERT INTO [EquipoCampeonato] ([id], [idcampeonato], [idequipo], [Nparticipantes]) VALUES (93, 29, 177, 1)
INSERT INTO [EquipoCampeonato] ([id], [idcampeonato], [idequipo], [Nparticipantes]) VALUES (94, 63, 230, 13)
INSERT INTO [EquipoCampeonato] ([id], [idcampeonato], [idequipo], [Nparticipantes]) VALUES (95, 39, 11, 6)
INSERT INTO [EquipoCampeonato] ([id], [idcampeonato], [idequipo], [Nparticipantes]) VALUES (96, 80, 41, 1)
INSERT INTO [EquipoCampeonato] ([id], [idcampeonato], [idequipo], [Nparticipantes]) VALUES (97, 184, 233, 14)
INSERT INTO [EquipoCampeonato] ([id], [idcampeonato], [idequipo], [Nparticipantes]) VALUES (98, 197, 371, 1)
INSERT INTO [EquipoCampeonato] ([id], [idcampeonato], [idequipo], [Nparticipantes]) VALUES (99, 215, 159, 2)
INSERT INTO [EquipoCampeonato] ([id], [idcampeonato], [idequipo], [Nparticipantes]) VALUES (100, 8, 144, 11)
INSERT INTO [EquipoCampeonato] ([id], [idcampeonato], [idequipo], [Nparticipantes]) VALUES (101, 175, 121, 10)
INSERT INTO [EquipoCampeonato] ([id], [idcampeonato], [idequipo], [Nparticipantes]) VALUES (102, 11, 141, 11)
INSERT INTO [EquipoCampeonato] ([id], [idcampeonato], [idequipo], [Nparticipantes]) VALUES (103, 61, 326, 9)
INSERT INTO [EquipoCampeonato] ([id], [idcampeonato], [idequipo], [Nparticipantes]) VALUES (104, 93, 20, 11)
INSERT INTO [EquipoCampeonato] ([id], [idcampeonato], [idequipo], [Nparticipantes]) VALUES (105, 21, 165, 15)
INSERT INTO [EquipoCampeonato] ([id], [idcampeonato], [idequipo], [Nparticipantes]) VALUES (106, 175, 255, 6)
INSERT INTO [EquipoCampeonato] ([id], [idcampeonato], [idequipo], [Nparticipantes]) VALUES (107, 23, 264, 1)
INSERT INTO [EquipoCampeonato] ([id], [idcampeonato], [idequipo], [Nparticipantes]) VALUES (108, 90, 156, 19)
INSERT INTO [EquipoCampeonato] ([id], [idcampeonato], [idequipo], [Nparticipantes]) VALUES (109, 60, 179, 3)
INSERT INTO [EquipoCampeonato] ([id], [idcampeonato], [idequipo], [Nparticipantes]) VALUES (110, 193, 327, 8)
INSERT INTO [EquipoCampeonato] ([id], [idcampeonato], [idequipo], [Nparticipantes]) VALUES (111, 100, 261, 19)
INSERT INTO [EquipoCampeonato] ([id], [idcampeonato], [idequipo], [Nparticipantes]) VALUES (112, 31, 130, 3)
INSERT INTO [EquipoCampeonato] ([id], [idcampeonato], [idequipo], [Nparticipantes]) VALUES (113, 95, 31, 18)
INSERT INTO [EquipoCampeonato] ([id], [idcampeonato], [idequipo], [Nparticipantes]) VALUES (114, 82, 144, 8)
INSERT INTO [EquipoCampeonato] ([id], [idcampeonato], [idequipo], [Nparticipantes]) VALUES (115, 69, 312, 19)
INSERT INTO [EquipoCampeonato] ([id], [idcampeonato], [idequipo], [Nparticipantes]) VALUES (116, 123, 314, 8)
INSERT INTO [EquipoCampeonato] ([id], [idcampeonato], [idequipo], [Nparticipantes]) VALUES (117, 77, 236, 20)
INSERT INTO [EquipoCampeonato] ([id], [idcampeonato], [idequipo], [Nparticipantes]) VALUES (118, 171, 197, 11)
INSERT INTO [EquipoCampeonato] ([id], [idcampeonato], [idequipo], [Nparticipantes]) VALUES (119, 109, 30, 4)
INSERT INTO [EquipoCampeonato] ([id], [idcampeonato], [idequipo], [Nparticipantes]) VALUES (120, 140, 96, 16)
INSERT INTO [EquipoCampeonato] ([id], [idcampeonato], [idequipo], [Nparticipantes]) VALUES (121, 188, 202, 19)
INSERT INTO [EquipoCampeonato] ([id], [idcampeonato], [idequipo], [Nparticipantes]) VALUES (122, 38, 143, 16)
INSERT INTO [EquipoCampeonato] ([id], [idcampeonato], [idequipo], [Nparticipantes]) VALUES (123, 17, 297, 5)
INSERT INTO [EquipoCampeonato] ([id], [idcampeonato], [idequipo], [Nparticipantes]) VALUES (124, 20, 343, 13)
INSERT INTO [EquipoCampeonato] ([id], [idcampeonato], [idequipo], [Nparticipantes]) VALUES (125, 19, 291, 20)
INSERT INTO [EquipoCampeonato] ([id], [idcampeonato], [idequipo], [Nparticipantes]) VALUES (126, 163, 87, 19)
INSERT INTO [EquipoCampeonato] ([id], [idcampeonato], [idequipo], [Nparticipantes]) VALUES (127, 92, 200, 1)
INSERT INTO [EquipoCampeonato] ([id], [idcampeonato], [idequipo], [Nparticipantes]) VALUES (128, 196, 368, 4)
INSERT INTO [EquipoCampeonato] ([id], [idcampeonato], [idequipo], [Nparticipantes]) VALUES (129, 177, 152, 4)
INSERT INTO [EquipoCampeonato] ([id], [idcampeonato], [idequipo], [Nparticipantes]) VALUES (130, 62, 124, 10)
INSERT INTO [EquipoCampeonato] ([id], [idcampeonato], [idequipo], [Nparticipantes]) VALUES (131, 8, 331, 9)
INSERT INTO [EquipoCampeonato] ([id], [idcampeonato], [idequipo], [Nparticipantes]) VALUES (132, 9, 119, 2)
INSERT INTO [EquipoCampeonato] ([id], [idcampeonato], [idequipo], [Nparticipantes]) VALUES (133, 33, 357, 2)
INSERT INTO [EquipoCampeonato] ([id], [idcampeonato], [idequipo], [Nparticipantes]) VALUES (134, 160, 41, 17)
INSERT INTO [EquipoCampeonato] ([id], [idcampeonato], [idequipo], [Nparticipantes]) VALUES (135, 69, 172, 11)
INSERT INTO [EquipoCampeonato] ([id], [idcampeonato], [idequipo], [Nparticipantes]) VALUES (136, 207, 198, 7)
INSERT INTO [EquipoCampeonato] ([id], [idcampeonato], [idequipo], [Nparticipantes]) VALUES (137, 106, 125, 17)
INSERT INTO [EquipoCampeonato] ([id], [idcampeonato], [idequipo], [Nparticipantes]) VALUES (138, 144, 270, 16)
INSERT INTO [EquipoCampeonato] ([id], [idcampeonato], [idequipo], [Nparticipantes]) VALUES (139, 81, 235, 7)
INSERT INTO [EquipoCampeonato] ([id], [idcampeonato], [idequipo], [Nparticipantes]) VALUES (140, 47, 23, 12)
INSERT INTO [EquipoCampeonato] ([id], [idcampeonato], [idequipo], [Nparticipantes]) VALUES (141, 172, 256, 11)
INSERT INTO [EquipoCampeonato] ([id], [idcampeonato], [idequipo], [Nparticipantes]) VALUES (142, 94, 75, 12)
INSERT INTO [EquipoCampeonato] ([id], [idcampeonato], [idequipo], [Nparticipantes]) VALUES (143, 153, 355, 1)
INSERT INTO [EquipoCampeonato] ([id], [idcampeonato], [idequipo], [Nparticipantes]) VALUES (144, 61, 270, 2)
INSERT INTO [EquipoCampeonato] ([id], [idcampeonato], [idequipo], [Nparticipantes]) VALUES (145, 82, 214, 17)
INSERT INTO [EquipoCampeonato] ([id], [idcampeonato], [idequipo], [Nparticipantes]) VALUES (146, 18, 95, 3)
INSERT INTO [EquipoCampeonato] ([id], [idcampeonato], [idequipo], [Nparticipantes]) VALUES (147, 190, 101, 6)
INSERT INTO [EquipoCampeonato] ([id], [idcampeonato], [idequipo], [Nparticipantes]) VALUES (148, 186, 391, 17)
INSERT INTO [EquipoCampeonato] ([id], [idcampeonato], [idequipo], [Nparticipantes]) VALUES (149, 79, 302, 13)
INSERT INTO [EquipoCampeonato] ([id], [idcampeonato], [idequipo], [Nparticipantes]) VALUES (150, 202, 124, 11)
INSERT INTO [EquipoCampeonato] ([id], [idcampeonato], [idequipo], [Nparticipantes]) VALUES (151, 85, 158, 10)
INSERT INTO [EquipoCampeonato] ([id], [idcampeonato], [idequipo], [Nparticipantes]) VALUES (152, 43, 241, 6)
INSERT INTO [EquipoCampeonato] ([id], [idcampeonato], [idequipo], [Nparticipantes]) VALUES (153, 49, 158, 10)
INSERT INTO [EquipoCampeonato] ([id], [idcampeonato], [idequipo], [Nparticipantes]) VALUES (154, 167, 192, 7)
INSERT INTO [EquipoCampeonato] ([id], [idcampeonato], [idequipo], [Nparticipantes]) VALUES (155, 37, 52, 3)
INSERT INTO [EquipoCampeonato] ([id], [idcampeonato], [idequipo], [Nparticipantes]) VALUES (156, 174, 125, 16)
INSERT INTO [EquipoCampeonato] ([id], [idcampeonato], [idequipo], [Nparticipantes]) VALUES (157, 137, 150, 11)
INSERT INTO [EquipoCampeonato] ([id], [idcampeonato], [idequipo], [Nparticipantes]) VALUES (158, 75, 159, 8)
INSERT INTO [EquipoCampeonato] ([id], [idcampeonato], [idequipo], [Nparticipantes]) VALUES (159, 164, 280, 8)
INSERT INTO [EquipoCampeonato] ([id], [idcampeonato], [idequipo], [Nparticipantes]) VALUES (160, 37, 241, 16)
INSERT INTO [EquipoCampeonato] ([id], [idcampeonato], [idequipo], [Nparticipantes]) VALUES (161, 144, 15, 16)
INSERT INTO [EquipoCampeonato] ([id], [idcampeonato], [idequipo], [Nparticipantes]) VALUES (162, 182, 148, 7)
INSERT INTO [EquipoCampeonato] ([id], [idcampeonato], [idequipo], [Nparticipantes]) VALUES (163, 142, 75, 3)
INSERT INTO [EquipoCampeonato] ([id], [idcampeonato], [idequipo], [Nparticipantes]) VALUES (164, 102, 263, 13)
INSERT INTO [EquipoCampeonato] ([id], [idcampeonato], [idequipo], [Nparticipantes]) VALUES (165, 176, 328, 13)
INSERT INTO [EquipoCampeonato] ([id], [idcampeonato], [idequipo], [Nparticipantes]) VALUES (166, 104, 251, 13)
INSERT INTO [EquipoCampeonato] ([id], [idcampeonato], [idequipo], [Nparticipantes]) VALUES (167, 202, 103, 12)
INSERT INTO [EquipoCampeonato] ([id], [idcampeonato], [idequipo], [Nparticipantes]) VALUES (168, 23, 338, 14)
INSERT INTO [EquipoCampeonato] ([id], [idcampeonato], [idequipo], [Nparticipantes]) VALUES (169, 74, 34, 20)
INSERT INTO [EquipoCampeonato] ([id], [idcampeonato], [idequipo], [Nparticipantes]) VALUES (170, 36, 170, 20)
INSERT INTO [EquipoCampeonato] ([id], [idcampeonato], [idequipo], [Nparticipantes]) VALUES (171, 157, 291, 6)
INSERT INTO [EquipoCampeonato] ([id], [idcampeonato], [idequipo], [Nparticipantes]) VALUES (172, 94, 49, 1)
INSERT INTO [EquipoCampeonato] ([id], [idcampeonato], [idequipo], [Nparticipantes]) VALUES (173, 60, 221, 15)
INSERT INTO [EquipoCampeonato] ([id], [idcampeonato], [idequipo], [Nparticipantes]) VALUES (174, 165, 232, 11)
INSERT INTO [EquipoCampeonato] ([id], [idcampeonato], [idequipo], [Nparticipantes]) VALUES (175, 131, 84, 18)
INSERT INTO [EquipoCampeonato] ([id], [idcampeonato], [idequipo], [Nparticipantes]) VALUES (176, 197, 119, 4)
INSERT INTO [EquipoCampeonato] ([id], [idcampeonato], [idequipo], [Nparticipantes]) VALUES (177, 78, 139, 7)
INSERT INTO [EquipoCampeonato] ([id], [idcampeonato], [idequipo], [Nparticipantes]) VALUES (178, 138, 117, 7)
INSERT INTO [EquipoCampeonato] ([id], [idcampeonato], [idequipo], [Nparticipantes]) VALUES (179, 53, 93, 16)
INSERT INTO [EquipoCampeonato] ([id], [idcampeonato], [idequipo], [Nparticipantes]) VALUES (180, 78, 62, 11)
INSERT INTO [EquipoCampeonato] ([id], [idcampeonato], [idequipo], [Nparticipantes]) VALUES (181, 51, 377, 18)
INSERT INTO [EquipoCampeonato] ([id], [idcampeonato], [idequipo], [Nparticipantes]) VALUES (182, 26, 62, 16)
INSERT INTO [EquipoCampeonato] ([id], [idcampeonato], [idequipo], [Nparticipantes]) VALUES (183, 65, 278, 1)
INSERT INTO [EquipoCampeonato] ([id], [idcampeonato], [idequipo], [Nparticipantes]) VALUES (184, 34, 321, 20)
INSERT INTO [EquipoCampeonato] ([id], [idcampeonato], [idequipo], [Nparticipantes]) VALUES (185, 194, 124, 17)
INSERT INTO [EquipoCampeonato] ([id], [idcampeonato], [idequipo], [Nparticipantes]) VALUES (186, 165, 118, 7)
INSERT INTO [EquipoCampeonato] ([id], [idcampeonato], [idequipo], [Nparticipantes]) VALUES (187, 63, 256, 12)
INSERT INTO [EquipoCampeonato] ([id], [idcampeonato], [idequipo], [Nparticipantes]) VALUES (188, 77, 120, 7)
INSERT INTO [EquipoCampeonato] ([id], [idcampeonato], [idequipo], [Nparticipantes]) VALUES (189, 124, 95, 4)
INSERT INTO [EquipoCampeonato] ([id], [idcampeonato], [idequipo], [Nparticipantes]) VALUES (190, 131, 195, 10)
INSERT INTO [EquipoCampeonato] ([id], [idcampeonato], [idequipo], [Nparticipantes]) VALUES (191, 168, 72, 9)
INSERT INTO [EquipoCampeonato] ([id], [idcampeonato], [idequipo], [Nparticipantes]) VALUES (192, 131, 91, 15)
INSERT INTO [EquipoCampeonato] ([id], [idcampeonato], [idequipo], [Nparticipantes]) VALUES (193, 192, 241, 4)
INSERT INTO [EquipoCampeonato] ([id], [idcampeonato], [idequipo], [Nparticipantes]) VALUES (194, 3, 254, 4)
INSERT INTO [EquipoCampeonato] ([id], [idcampeonato], [idequipo], [Nparticipantes]) VALUES (195, 41, 124, 5)
INSERT INTO [EquipoCampeonato] ([id], [idcampeonato], [idequipo], [Nparticipantes]) VALUES (196, 153, 134, 15)
INSERT INTO [EquipoCampeonato] ([id], [idcampeonato], [idequipo], [Nparticipantes]) VALUES (197, 115, 257, 2)
INSERT INTO [EquipoCampeonato] ([id], [idcampeonato], [idequipo], [Nparticipantes]) VALUES (198, 148, 53, 9)
INSERT INTO [EquipoCampeonato] ([id], [idcampeonato], [idequipo], [Nparticipantes]) VALUES (199, 71, 168, 9)
INSERT INTO [EquipoCampeonato] ([id], [idcampeonato], [idequipo], [Nparticipantes]) VALUES (200, 119, 109, 9)
INSERT INTO [EquipoCampeonato] ([id], [idcampeonato], [idequipo], [Nparticipantes]) VALUES (201, 111, 353, 11)
INSERT INTO [EquipoCampeonato] ([id], [idcampeonato], [idequipo], [Nparticipantes]) VALUES (202, 157, 259, 7)
INSERT INTO [EquipoCampeonato] ([id], [idcampeonato], [idequipo], [Nparticipantes]) VALUES (203, 155, 131, 17)
INSERT INTO [EquipoCampeonato] ([id], [idcampeonato], [idequipo], [Nparticipantes]) VALUES (204, 157, 161, 16)
INSERT INTO [EquipoCampeonato] ([id], [idcampeonato], [idequipo], [Nparticipantes]) VALUES (205, 214, 376, 16)
INSERT INTO [EquipoCampeonato] ([id], [idcampeonato], [idequipo], [Nparticipantes]) VALUES (206, 30, 157, 7)
INSERT INTO [EquipoCampeonato] ([id], [idcampeonato], [idequipo], [Nparticipantes]) VALUES (207, 93, 307, 14)
INSERT INTO [EquipoCampeonato] ([id], [idcampeonato], [idequipo], [Nparticipantes]) VALUES (208, 20, 96, 1)
INSERT INTO [EquipoCampeonato] ([id], [idcampeonato], [idequipo], [Nparticipantes]) VALUES (209, 10, 268, 12)
INSERT INTO [EquipoCampeonato] ([id], [idcampeonato], [idequipo], [Nparticipantes]) VALUES (210, 58, 77, 19)
INSERT INTO [EquipoCampeonato] ([id], [idcampeonato], [idequipo], [Nparticipantes]) VALUES (211, 209, 281, 17)
INSERT INTO [EquipoCampeonato] ([id], [idcampeonato], [idequipo], [Nparticipantes]) VALUES (212, 198, 220, 15)
INSERT INTO [EquipoCampeonato] ([id], [idcampeonato], [idequipo], [Nparticipantes]) VALUES (213, 7, 181, 20)
INSERT INTO [EquipoCampeonato] ([id], [idcampeonato], [idequipo], [Nparticipantes]) VALUES (214, 44, 366, 16)
INSERT INTO [EquipoCampeonato] ([id], [idcampeonato], [idequipo], [Nparticipantes]) VALUES (215, 7, 143, 15)
INSERT INTO [EquipoCampeonato] ([id], [idcampeonato], [idequipo], [Nparticipantes]) VALUES (216, 115, 189, 17)
INSERT INTO [EquipoCampeonato] ([id], [idcampeonato], [idequipo], [Nparticipantes]) VALUES (217, 16, 336, 12)
INSERT INTO [EquipoCampeonato] ([id], [idcampeonato], [idequipo], [Nparticipantes]) VALUES (218, 13, 92, 18)
INSERT INTO [EquipoCampeonato] ([id], [idcampeonato], [idequipo], [Nparticipantes]) VALUES (219, 128, 292, 18)
INSERT INTO [EquipoCampeonato] ([id], [idcampeonato], [idequipo], [Nparticipantes]) VALUES (220, 41, 387, 16)
INSERT INTO [EquipoCampeonato] ([id], [idcampeonato], [idequipo], [Nparticipantes]) VALUES (221, 196, 44, 2)
INSERT INTO [EquipoCampeonato] ([id], [idcampeonato], [idequipo], [Nparticipantes]) VALUES (222, 59, 180, 11)
INSERT INTO [EquipoCampeonato] ([id], [idcampeonato], [idequipo], [Nparticipantes]) VALUES (223, 45, 79, 5)
INSERT INTO [EquipoCampeonato] ([id], [idcampeonato], [idequipo], [Nparticipantes]) VALUES (224, 143, 153, 15)
INSERT INTO [EquipoCampeonato] ([id], [idcampeonato], [idequipo], [Nparticipantes]) VALUES (225, 95, 199, 12)
INSERT INTO [EquipoCampeonato] ([id], [idcampeonato], [idequipo], [Nparticipantes]) VALUES (226, 91, 18, 13)
INSERT INTO [EquipoCampeonato] ([id], [idcampeonato], [idequipo], [Nparticipantes]) VALUES (227, 151, 264, 1)
INSERT INTO [EquipoCampeonato] ([id], [idcampeonato], [idequipo], [Nparticipantes]) VALUES (228, 2, 130, 20)
INSERT INTO [EquipoCampeonato] ([id], [idcampeonato], [idequipo], [Nparticipantes]) VALUES (229, 164, 61, 12)
INSERT INTO [EquipoCampeonato] ([id], [idcampeonato], [idequipo], [Nparticipantes]) VALUES (230, 155, 373, 17)
INSERT INTO [EquipoCampeonato] ([id], [idcampeonato], [idequipo], [Nparticipantes]) VALUES (231, 105, 361, 9)
INSERT INTO [EquipoCampeonato] ([id], [idcampeonato], [idequipo], [Nparticipantes]) VALUES (232, 48, 11, 5)
INSERT INTO [EquipoCampeonato] ([id], [idcampeonato], [idequipo], [Nparticipantes]) VALUES (233, 54, 199, 11)
INSERT INTO [EquipoCampeonato] ([id], [idcampeonato], [idequipo], [Nparticipantes]) VALUES (234, 108, 246, 19)
INSERT INTO [EquipoCampeonato] ([id], [idcampeonato], [idequipo], [Nparticipantes]) VALUES (235, 185, 48, 10)
INSERT INTO [EquipoCampeonato] ([id], [idcampeonato], [idequipo], [Nparticipantes]) VALUES (236, 173, 11, 5)
INSERT INTO [EquipoCampeonato] ([id], [idcampeonato], [idequipo], [Nparticipantes]) VALUES (237, 17, 78, 8)
INSERT INTO [EquipoCampeonato] ([id], [idcampeonato], [idequipo], [Nparticipantes]) VALUES (238, 91, 379, 15)
INSERT INTO [EquipoCampeonato] ([id], [idcampeonato], [idequipo], [Nparticipantes]) VALUES (239, 55, 271, 10)
INSERT INTO [EquipoCampeonato] ([id], [idcampeonato], [idequipo], [Nparticipantes]) VALUES (240, 208, 120, 18)
INSERT INTO [EquipoCampeonato] ([id], [idcampeonato], [idequipo], [Nparticipantes]) VALUES (241, 109, 226, 15)
INSERT INTO [EquipoCampeonato] ([id], [idcampeonato], [idequipo], [Nparticipantes]) VALUES (242, 33, 84, 3)
INSERT INTO [EquipoCampeonato] ([id], [idcampeonato], [idequipo], [Nparticipantes]) VALUES (243, 108, 193, 15)
INSERT INTO [EquipoCampeonato] ([id], [idcampeonato], [idequipo], [Nparticipantes]) VALUES (244, 132, 229, 18)
INSERT INTO [EquipoCampeonato] ([id], [idcampeonato], [idequipo], [Nparticipantes]) VALUES (245, 109, 132, 7)
INSERT INTO [EquipoCampeonato] ([id], [idcampeonato], [idequipo], [Nparticipantes]) VALUES (246, 73, 328, 2)
INSERT INTO [EquipoCampeonato] ([id], [idcampeonato], [idequipo], [Nparticipantes]) VALUES (247, 183, 291, 10)
INSERT INTO [EquipoCampeonato] ([id], [idcampeonato], [idequipo], [Nparticipantes]) VALUES (248, 115, 37, 18)
INSERT INTO [EquipoCampeonato] ([id], [idcampeonato], [idequipo], [Nparticipantes]) VALUES (249, 8, 230, 7)
INSERT INTO [EquipoCampeonato] ([id], [idcampeonato], [idequipo], [Nparticipantes]) VALUES (250, 99, 4, 13)
INSERT INTO [EquipoCampeonato] ([id], [idcampeonato], [idequipo], [Nparticipantes]) VALUES (251, 127, 228, 15)
INSERT INTO [EquipoCampeonato] ([id], [idcampeonato], [idequipo], [Nparticipantes]) VALUES (252, 159, 81, 7)
INSERT INTO [EquipoCampeonato] ([id], [idcampeonato], [idequipo], [Nparticipantes]) VALUES (253, 190, 241, 18)
INSERT INTO [EquipoCampeonato] ([id], [idcampeonato], [idequipo], [Nparticipantes]) VALUES (254, 17, 91, 17)
INSERT INTO [EquipoCampeonato] ([id], [idcampeonato], [idequipo], [Nparticipantes]) VALUES (255, 129, 287, 14)
INSERT INTO [EquipoCampeonato] ([id], [idcampeonato], [idequipo], [Nparticipantes]) VALUES (256, 136, 182, 6)
INSERT INTO [EquipoCampeonato] ([id], [idcampeonato], [idequipo], [Nparticipantes]) VALUES (258, 211, 385, 13)
INSERT INTO [EquipoCampeonato] ([id], [idcampeonato], [idequipo], [Nparticipantes]) VALUES (259, 146, 16, 9)
INSERT INTO [EquipoCampeonato] ([id], [idcampeonato], [idequipo], [Nparticipantes]) VALUES (260, 109, 73, 20)
INSERT INTO [EquipoCampeonato] ([id], [idcampeonato], [idequipo], [Nparticipantes]) VALUES (261, 65, 277, 15)
INSERT INTO [EquipoCampeonato] ([id], [idcampeonato], [idequipo], [Nparticipantes]) VALUES (262, 51, 25, 12)
INSERT INTO [EquipoCampeonato] ([id], [idcampeonato], [idequipo], [Nparticipantes]) VALUES (263, 114, 49, 14)
INSERT INTO [EquipoCampeonato] ([id], [idcampeonato], [idequipo], [Nparticipantes]) VALUES (264, 201, 104, 2)
INSERT INTO [EquipoCampeonato] ([id], [idcampeonato], [idequipo], [Nparticipantes]) VALUES (265, 75, 232, 1)
INSERT INTO [EquipoCampeonato] ([id], [idcampeonato], [idequipo], [Nparticipantes]) VALUES (266, 5, 55, 12)
INSERT INTO [EquipoCampeonato] ([id], [idcampeonato], [idequipo], [Nparticipantes]) VALUES (267, 174, 102, 5)
INSERT INTO [EquipoCampeonato] ([id], [idcampeonato], [idequipo], [Nparticipantes]) VALUES (268, 48, 361, 6)
INSERT INTO [EquipoCampeonato] ([id], [idcampeonato], [idequipo], [Nparticipantes]) VALUES (269, 135, 319, 8)
INSERT INTO [EquipoCampeonato] ([id], [idcampeonato], [idequipo], [Nparticipantes]) VALUES (270, 65, 264, 14)
INSERT INTO [EquipoCampeonato] ([id], [idcampeonato], [idequipo], [Nparticipantes]) VALUES (271, 173, 40, 5)
INSERT INTO [EquipoCampeonato] ([id], [idcampeonato], [idequipo], [Nparticipantes]) VALUES (272, 68, 37, 13)
INSERT INTO [EquipoCampeonato] ([id], [idcampeonato], [idequipo], [Nparticipantes]) VALUES (273, 46, 277, 11)
INSERT INTO [EquipoCampeonato] ([id], [idcampeonato], [idequipo], [Nparticipantes]) VALUES (274, 133, 83, 19)
INSERT INTO [EquipoCampeonato] ([id], [idcampeonato], [idequipo], [Nparticipantes]) VALUES (275, 133, 222, 9)
INSERT INTO [EquipoCampeonato] ([id], [idcampeonato], [idequipo], [Nparticipantes]) VALUES (276, 66, 359, 10)
INSERT INTO [EquipoCampeonato] ([id], [idcampeonato], [idequipo], [Nparticipantes]) VALUES (277, 122, 131, 10)
INSERT INTO [EquipoCampeonato] ([id], [idcampeonato], [idequipo], [Nparticipantes]) VALUES (278, 147, 56, 12)
INSERT INTO [EquipoCampeonato] ([id], [idcampeonato], [idequipo], [Nparticipantes]) VALUES (279, 30, 49, 3)
INSERT INTO [EquipoCampeonato] ([id], [idcampeonato], [idequipo], [Nparticipantes]) VALUES (280, 143, 5, 8)
INSERT INTO [EquipoCampeonato] ([id], [idcampeonato], [idequipo], [Nparticipantes]) VALUES (281, 106, 274, 7)
INSERT INTO [EquipoCampeonato] ([id], [idcampeonato], [idequipo], [Nparticipantes]) VALUES (282, 197, 213, 4)
INSERT INTO [EquipoCampeonato] ([id], [idcampeonato], [idequipo], [Nparticipantes]) VALUES (283, 19, 175, 16)
INSERT INTO [EquipoCampeonato] ([id], [idcampeonato], [idequipo], [Nparticipantes]) VALUES (284, 154, 255, 14)
INSERT INTO [EquipoCampeonato] ([id], [idcampeonato], [idequipo], [Nparticipantes]) VALUES (285, 117, 10, 8)
INSERT INTO [EquipoCampeonato] ([id], [idcampeonato], [idequipo], [Nparticipantes]) VALUES (286, 142, 89, 18)
INSERT INTO [EquipoCampeonato] ([id], [idcampeonato], [idequipo], [Nparticipantes]) VALUES (287, 125, 371, 4)
INSERT INTO [EquipoCampeonato] ([id], [idcampeonato], [idequipo], [Nparticipantes]) VALUES (288, 72, 90, 4)
INSERT INTO [EquipoCampeonato] ([id], [idcampeonato], [idequipo], [Nparticipantes]) VALUES (289, 170, 355, 12)
INSERT INTO [EquipoCampeonato] ([id], [idcampeonato], [idequipo], [Nparticipantes]) VALUES (290, 88, 38, 14)
INSERT INTO [EquipoCampeonato] ([id], [idcampeonato], [idequipo], [Nparticipantes]) VALUES (291, 214, 154, 1)
INSERT INTO [EquipoCampeonato] ([id], [idcampeonato], [idequipo], [Nparticipantes]) VALUES (292, 84, 12, 1)
INSERT INTO [EquipoCampeonato] ([id], [idcampeonato], [idequipo], [Nparticipantes]) VALUES (293, 192, 22, 9)
INSERT INTO [EquipoCampeonato] ([id], [idcampeonato], [idequipo], [Nparticipantes]) VALUES (294, 170, 99, 11)
INSERT INTO [EquipoCampeonato] ([id], [idcampeonato], [idequipo], [Nparticipantes]) VALUES (295, 125, 58, 1)
INSERT INTO [EquipoCampeonato] ([id], [idcampeonato], [idequipo], [Nparticipantes]) VALUES (296, 151, 204, 2)
INSERT INTO [EquipoCampeonato] ([id], [idcampeonato], [idequipo], [Nparticipantes]) VALUES (297, 20, 393, 17)
INSERT INTO [EquipoCampeonato] ([id], [idcampeonato], [idequipo], [Nparticipantes]) VALUES (298, 116, 260, 12)
INSERT INTO [EquipoCampeonato] ([id], [idcampeonato], [idequipo], [Nparticipantes]) VALUES (299, 90, 164, 20)
INSERT INTO [EquipoCampeonato] ([id], [idcampeonato], [idequipo], [Nparticipantes]) VALUES (300, 38, 104, 20)
INSERT INTO [EquipoCampeonato] ([id], [idcampeonato], [idequipo], [Nparticipantes]) VALUES (301, 27, 214, 13)
INSERT INTO [EquipoCampeonato] ([id], [idcampeonato], [idequipo], [Nparticipantes]) VALUES (302, 214, 297, 10)
INSERT INTO [EquipoCampeonato] ([id], [idcampeonato], [idequipo], [Nparticipantes]) VALUES (303, 175, 143, 2)
INSERT INTO [EquipoCampeonato] ([id], [idcampeonato], [idequipo], [Nparticipantes]) VALUES (304, 208, 272, 2)
INSERT INTO [EquipoCampeonato] ([id], [idcampeonato], [idequipo], [Nparticipantes]) VALUES (305, 23, 31, 20)
INSERT INTO [EquipoCampeonato] ([id], [idcampeonato], [idequipo], [Nparticipantes]) VALUES (306, 36, 134, 4)
INSERT INTO [EquipoCampeonato] ([id], [idcampeonato], [idequipo], [Nparticipantes]) VALUES (307, 8, 377, 2)
INSERT INTO [EquipoCampeonato] ([id], [idcampeonato], [idequipo], [Nparticipantes]) VALUES (308, 39, 189, 10)
INSERT INTO [EquipoCampeonato] ([id], [idcampeonato], [idequipo], [Nparticipantes]) VALUES (309, 176, 50, 18)
INSERT INTO [EquipoCampeonato] ([id], [idcampeonato], [idequipo], [Nparticipantes]) VALUES (310, 46, 217, 14)
INSERT INTO [EquipoCampeonato] ([id], [idcampeonato], [idequipo], [Nparticipantes]) VALUES (311, 38, 31, 3)
INSERT INTO [EquipoCampeonato] ([id], [idcampeonato], [idequipo], [Nparticipantes]) VALUES (312, 72, 293, 19)
INSERT INTO [EquipoCampeonato] ([id], [idcampeonato], [idequipo], [Nparticipantes]) VALUES (313, 184, 176, 18)
INSERT INTO [EquipoCampeonato] ([id], [idcampeonato], [idequipo], [Nparticipantes]) VALUES (314, 154, 22, 4)
INSERT INTO [EquipoCampeonato] ([id], [idcampeonato], [idequipo], [Nparticipantes]) VALUES (315, 204, 355, 15)
INSERT INTO [EquipoCampeonato] ([id], [idcampeonato], [idequipo], [Nparticipantes]) VALUES (316, 205, 257, 10)
INSERT INTO [EquipoCampeonato] ([id], [idcampeonato], [idequipo], [Nparticipantes]) VALUES (317, 154, 140, 14)
INSERT INTO [EquipoCampeonato] ([id], [idcampeonato], [idequipo], [Nparticipantes]) VALUES (318, 109, 101, 13)
INSERT INTO [EquipoCampeonato] ([id], [idcampeonato], [idequipo], [Nparticipantes]) VALUES (319, 150, 360, 18)
INSERT INTO [EquipoCampeonato] ([id], [idcampeonato], [idequipo], [Nparticipantes]) VALUES (320, 101, 7, 15)
INSERT INTO [EquipoCampeonato] ([id], [idcampeonato], [idequipo], [Nparticipantes]) VALUES (321, 72, 211, 1)
INSERT INTO [EquipoCampeonato] ([id], [idcampeonato], [idequipo], [Nparticipantes]) VALUES (322, 169, 338, 1)
INSERT INTO [EquipoCampeonato] ([id], [idcampeonato], [idequipo], [Nparticipantes]) VALUES (323, 118, 40, 15)
INSERT INTO [EquipoCampeonato] ([id], [idcampeonato], [idequipo], [Nparticipantes]) VALUES (324, 207, 42, 16)
INSERT INTO [EquipoCampeonato] ([id], [idcampeonato], [idequipo], [Nparticipantes]) VALUES (325, 37, 151, 1)
INSERT INTO [EquipoCampeonato] ([id], [idcampeonato], [idequipo], [Nparticipantes]) VALUES (326, 21, 206, 11)
INSERT INTO [EquipoCampeonato] ([id], [idcampeonato], [idequipo], [Nparticipantes]) VALUES (327, 158, 349, 12)
INSERT INTO [EquipoCampeonato] ([id], [idcampeonato], [idequipo], [Nparticipantes]) VALUES (328, 87, 67, 1)
INSERT INTO [EquipoCampeonato] ([id], [idcampeonato], [idequipo], [Nparticipantes]) VALUES (329, 98, 110, 1)
INSERT INTO [EquipoCampeonato] ([id], [idcampeonato], [idequipo], [Nparticipantes]) VALUES (330, 88, 31, 19)
INSERT INTO [EquipoCampeonato] ([id], [idcampeonato], [idequipo], [Nparticipantes]) VALUES (331, 74, 374, 13)
INSERT INTO [EquipoCampeonato] ([id], [idcampeonato], [idequipo], [Nparticipantes]) VALUES (332, 211, 226, 9)
INSERT INTO [EquipoCampeonato] ([id], [idcampeonato], [idequipo], [Nparticipantes]) VALUES (333, 162, 215, 6)
INSERT INTO [EquipoCampeonato] ([id], [idcampeonato], [idequipo], [Nparticipantes]) VALUES (334, 161, 223, 12)
INSERT INTO [EquipoCampeonato] ([id], [idcampeonato], [idequipo], [Nparticipantes]) VALUES (335, 85, 42, 19)
INSERT INTO [EquipoCampeonato] ([id], [idcampeonato], [idequipo], [Nparticipantes]) VALUES (336, 61, 150, 10)
INSERT INTO [EquipoCampeonato] ([id], [idcampeonato], [idequipo], [Nparticipantes]) VALUES (337, 153, 361, 3)
INSERT INTO [EquipoCampeonato] ([id], [idcampeonato], [idequipo], [Nparticipantes]) VALUES (338, 43, 387, 17)
INSERT INTO [EquipoCampeonato] ([id], [idcampeonato], [idequipo], [Nparticipantes]) VALUES (339, 136, 292, 14)
INSERT INTO [EquipoCampeonato] ([id], [idcampeonato], [idequipo], [Nparticipantes]) VALUES (340, 182, 328, 5)
INSERT INTO [EquipoCampeonato] ([id], [idcampeonato], [idequipo], [Nparticipantes]) VALUES (341, 13, 78, 6)
INSERT INTO [EquipoCampeonato] ([id], [idcampeonato], [idequipo], [Nparticipantes]) VALUES (342, 169, 15, 20)
INSERT INTO [EquipoCampeonato] ([id], [idcampeonato], [idequipo], [Nparticipantes]) VALUES (343, 79, 9, 7)
INSERT INTO [EquipoCampeonato] ([id], [idcampeonato], [idequipo], [Nparticipantes]) VALUES (344, 119, 237, 10)
INSERT INTO [EquipoCampeonato] ([id], [idcampeonato], [idequipo], [Nparticipantes]) VALUES (345, 136, 324, 8)
INSERT INTO [EquipoCampeonato] ([id], [idcampeonato], [idequipo], [Nparticipantes]) VALUES (346, 144, 59, 4)
INSERT INTO [EquipoCampeonato] ([id], [idcampeonato], [idequipo], [Nparticipantes]) VALUES (347, 175, 8, 12)
INSERT INTO [EquipoCampeonato] ([id], [idcampeonato], [idequipo], [Nparticipantes]) VALUES (348, 28, 395, 12)
INSERT INTO [EquipoCampeonato] ([id], [idcampeonato], [idequipo], [Nparticipantes]) VALUES (349, 132, 140, 3)
INSERT INTO [EquipoCampeonato] ([id], [idcampeonato], [idequipo], [Nparticipantes]) VALUES (350, 61, 186, 19)
INSERT INTO [EquipoCampeonato] ([id], [idcampeonato], [idequipo], [Nparticipantes]) VALUES (351, 180, 274, 19)
INSERT INTO [EquipoCampeonato] ([id], [idcampeonato], [idequipo], [Nparticipantes]) VALUES (352, 15, 88, 6)
INSERT INTO [EquipoCampeonato] ([id], [idcampeonato], [idequipo], [Nparticipantes]) VALUES (353, 162, 382, 3)
INSERT INTO [EquipoCampeonato] ([id], [idcampeonato], [idequipo], [Nparticipantes]) VALUES (354, 210, 339, 19)
INSERT INTO [EquipoCampeonato] ([id], [idcampeonato], [idequipo], [Nparticipantes]) VALUES (355, 163, 164, 6)
INSERT INTO [EquipoCampeonato] ([id], [idcampeonato], [idequipo], [Nparticipantes]) VALUES (356, 77, 303, 1)
INSERT INTO [EquipoCampeonato] ([id], [idcampeonato], [idequipo], [Nparticipantes]) VALUES (357, 153, 127, 11)
INSERT INTO [EquipoCampeonato] ([id], [idcampeonato], [idequipo], [Nparticipantes]) VALUES (358, 194, 201, 13)
INSERT INTO [EquipoCampeonato] ([id], [idcampeonato], [idequipo], [Nparticipantes]) VALUES (359, 185, 154, 19)
INSERT INTO [EquipoCampeonato] ([id], [idcampeonato], [idequipo], [Nparticipantes]) VALUES (360, 48, 138, 2)
INSERT INTO [EquipoCampeonato] ([id], [idcampeonato], [idequipo], [Nparticipantes]) VALUES (361, 143, 382, 15)
INSERT INTO [EquipoCampeonato] ([id], [idcampeonato], [idequipo], [Nparticipantes]) VALUES (362, 1, 148, 15)
INSERT INTO [EquipoCampeonato] ([id], [idcampeonato], [idequipo], [Nparticipantes]) VALUES (363, 45, 279, 10)
INSERT INTO [EquipoCampeonato] ([id], [idcampeonato], [idequipo], [Nparticipantes]) VALUES (364, 3, 143, 15)
INSERT INTO [EquipoCampeonato] ([id], [idcampeonato], [idequipo], [Nparticipantes]) VALUES (365, 56, 372, 18)
INSERT INTO [EquipoCampeonato] ([id], [idcampeonato], [idequipo], [Nparticipantes]) VALUES (366, 25, 297, 1)
INSERT INTO [EquipoCampeonato] ([id], [idcampeonato], [idequipo], [Nparticipantes]) VALUES (367, 109, 68, 11)
INSERT INTO [EquipoCampeonato] ([id], [idcampeonato], [idequipo], [Nparticipantes]) VALUES (368, 101, 357, 7)
INSERT INTO [EquipoCampeonato] ([id], [idcampeonato], [idequipo], [Nparticipantes]) VALUES (369, 187, 60, 9)
INSERT INTO [EquipoCampeonato] ([id], [idcampeonato], [idequipo], [Nparticipantes]) VALUES (370, 196, 234, 19)
INSERT INTO [EquipoCampeonato] ([id], [idcampeonato], [idequipo], [Nparticipantes]) VALUES (371, 209, 145, 6)
INSERT INTO [EquipoCampeonato] ([id], [idcampeonato], [idequipo], [Nparticipantes]) VALUES (372, 208, 283, 7)
INSERT INTO [EquipoCampeonato] ([id], [idcampeonato], [idequipo], [Nparticipantes]) VALUES (373, 43, 296, 12)
INSERT INTO [EquipoCampeonato] ([id], [idcampeonato], [idequipo], [Nparticipantes]) VALUES (374, 58, 391, 19)
INSERT INTO [EquipoCampeonato] ([id], [idcampeonato], [idequipo], [Nparticipantes]) VALUES (375, 204, 67, 20)
INSERT INTO [EquipoCampeonato] ([id], [idcampeonato], [idequipo], [Nparticipantes]) VALUES (376, 8, 178, 15)
INSERT INTO [EquipoCampeonato] ([id], [idcampeonato], [idequipo], [Nparticipantes]) VALUES (377, 182, 382, 20)
INSERT INTO [EquipoCampeonato] ([id], [idcampeonato], [idequipo], [Nparticipantes]) VALUES (378, 14, 10, 12)
INSERT INTO [EquipoCampeonato] ([id], [idcampeonato], [idequipo], [Nparticipantes]) VALUES (379, 23, 166, 5)
INSERT INTO [EquipoCampeonato] ([id], [idcampeonato], [idequipo], [Nparticipantes]) VALUES (380, 35, 361, 11)
INSERT INTO [EquipoCampeonato] ([id], [idcampeonato], [idequipo], [Nparticipantes]) VALUES (381, 137, 194, 13)
INSERT INTO [EquipoCampeonato] ([id], [idcampeonato], [idequipo], [Nparticipantes]) VALUES (382, 162, 25, 19)
INSERT INTO [EquipoCampeonato] ([id], [idcampeonato], [idequipo], [Nparticipantes]) VALUES (383, 80, 113, 4)
INSERT INTO [EquipoCampeonato] ([id], [idcampeonato], [idequipo], [Nparticipantes]) VALUES (384, 7, 151, 5)
INSERT INTO [EquipoCampeonato] ([id], [idcampeonato], [idequipo], [Nparticipantes]) VALUES (385, 155, 211, 2)
INSERT INTO [EquipoCampeonato] ([id], [idcampeonato], [idequipo], [Nparticipantes]) VALUES (386, 30, 376, 4)
INSERT INTO [EquipoCampeonato] ([id], [idcampeonato], [idequipo], [Nparticipantes]) VALUES (387, 68, 1, 13)
INSERT INTO [EquipoCampeonato] ([id], [idcampeonato], [idequipo], [Nparticipantes]) VALUES (388, 93, 285, 4)
INSERT INTO [EquipoCampeonato] ([id], [idcampeonato], [idequipo], [Nparticipantes]) VALUES (389, 161, 89, 13)
INSERT INTO [EquipoCampeonato] ([id], [idcampeonato], [idequipo], [Nparticipantes]) VALUES (390, 1, 42, 14)
INSERT INTO [EquipoCampeonato] ([id], [idcampeonato], [idequipo], [Nparticipantes]) VALUES (391, 6, 360, 13)
INSERT INTO [EquipoCampeonato] ([id], [idcampeonato], [idequipo], [Nparticipantes]) VALUES (392, 103, 3, 14)
INSERT INTO [EquipoCampeonato] ([id], [idcampeonato], [idequipo], [Nparticipantes]) VALUES (393, 115, 202, 11)
INSERT INTO [EquipoCampeonato] ([id], [idcampeonato], [idequipo], [Nparticipantes]) VALUES (394, 170, 211, 11)
INSERT INTO [EquipoCampeonato] ([id], [idcampeonato], [idequipo], [Nparticipantes]) VALUES (395, 186, 253, 20)
INSERT INTO [EquipoCampeonato] ([id], [idcampeonato], [idequipo], [Nparticipantes]) VALUES (396, 154, 394, 20)
INSERT INTO [EquipoCampeonato] ([id], [idcampeonato], [idequipo], [Nparticipantes]) VALUES (397, 87, 35, 12)
INSERT INTO [EquipoCampeonato] ([id], [idcampeonato], [idequipo], [Nparticipantes]) VALUES (398, 30, 363, 16)
INSERT INTO [EquipoCampeonato] ([id], [idcampeonato], [idequipo], [Nparticipantes]) VALUES (399, 43, 393, 2)
INSERT INTO [EquipoCampeonato] ([id], [idcampeonato], [idequipo], [Nparticipantes]) VALUES (400, 30, 365, 6)
INSERT INTO [EquipoCampeonato] ([id], [idcampeonato], [idequipo], [Nparticipantes]) VALUES (401, 162, 301, 10)
INSERT INTO [EquipoCampeonato] ([id], [idcampeonato], [idequipo], [Nparticipantes]) VALUES (402, 3, 275, 19)
INSERT INTO [EquipoCampeonato] ([id], [idcampeonato], [idequipo], [Nparticipantes]) VALUES (403, 198, 229, 3)
INSERT INTO [EquipoCampeonato] ([id], [idcampeonato], [idequipo], [Nparticipantes]) VALUES (404, 177, 221, 5)
INSERT INTO [EquipoCampeonato] ([id], [idcampeonato], [idequipo], [Nparticipantes]) VALUES (405, 152, 252, 3)
INSERT INTO [EquipoCampeonato] ([id], [idcampeonato], [idequipo], [Nparticipantes]) VALUES (406, 70, 304, 10)
INSERT INTO [EquipoCampeonato] ([id], [idcampeonato], [idequipo], [Nparticipantes]) VALUES (407, 82, 271, 11)
INSERT INTO [EquipoCampeonato] ([id], [idcampeonato], [idequipo], [Nparticipantes]) VALUES (408, 136, 276, 16)
INSERT INTO [EquipoCampeonato] ([id], [idcampeonato], [idequipo], [Nparticipantes]) VALUES (409, 49, 358, 3)
INSERT INTO [EquipoCampeonato] ([id], [idcampeonato], [idequipo], [Nparticipantes]) VALUES (410, 157, 194, 20)
INSERT INTO [EquipoCampeonato] ([id], [idcampeonato], [idequipo], [Nparticipantes]) VALUES (411, 192, 354, 5)
INSERT INTO [EquipoCampeonato] ([id], [idcampeonato], [idequipo], [Nparticipantes]) VALUES (412, 126, 22, 18)
INSERT INTO [EquipoCampeonato] ([id], [idcampeonato], [idequipo], [Nparticipantes]) VALUES (413, 46, 128, 2)
INSERT INTO [EquipoCampeonato] ([id], [idcampeonato], [idequipo], [Nparticipantes]) VALUES (414, 145, 254, 11)
INSERT INTO [EquipoCampeonato] ([id], [idcampeonato], [idequipo], [Nparticipantes]) VALUES (415, 137, 31, 19)
INSERT INTO [EquipoCampeonato] ([id], [idcampeonato], [idequipo], [Nparticipantes]) VALUES (416, 42, 327, 10)
INSERT INTO [EquipoCampeonato] ([id], [idcampeonato], [idequipo], [Nparticipantes]) VALUES (417, 177, 355, 19)
INSERT INTO [EquipoCampeonato] ([id], [idcampeonato], [idequipo], [Nparticipantes]) VALUES (418, 124, 303, 20)
INSERT INTO [EquipoCampeonato] ([id], [idcampeonato], [idequipo], [Nparticipantes]) VALUES (419, 24, 173, 10)
INSERT INTO [EquipoCampeonato] ([id], [idcampeonato], [idequipo], [Nparticipantes]) VALUES (420, 147, 45, 12)
INSERT INTO [EquipoCampeonato] ([id], [idcampeonato], [idequipo], [Nparticipantes]) VALUES (421, 44, 184, 9)
INSERT INTO [EquipoCampeonato] ([id], [idcampeonato], [idequipo], [Nparticipantes]) VALUES (422, 113, 51, 9)
INSERT INTO [EquipoCampeonato] ([id], [idcampeonato], [idequipo], [Nparticipantes]) VALUES (423, 202, 55, 10)
INSERT INTO [EquipoCampeonato] ([id], [idcampeonato], [idequipo], [Nparticipantes]) VALUES (424, 160, 136, 10)
INSERT INTO [EquipoCampeonato] ([id], [idcampeonato], [idequipo], [Nparticipantes]) VALUES (425, 185, 269, 12)
INSERT INTO [EquipoCampeonato] ([id], [idcampeonato], [idequipo], [Nparticipantes]) VALUES (426, 107, 24, 13)
INSERT INTO [EquipoCampeonato] ([id], [idcampeonato], [idequipo], [Nparticipantes]) VALUES (427, 113, 244, 2)
INSERT INTO [EquipoCampeonato] ([id], [idcampeonato], [idequipo], [Nparticipantes]) VALUES (428, 35, 27, 11)
INSERT INTO [EquipoCampeonato] ([id], [idcampeonato], [idequipo], [Nparticipantes]) VALUES (429, 139, 165, 19)
INSERT INTO [EquipoCampeonato] ([id], [idcampeonato], [idequipo], [Nparticipantes]) VALUES (430, 207, 68, 16)
INSERT INTO [EquipoCampeonato] ([id], [idcampeonato], [idequipo], [Nparticipantes]) VALUES (431, 187, 351, 16)
INSERT INTO [EquipoCampeonato] ([id], [idcampeonato], [idequipo], [Nparticipantes]) VALUES (432, 205, 78, 16)
INSERT INTO [EquipoCampeonato] ([id], [idcampeonato], [idequipo], [Nparticipantes]) VALUES (433, 47, 393, 2)
INSERT INTO [EquipoCampeonato] ([id], [idcampeonato], [idequipo], [Nparticipantes]) VALUES (434, 154, 395, 19)
INSERT INTO [EquipoCampeonato] ([id], [idcampeonato], [idequipo], [Nparticipantes]) VALUES (435, 14, 171, 8)
INSERT INTO [EquipoCampeonato] ([id], [idcampeonato], [idequipo], [Nparticipantes]) VALUES (436, 74, 324, 12)
INSERT INTO [EquipoCampeonato] ([id], [idcampeonato], [idequipo], [Nparticipantes]) VALUES (437, 46, 330, 20)
INSERT INTO [EquipoCampeonato] ([id], [idcampeonato], [idequipo], [Nparticipantes]) VALUES (438, 184, 125, 3)
INSERT INTO [EquipoCampeonato] ([id], [idcampeonato], [idequipo], [Nparticipantes]) VALUES (439, 156, 14, 16)
INSERT INTO [EquipoCampeonato] ([id], [idcampeonato], [idequipo], [Nparticipantes]) VALUES (440, 179, 313, 12)
INSERT INTO [EquipoCampeonato] ([id], [idcampeonato], [idequipo], [Nparticipantes]) VALUES (441, 192, 311, 6)
INSERT INTO [EquipoCampeonato] ([id], [idcampeonato], [idequipo], [Nparticipantes]) VALUES (442, 202, 341, 4)
INSERT INTO [EquipoCampeonato] ([id], [idcampeonato], [idequipo], [Nparticipantes]) VALUES (443, 119, 2, 18)
INSERT INTO [EquipoCampeonato] ([id], [idcampeonato], [idequipo], [Nparticipantes]) VALUES (444, 198, 135, 7)
INSERT INTO [EquipoCampeonato] ([id], [idcampeonato], [idequipo], [Nparticipantes]) VALUES (445, 143, 11, 18)
INSERT INTO [EquipoCampeonato] ([id], [idcampeonato], [idequipo], [Nparticipantes]) VALUES (446, 23, 53, 20)
INSERT INTO [EquipoCampeonato] ([id], [idcampeonato], [idequipo], [Nparticipantes]) VALUES (447, 26, 170, 9)
INSERT INTO [EquipoCampeonato] ([id], [idcampeonato], [idequipo], [Nparticipantes]) VALUES (448, 140, 218, 1)
INSERT INTO [EquipoCampeonato] ([id], [idcampeonato], [idequipo], [Nparticipantes]) VALUES (449, 73, 223, 17)
INSERT INTO [EquipoCampeonato] ([id], [idcampeonato], [idequipo], [Nparticipantes]) VALUES (450, 132, 233, 4)
INSERT INTO [EquipoCampeonato] ([id], [idcampeonato], [idequipo], [Nparticipantes]) VALUES (451, 173, 76, 10)
INSERT INTO [EquipoCampeonato] ([id], [idcampeonato], [idequipo], [Nparticipantes]) VALUES (452, 203, 22, 19)
INSERT INTO [EquipoCampeonato] ([id], [idcampeonato], [idequipo], [Nparticipantes]) VALUES (453, 135, 210, 18)
INSERT INTO [EquipoCampeonato] ([id], [idcampeonato], [idequipo], [Nparticipantes]) VALUES (454, 35, 28, 20)
INSERT INTO [EquipoCampeonato] ([id], [idcampeonato], [idequipo], [Nparticipantes]) VALUES (455, 55, 343, 15)
INSERT INTO [EquipoCampeonato] ([id], [idcampeonato], [idequipo], [Nparticipantes]) VALUES (456, 87, 214, 3)
INSERT INTO [EquipoCampeonato] ([id], [idcampeonato], [idequipo], [Nparticipantes]) VALUES (457, 130, 277, 2)
INSERT INTO [EquipoCampeonato] ([id], [idcampeonato], [idequipo], [Nparticipantes]) VALUES (458, 156, 7, 3)
INSERT INTO [EquipoCampeonato] ([id], [idcampeonato], [idequipo], [Nparticipantes]) VALUES (459, 47, 245, 12)
INSERT INTO [EquipoCampeonato] ([id], [idcampeonato], [idequipo], [Nparticipantes]) VALUES (460, 4, 302, 3)
INSERT INTO [EquipoCampeonato] ([id], [idcampeonato], [idequipo], [Nparticipantes]) VALUES (461, 147, 298, 20)
INSERT INTO [EquipoCampeonato] ([id], [idcampeonato], [idequipo], [Nparticipantes]) VALUES (462, 141, 16, 3)
INSERT INTO [EquipoCampeonato] ([id], [idcampeonato], [idequipo], [Nparticipantes]) VALUES (463, 199, 326, 16)
INSERT INTO [EquipoCampeonato] ([id], [idcampeonato], [idequipo], [Nparticipantes]) VALUES (464, 52, 249, 16)
INSERT INTO [EquipoCampeonato] ([id], [idcampeonato], [idequipo], [Nparticipantes]) VALUES (465, 29, 256, 2)
INSERT INTO [EquipoCampeonato] ([id], [idcampeonato], [idequipo], [Nparticipantes]) VALUES (466, 57, 212, 11)
INSERT INTO [EquipoCampeonato] ([id], [idcampeonato], [idequipo], [Nparticipantes]) VALUES (467, 200, 129, 3)
INSERT INTO [EquipoCampeonato] ([id], [idcampeonato], [idequipo], [Nparticipantes]) VALUES (468, 130, 283, 5)
INSERT INTO [EquipoCampeonato] ([id], [idcampeonato], [idequipo], [Nparticipantes]) VALUES (469, 129, 393, 6)
INSERT INTO [EquipoCampeonato] ([id], [idcampeonato], [idequipo], [Nparticipantes]) VALUES (470, 168, 319, 13)
INSERT INTO [EquipoCampeonato] ([id], [idcampeonato], [idequipo], [Nparticipantes]) VALUES (471, 165, 36, 14)
INSERT INTO [EquipoCampeonato] ([id], [idcampeonato], [idequipo], [Nparticipantes]) VALUES (472, 192, 89, 1)
INSERT INTO [EquipoCampeonato] ([id], [idcampeonato], [idequipo], [Nparticipantes]) VALUES (473, 67, 256, 16)
INSERT INTO [EquipoCampeonato] ([id], [idcampeonato], [idequipo], [Nparticipantes]) VALUES (474, 188, 334, 18)
INSERT INTO [EquipoCampeonato] ([id], [idcampeonato], [idequipo], [Nparticipantes]) VALUES (475, 115, 21, 17)
INSERT INTO [EquipoCampeonato] ([id], [idcampeonato], [idequipo], [Nparticipantes]) VALUES (476, 172, 261, 6)
INSERT INTO [EquipoCampeonato] ([id], [idcampeonato], [idequipo], [Nparticipantes]) VALUES (477, 172, 391, 10)
INSERT INTO [EquipoCampeonato] ([id], [idcampeonato], [idequipo], [Nparticipantes]) VALUES (478, 158, 252, 5)
INSERT INTO [EquipoCampeonato] ([id], [idcampeonato], [idequipo], [Nparticipantes]) VALUES (479, 153, 238, 2)
INSERT INTO [EquipoCampeonato] ([id], [idcampeonato], [idequipo], [Nparticipantes]) VALUES (480, 68, 213, 18)
INSERT INTO [EquipoCampeonato] ([id], [idcampeonato], [idequipo], [Nparticipantes]) VALUES (481, 111, 155, 11)
INSERT INTO [EquipoCampeonato] ([id], [idcampeonato], [idequipo], [Nparticipantes]) VALUES (482, 110, 26, 3)
INSERT INTO [EquipoCampeonato] ([id], [idcampeonato], [idequipo], [Nparticipantes]) VALUES (483, 60, 89, 8)
INSERT INTO [EquipoCampeonato] ([id], [idcampeonato], [idequipo], [Nparticipantes]) VALUES (484, 203, 342, 1)
INSERT INTO [EquipoCampeonato] ([id], [idcampeonato], [idequipo], [Nparticipantes]) VALUES (485, 3, 296, 20)
INSERT INTO [EquipoCampeonato] ([id], [idcampeonato], [idequipo], [Nparticipantes]) VALUES (486, 97, 31, 19)
INSERT INTO [EquipoCampeonato] ([id], [idcampeonato], [idequipo], [Nparticipantes]) VALUES (487, 186, 370, 6)
INSERT INTO [EquipoCampeonato] ([id], [idcampeonato], [idequipo], [Nparticipantes]) VALUES (488, 31, 55, 3)
INSERT INTO [EquipoCampeonato] ([id], [idcampeonato], [idequipo], [Nparticipantes]) VALUES (489, 69, 305, 16)
INSERT INTO [EquipoCampeonato] ([id], [idcampeonato], [idequipo], [Nparticipantes]) VALUES (490, 48, 356, 17)
INSERT INTO [EquipoCampeonato] ([id], [idcampeonato], [idequipo], [Nparticipantes]) VALUES (491, 102, 150, 8)
INSERT INTO [EquipoCampeonato] ([id], [idcampeonato], [idequipo], [Nparticipantes]) VALUES (492, 40, 314, 7)
INSERT INTO [EquipoCampeonato] ([id], [idcampeonato], [idequipo], [Nparticipantes]) VALUES (493, 113, 214, 15)
INSERT INTO [EquipoCampeonato] ([id], [idcampeonato], [idequipo], [Nparticipantes]) VALUES (494, 198, 89, 8)
INSERT INTO [EquipoCampeonato] ([id], [idcampeonato], [idequipo], [Nparticipantes]) VALUES (495, 16, 286, 8)
INSERT INTO [EquipoCampeonato] ([id], [idcampeonato], [idequipo], [Nparticipantes]) VALUES (496, 156, 277, 13)
INSERT INTO [EquipoCampeonato] ([id], [idcampeonato], [idequipo], [Nparticipantes]) VALUES (497, 110, 342, 3)
INSERT INTO [EquipoCampeonato] ([id], [idcampeonato], [idequipo], [Nparticipantes]) VALUES (498, 67, 199, 17)
INSERT INTO [EquipoCampeonato] ([id], [idcampeonato], [idequipo], [Nparticipantes]) VALUES (499, 119, 370, 6)
INSERT INTO [EquipoCampeonato] ([id], [idcampeonato], [idequipo], [Nparticipantes]) VALUES (500, 214, 27, 3)
INSERT INTO [EquipoCampeonato] ([id], [idcampeonato], [idequipo], [Nparticipantes]) VALUES (501, 32, 209, 10)
INSERT INTO [EquipoCampeonato] ([id], [idcampeonato], [idequipo], [Nparticipantes]) VALUES (502, 98, 269, 20)
INSERT INTO [EquipoCampeonato] ([id], [idcampeonato], [idequipo], [Nparticipantes]) VALUES (503, 62, 188, 3)
INSERT INTO [EquipoCampeonato] ([id], [idcampeonato], [idequipo], [Nparticipantes]) VALUES (504, 42, 163, 20)
INSERT INTO [EquipoCampeonato] ([id], [idcampeonato], [idequipo], [Nparticipantes]) VALUES (505, 53, 212, 17)
INSERT INTO [EquipoCampeonato] ([id], [idcampeonato], [idequipo], [Nparticipantes]) VALUES (506, 35, 288, 16)
INSERT INTO [EquipoCampeonato] ([id], [idcampeonato], [idequipo], [Nparticipantes]) VALUES (507, 126, 178, 20)
INSERT INTO [EquipoCampeonato] ([id], [idcampeonato], [idequipo], [Nparticipantes]) VALUES (508, 54, 74, 13)
INSERT INTO [EquipoCampeonato] ([id], [idcampeonato], [idequipo], [Nparticipantes]) VALUES (509, 158, 313, 9)
INSERT INTO [EquipoCampeonato] ([id], [idcampeonato], [idequipo], [Nparticipantes]) VALUES (510, 42, 144, 8)
INSERT INTO [EquipoCampeonato] ([id], [idcampeonato], [idequipo], [Nparticipantes]) VALUES (511, 145, 154, 9)
INSERT INTO [EquipoCampeonato] ([id], [idcampeonato], [idequipo], [Nparticipantes]) VALUES (512, 215, 222, 11)
INSERT INTO [EquipoCampeonato] ([id], [idcampeonato], [idequipo], [Nparticipantes]) VALUES (513, 57, 150, 16)
INSERT INTO [EquipoCampeonato] ([id], [idcampeonato], [idequipo], [Nparticipantes]) VALUES (514, 4, 172, 4)
INSERT INTO [EquipoCampeonato] ([id], [idcampeonato], [idequipo], [Nparticipantes]) VALUES (515, 202, 179, 3)
INSERT INTO [EquipoCampeonato] ([id], [idcampeonato], [idequipo], [Nparticipantes]) VALUES (516, 51, 128, 11)
INSERT INTO [EquipoCampeonato] ([id], [idcampeonato], [idequipo], [Nparticipantes]) VALUES (517, 81, 117, 6)
INSERT INTO [EquipoCampeonato] ([id], [idcampeonato], [idequipo], [Nparticipantes]) VALUES (518, 206, 41, 4)
INSERT INTO [EquipoCampeonato] ([id], [idcampeonato], [idequipo], [Nparticipantes]) VALUES (519, 164, 93, 16)
INSERT INTO [EquipoCampeonato] ([id], [idcampeonato], [idequipo], [Nparticipantes]) VALUES (520, 4, 265, 16)
INSERT INTO [EquipoCampeonato] ([id], [idcampeonato], [idequipo], [Nparticipantes]) VALUES (521, 206, 373, 4)
INSERT INTO [EquipoCampeonato] ([id], [idcampeonato], [idequipo], [Nparticipantes]) VALUES (522, 85, 101, 7)
INSERT INTO [EquipoCampeonato] ([id], [idcampeonato], [idequipo], [Nparticipantes]) VALUES (523, 213, 392, 2)
INSERT INTO [EquipoCampeonato] ([id], [idcampeonato], [idequipo], [Nparticipantes]) VALUES (524, 150, 145, 3)
INSERT INTO [EquipoCampeonato] ([id], [idcampeonato], [idequipo], [Nparticipantes]) VALUES (525, 123, 355, 9)
INSERT INTO [EquipoCampeonato] ([id], [idcampeonato], [idequipo], [Nparticipantes]) VALUES (526, 95, 250, 8)
INSERT INTO [EquipoCampeonato] ([id], [idcampeonato], [idequipo], [Nparticipantes]) VALUES (527, 117, 389, 2)
INSERT INTO [EquipoCampeonato] ([id], [idcampeonato], [idequipo], [Nparticipantes]) VALUES (528, 11, 36, 10)
INSERT INTO [EquipoCampeonato] ([id], [idcampeonato], [idequipo], [Nparticipantes]) VALUES (529, 66, 233, 17)
INSERT INTO [EquipoCampeonato] ([id], [idcampeonato], [idequipo], [Nparticipantes]) VALUES (530, 208, 291, 20)
INSERT INTO [EquipoCampeonato] ([id], [idcampeonato], [idequipo], [Nparticipantes]) VALUES (531, 117, 11, 10)
INSERT INTO [EquipoCampeonato] ([id], [idcampeonato], [idequipo], [Nparticipantes]) VALUES (532, 165, 47, 7)
INSERT INTO [EquipoCampeonato] ([id], [idcampeonato], [idequipo], [Nparticipantes]) VALUES (533, 202, 101, 1)
INSERT INTO [EquipoCampeonato] ([id], [idcampeonato], [idequipo], [Nparticipantes]) VALUES (534, 98, 337, 6)
INSERT INTO [EquipoCampeonato] ([id], [idcampeonato], [idequipo], [Nparticipantes]) VALUES (535, 141, 191, 18)
INSERT INTO [EquipoCampeonato] ([id], [idcampeonato], [idequipo], [Nparticipantes]) VALUES (536, 112, 377, 19)
INSERT INTO [EquipoCampeonato] ([id], [idcampeonato], [idequipo], [Nparticipantes]) VALUES (537, 159, 89, 12)
INSERT INTO [EquipoCampeonato] ([id], [idcampeonato], [idequipo], [Nparticipantes]) VALUES (538, 181, 324, 19)
INSERT INTO [EquipoCampeonato] ([id], [idcampeonato], [idequipo], [Nparticipantes]) VALUES (539, 114, 64, 8)
INSERT INTO [EquipoCampeonato] ([id], [idcampeonato], [idequipo], [Nparticipantes]) VALUES (540, 95, 200, 8)
INSERT INTO [EquipoCampeonato] ([id], [idcampeonato], [idequipo], [Nparticipantes]) VALUES (541, 120, 50, 14)
INSERT INTO [EquipoCampeonato] ([id], [idcampeonato], [idequipo], [Nparticipantes]) VALUES (542, 150, 246, 20)
INSERT INTO [EquipoCampeonato] ([id], [idcampeonato], [idequipo], [Nparticipantes]) VALUES (543, 19, 91, 5)
INSERT INTO [EquipoCampeonato] ([id], [idcampeonato], [idequipo], [Nparticipantes]) VALUES (544, 206, 370, 13)
INSERT INTO [EquipoCampeonato] ([id], [idcampeonato], [idequipo], [Nparticipantes]) VALUES (545, 3, 191, 8)
INSERT INTO [EquipoCampeonato] ([id], [idcampeonato], [idequipo], [Nparticipantes]) VALUES (546, 71, 214, 13)
INSERT INTO [EquipoCampeonato] ([id], [idcampeonato], [idequipo], [Nparticipantes]) VALUES (547, 81, 107, 19)
INSERT INTO [EquipoCampeonato] ([id], [idcampeonato], [idequipo], [Nparticipantes]) VALUES (548, 115, 99, 13)
INSERT INTO [EquipoCampeonato] ([id], [idcampeonato], [idequipo], [Nparticipantes]) VALUES (549, 194, 204, 19)
INSERT INTO [EquipoCampeonato] ([id], [idcampeonato], [idequipo], [Nparticipantes]) VALUES (550, 205, 393, 7)
INSERT INTO [EquipoCampeonato] ([id], [idcampeonato], [idequipo], [Nparticipantes]) VALUES (551, 211, 373, 19)
INSERT INTO [EquipoCampeonato] ([id], [idcampeonato], [idequipo], [Nparticipantes]) VALUES (552, 47, 20, 8)
INSERT INTO [EquipoCampeonato] ([id], [idcampeonato], [idequipo], [Nparticipantes]) VALUES (553, 122, 132, 9)
INSERT INTO [EquipoCampeonato] ([id], [idcampeonato], [idequipo], [Nparticipantes]) VALUES (554, 106, 341, 2)
INSERT INTO [EquipoCampeonato] ([id], [idcampeonato], [idequipo], [Nparticipantes]) VALUES (555, 204, 92, 11)
INSERT INTO [EquipoCampeonato] ([id], [idcampeonato], [idequipo], [Nparticipantes]) VALUES (556, 46, 271, 17)
INSERT INTO [EquipoCampeonato] ([id], [idcampeonato], [idequipo], [Nparticipantes]) VALUES (557, 54, 324, 2)
INSERT INTO [EquipoCampeonato] ([id], [idcampeonato], [idequipo], [Nparticipantes]) VALUES (558, 1, 205, 13)
INSERT INTO [EquipoCampeonato] ([id], [idcampeonato], [idequipo], [Nparticipantes]) VALUES (559, 204, 58, 15)
INSERT INTO [EquipoCampeonato] ([id], [idcampeonato], [idequipo], [Nparticipantes]) VALUES (560, 85, 229, 8)
INSERT INTO [EquipoCampeonato] ([id], [idcampeonato], [idequipo], [Nparticipantes]) VALUES (561, 8, 346, 3)
INSERT INTO [EquipoCampeonato] ([id], [idcampeonato], [idequipo], [Nparticipantes]) VALUES (562, 124, 366, 8)
INSERT INTO [EquipoCampeonato] ([id], [idcampeonato], [idequipo], [Nparticipantes]) VALUES (563, 21, 138, 11)
INSERT INTO [EquipoCampeonato] ([id], [idcampeonato], [idequipo], [Nparticipantes]) VALUES (564, 87, 285, 9)
INSERT INTO [EquipoCampeonato] ([id], [idcampeonato], [idequipo], [Nparticipantes]) VALUES (565, 34, 296, 8)
INSERT INTO [EquipoCampeonato] ([id], [idcampeonato], [idequipo], [Nparticipantes]) VALUES (566, 170, 199, 2)
INSERT INTO [EquipoCampeonato] ([id], [idcampeonato], [idequipo], [Nparticipantes]) VALUES (567, 6, 300, 3)
INSERT INTO [EquipoCampeonato] ([id], [idcampeonato], [idequipo], [Nparticipantes]) VALUES (568, 23, 184, 18)
INSERT INTO [EquipoCampeonato] ([id], [idcampeonato], [idequipo], [Nparticipantes]) VALUES (569, 208, 197, 6)
INSERT INTO [EquipoCampeonato] ([id], [idcampeonato], [idequipo], [Nparticipantes]) VALUES (570, 9, 13, 16)
INSERT INTO [EquipoCampeonato] ([id], [idcampeonato], [idequipo], [Nparticipantes]) VALUES (571, 99, 5, 3)
INSERT INTO [EquipoCampeonato] ([id], [idcampeonato], [idequipo], [Nparticipantes]) VALUES (572, 114, 67, 15)
INSERT INTO [EquipoCampeonato] ([id], [idcampeonato], [idequipo], [Nparticipantes]) VALUES (573, 74, 290, 18)
INSERT INTO [EquipoCampeonato] ([id], [idcampeonato], [idequipo], [Nparticipantes]) VALUES (574, 190, 230, 14)
INSERT INTO [EquipoCampeonato] ([id], [idcampeonato], [idequipo], [Nparticipantes]) VALUES (575, 9, 86, 19)
INSERT INTO [EquipoCampeonato] ([id], [idcampeonato], [idequipo], [Nparticipantes]) VALUES (576, 68, 163, 18)
INSERT INTO [EquipoCampeonato] ([id], [idcampeonato], [idequipo], [Nparticipantes]) VALUES (577, 48, 8, 19)
INSERT INTO [EquipoCampeonato] ([id], [idcampeonato], [idequipo], [Nparticipantes]) VALUES (578, 39, 263, 1)
INSERT INTO [EquipoCampeonato] ([id], [idcampeonato], [idequipo], [Nparticipantes]) VALUES (579, 147, 213, 14)
INSERT INTO [EquipoCampeonato] ([id], [idcampeonato], [idequipo], [Nparticipantes]) VALUES (580, 66, 58, 4)
INSERT INTO [EquipoCampeonato] ([id], [idcampeonato], [idequipo], [Nparticipantes]) VALUES (581, 98, 289, 1)
INSERT INTO [EquipoCampeonato] ([id], [idcampeonato], [idequipo], [Nparticipantes]) VALUES (582, 10, 104, 17)
INSERT INTO [EquipoCampeonato] ([id], [idcampeonato], [idequipo], [Nparticipantes]) VALUES (583, 150, 302, 4)
INSERT INTO [EquipoCampeonato] ([id], [idcampeonato], [idequipo], [Nparticipantes]) VALUES (584, 13, 177, 4)
INSERT INTO [EquipoCampeonato] ([id], [idcampeonato], [idequipo], [Nparticipantes]) VALUES (585, 76, 261, 13)
INSERT INTO [EquipoCampeonato] ([id], [idcampeonato], [idequipo], [Nparticipantes]) VALUES (586, 18, 364, 12)
INSERT INTO [EquipoCampeonato] ([id], [idcampeonato], [idequipo], [Nparticipantes]) VALUES (587, 75, 88, 3)
INSERT INTO [EquipoCampeonato] ([id], [idcampeonato], [idequipo], [Nparticipantes]) VALUES (588, 177, 158, 10)
INSERT INTO [EquipoCampeonato] ([id], [idcampeonato], [idequipo], [Nparticipantes]) VALUES (589, 42, 333, 10)
INSERT INTO [EquipoCampeonato] ([id], [idcampeonato], [idequipo], [Nparticipantes]) VALUES (590, 89, 91, 5)
INSERT INTO [EquipoCampeonato] ([id], [idcampeonato], [idequipo], [Nparticipantes]) VALUES (591, 190, 6, 20)
INSERT INTO [EquipoCampeonato] ([id], [idcampeonato], [idequipo], [Nparticipantes]) VALUES (592, 147, 296, 7)
INSERT INTO [EquipoCampeonato] ([id], [idcampeonato], [idequipo], [Nparticipantes]) VALUES (593, 45, 206, 7)
INSERT INTO [EquipoCampeonato] ([id], [idcampeonato], [idequipo], [Nparticipantes]) VALUES (594, 194, 390, 15)
INSERT INTO [EquipoCampeonato] ([id], [idcampeonato], [idequipo], [Nparticipantes]) VALUES (595, 73, 58, 17)
INSERT INTO [EquipoCampeonato] ([id], [idcampeonato], [idequipo], [Nparticipantes]) VALUES (596, 19, 371, 20)
INSERT INTO [EquipoCampeonato] ([id], [idcampeonato], [idequipo], [Nparticipantes]) VALUES (597, 127, 110, 15)
INSERT INTO [EquipoCampeonato] ([id], [idcampeonato], [idequipo], [Nparticipantes]) VALUES (598, 111, 149, 6)
INSERT INTO [EquipoCampeonato] ([id], [idcampeonato], [idequipo], [Nparticipantes]) VALUES (599, 77, 317, 9)
INSERT INTO [EquipoCampeonato] ([id], [idcampeonato], [idequipo], [Nparticipantes]) VALUES (600, 59, 83, 2)
INSERT INTO [EquipoCampeonato] ([id], [idcampeonato], [idequipo], [Nparticipantes]) VALUES (601, 124, 40, 19)
INSERT INTO [EquipoCampeonato] ([id], [idcampeonato], [idequipo], [Nparticipantes]) VALUES (602, 199, 293, 8)
INSERT INTO [EquipoCampeonato] ([id], [idcampeonato], [idequipo], [Nparticipantes]) VALUES (603, 74, 294, 7)
INSERT INTO [EquipoCampeonato] ([id], [idcampeonato], [idequipo], [Nparticipantes]) VALUES (604, 103, 129, 4)
INSERT INTO [EquipoCampeonato] ([id], [idcampeonato], [idequipo], [Nparticipantes]) VALUES (605, 204, 70, 11)
INSERT INTO [EquipoCampeonato] ([id], [idcampeonato], [idequipo], [Nparticipantes]) VALUES (606, 105, 267, 4)
INSERT INTO [EquipoCampeonato] ([id], [idcampeonato], [idequipo], [Nparticipantes]) VALUES (607, 103, 250, 6)
INSERT INTO [EquipoCampeonato] ([id], [idcampeonato], [idequipo], [Nparticipantes]) VALUES (608, 193, 217, 15)
INSERT INTO [EquipoCampeonato] ([id], [idcampeonato], [idequipo], [Nparticipantes]) VALUES (609, 64, 221, 6)
INSERT INTO [EquipoCampeonato] ([id], [idcampeonato], [idequipo], [Nparticipantes]) VALUES (610, 58, 215, 19)
INSERT INTO [EquipoCampeonato] ([id], [idcampeonato], [idequipo], [Nparticipantes]) VALUES (611, 212, 97, 12)
INSERT INTO [EquipoCampeonato] ([id], [idcampeonato], [idequipo], [Nparticipantes]) VALUES (612, 119, 25, 6)
INSERT INTO [EquipoCampeonato] ([id], [idcampeonato], [idequipo], [Nparticipantes]) VALUES (613, 184, 43, 16)
INSERT INTO [EquipoCampeonato] ([id], [idcampeonato], [idequipo], [Nparticipantes]) VALUES (614, 64, 310, 3)
INSERT INTO [EquipoCampeonato] ([id], [idcampeonato], [idequipo], [Nparticipantes]) VALUES (615, 161, 132, 9)
INSERT INTO [EquipoCampeonato] ([id], [idcampeonato], [idequipo], [Nparticipantes]) VALUES (616, 161, 131, 8)
INSERT INTO [EquipoCampeonato] ([id], [idcampeonato], [idequipo], [Nparticipantes]) VALUES (617, 4, 303, 1)
INSERT INTO [EquipoCampeonato] ([id], [idcampeonato], [idequipo], [Nparticipantes]) VALUES (618, 165, 298, 18)
INSERT INTO [EquipoCampeonato] ([id], [idcampeonato], [idequipo], [Nparticipantes]) VALUES (619, 56, 125, 12)
INSERT INTO [EquipoCampeonato] ([id], [idcampeonato], [idequipo], [Nparticipantes]) VALUES (620, 37, 296, 19)
INSERT INTO [EquipoCampeonato] ([id], [idcampeonato], [idequipo], [Nparticipantes]) VALUES (621, 64, 361, 13)
INSERT INTO [EquipoCampeonato] ([id], [idcampeonato], [idequipo], [Nparticipantes]) VALUES (623, 167, 304, 7)
INSERT INTO [EquipoCampeonato] ([id], [idcampeonato], [idequipo], [Nparticipantes]) VALUES (624, 69, 93, 17)
INSERT INTO [EquipoCampeonato] ([id], [idcampeonato], [idequipo], [Nparticipantes]) VALUES (625, 60, 324, 16)
INSERT INTO [EquipoCampeonato] ([id], [idcampeonato], [idequipo], [Nparticipantes]) VALUES (626, 171, 264, 17)
INSERT INTO [EquipoCampeonato] ([id], [idcampeonato], [idequipo], [Nparticipantes]) VALUES (627, 212, 4, 5)
INSERT INTO [EquipoCampeonato] ([id], [idcampeonato], [idequipo], [Nparticipantes]) VALUES (628, 112, 247, 4)
INSERT INTO [EquipoCampeonato] ([id], [idcampeonato], [idequipo], [Nparticipantes]) VALUES (629, 15, 366, 5)
INSERT INTO [EquipoCampeonato] ([id], [idcampeonato], [idequipo], [Nparticipantes]) VALUES (630, 80, 323, 4)
INSERT INTO [EquipoCampeonato] ([id], [idcampeonato], [idequipo], [Nparticipantes]) VALUES (631, 4, 118, 10)
INSERT INTO [EquipoCampeonato] ([id], [idcampeonato], [idequipo], [Nparticipantes]) VALUES (632, 176, 348, 8)
INSERT INTO [EquipoCampeonato] ([id], [idcampeonato], [idequipo], [Nparticipantes]) VALUES (633, 141, 229, 13)
INSERT INTO [EquipoCampeonato] ([id], [idcampeonato], [idequipo], [Nparticipantes]) VALUES (634, 103, 358, 15)
INSERT INTO [EquipoCampeonato] ([id], [idcampeonato], [idequipo], [Nparticipantes]) VALUES (635, 152, 309, 19)
INSERT INTO [EquipoCampeonato] ([id], [idcampeonato], [idequipo], [Nparticipantes]) VALUES (636, 9, 181, 4)
INSERT INTO [EquipoCampeonato] ([id], [idcampeonato], [idequipo], [Nparticipantes]) VALUES (637, 43, 334, 10)
INSERT INTO [EquipoCampeonato] ([id], [idcampeonato], [idequipo], [Nparticipantes]) VALUES (638, 75, 342, 20)
INSERT INTO [EquipoCampeonato] ([id], [idcampeonato], [idequipo], [Nparticipantes]) VALUES (639, 121, 88, 5)
INSERT INTO [EquipoCampeonato] ([id], [idcampeonato], [idequipo], [Nparticipantes]) VALUES (640, 211, 338, 5)
INSERT INTO [EquipoCampeonato] ([id], [idcampeonato], [idequipo], [Nparticipantes]) VALUES (641, 169, 283, 19)
INSERT INTO [EquipoCampeonato] ([id], [idcampeonato], [idequipo], [Nparticipantes]) VALUES (642, 147, 111, 19)
INSERT INTO [EquipoCampeonato] ([id], [idcampeonato], [idequipo], [Nparticipantes]) VALUES (643, 130, 236, 12)
INSERT INTO [EquipoCampeonato] ([id], [idcampeonato], [idequipo], [Nparticipantes]) VALUES (644, 17, 145, 1)
INSERT INTO [EquipoCampeonato] ([id], [idcampeonato], [idequipo], [Nparticipantes]) VALUES (645, 196, 275, 10)
INSERT INTO [EquipoCampeonato] ([id], [idcampeonato], [idequipo], [Nparticipantes]) VALUES (646, 151, 269, 1)
INSERT INTO [EquipoCampeonato] ([id], [idcampeonato], [idequipo], [Nparticipantes]) VALUES (647, 183, 231, 1)
INSERT INTO [EquipoCampeonato] ([id], [idcampeonato], [idequipo], [Nparticipantes]) VALUES (648, 211, 290, 17)
INSERT INTO [EquipoCampeonato] ([id], [idcampeonato], [idequipo], [Nparticipantes]) VALUES (649, 5, 301, 3)
INSERT INTO [EquipoCampeonato] ([id], [idcampeonato], [idequipo], [Nparticipantes]) VALUES (650, 140, 60, 16)
INSERT INTO [EquipoCampeonato] ([id], [idcampeonato], [idequipo], [Nparticipantes]) VALUES (651, 144, 257, 19)
INSERT INTO [EquipoCampeonato] ([id], [idcampeonato], [idequipo], [Nparticipantes]) VALUES (652, 204, 86, 11)
INSERT INTO [EquipoCampeonato] ([id], [idcampeonato], [idequipo], [Nparticipantes]) VALUES (653, 113, 47, 3)
INSERT INTO [EquipoCampeonato] ([id], [idcampeonato], [idequipo], [Nparticipantes]) VALUES (654, 166, 195, 18)
INSERT INTO [EquipoCampeonato] ([id], [idcampeonato], [idequipo], [Nparticipantes]) VALUES (655, 145, 249, 18)
INSERT INTO [EquipoCampeonato] ([id], [idcampeonato], [idequipo], [Nparticipantes]) VALUES (656, 164, 48, 8)
INSERT INTO [EquipoCampeonato] ([id], [idcampeonato], [idequipo], [Nparticipantes]) VALUES (657, 33, 25, 4)
INSERT INTO [EquipoCampeonato] ([id], [idcampeonato], [idequipo], [Nparticipantes]) VALUES (658, 181, 80, 1)
INSERT INTO [EquipoCampeonato] ([id], [idcampeonato], [idequipo], [Nparticipantes]) VALUES (659, 174, 274, 9)
INSERT INTO [EquipoCampeonato] ([id], [idcampeonato], [idequipo], [Nparticipantes]) VALUES (660, 39, 233, 20)
INSERT INTO [EquipoCampeonato] ([id], [idcampeonato], [idequipo], [Nparticipantes]) VALUES (661, 114, 59, 19)
INSERT INTO [EquipoCampeonato] ([id], [idcampeonato], [idequipo], [Nparticipantes]) VALUES (662, 185, 382, 20)
INSERT INTO [EquipoCampeonato] ([id], [idcampeonato], [idequipo], [Nparticipantes]) VALUES (663, 138, 48, 19)
INSERT INTO [EquipoCampeonato] ([id], [idcampeonato], [idequipo], [Nparticipantes]) VALUES (664, 164, 309, 3)
INSERT INTO [EquipoCampeonato] ([id], [idcampeonato], [idequipo], [Nparticipantes]) VALUES (665, 185, 189, 2)
INSERT INTO [EquipoCampeonato] ([id], [idcampeonato], [idequipo], [Nparticipantes]) VALUES (666, 110, 352, 4)
INSERT INTO [EquipoCampeonato] ([id], [idcampeonato], [idequipo], [Nparticipantes]) VALUES (667, 1, 310, 19)
INSERT INTO [EquipoCampeonato] ([id], [idcampeonato], [idequipo], [Nparticipantes]) VALUES (668, 97, 253, 6)
INSERT INTO [EquipoCampeonato] ([id], [idcampeonato], [idequipo], [Nparticipantes]) VALUES (669, 167, 27, 9)
INSERT INTO [EquipoCampeonato] ([id], [idcampeonato], [idequipo], [Nparticipantes]) VALUES (670, 85, 36, 7)
INSERT INTO [EquipoCampeonato] ([id], [idcampeonato], [idequipo], [Nparticipantes]) VALUES (671, 92, 96, 12)
INSERT INTO [EquipoCampeonato] ([id], [idcampeonato], [idequipo], [Nparticipantes]) VALUES (672, 20, 46, 10)
INSERT INTO [EquipoCampeonato] ([id], [idcampeonato], [idequipo], [Nparticipantes]) VALUES (673, 131, 190, 12)
INSERT INTO [EquipoCampeonato] ([id], [idcampeonato], [idequipo], [Nparticipantes]) VALUES (674, 89, 105, 8)
INSERT INTO [EquipoCampeonato] ([id], [idcampeonato], [idequipo], [Nparticipantes]) VALUES (675, 132, 117, 6)
INSERT INTO [EquipoCampeonato] ([id], [idcampeonato], [idequipo], [Nparticipantes]) VALUES (676, 36, 312, 9)
INSERT INTO [EquipoCampeonato] ([id], [idcampeonato], [idequipo], [Nparticipantes]) VALUES (677, 74, 299, 20)
INSERT INTO [EquipoCampeonato] ([id], [idcampeonato], [idequipo], [Nparticipantes]) VALUES (678, 11, 343, 1)
INSERT INTO [EquipoCampeonato] ([id], [idcampeonato], [idequipo], [Nparticipantes]) VALUES (679, 122, 279, 12)
INSERT INTO [EquipoCampeonato] ([id], [idcampeonato], [idequipo], [Nparticipantes]) VALUES (680, 193, 177, 8)
INSERT INTO [EquipoCampeonato] ([id], [idcampeonato], [idequipo], [Nparticipantes]) VALUES (681, 77, 37, 10)
INSERT INTO [EquipoCampeonato] ([id], [idcampeonato], [idequipo], [Nparticipantes]) VALUES (682, 112, 37, 8)
INSERT INTO [EquipoCampeonato] ([id], [idcampeonato], [idequipo], [Nparticipantes]) VALUES (683, 65, 47, 15)
INSERT INTO [EquipoCampeonato] ([id], [idcampeonato], [idequipo], [Nparticipantes]) VALUES (684, 117, 223, 13)
INSERT INTO [EquipoCampeonato] ([id], [idcampeonato], [idequipo], [Nparticipantes]) VALUES (685, 8, 107, 16)
INSERT INTO [EquipoCampeonato] ([id], [idcampeonato], [idequipo], [Nparticipantes]) VALUES (686, 152, 147, 10)
INSERT INTO [EquipoCampeonato] ([id], [idcampeonato], [idequipo], [Nparticipantes]) VALUES (687, 74, 133, 20)
INSERT INTO [EquipoCampeonato] ([id], [idcampeonato], [idequipo], [Nparticipantes]) VALUES (688, 215, 207, 5)
INSERT INTO [EquipoCampeonato] ([id], [idcampeonato], [idequipo], [Nparticipantes]) VALUES (689, 128, 361, 11)
INSERT INTO [EquipoCampeonato] ([id], [idcampeonato], [idequipo], [Nparticipantes]) VALUES (690, 56, 140, 1)
INSERT INTO [EquipoCampeonato] ([id], [idcampeonato], [idequipo], [Nparticipantes]) VALUES (691, 175, 12, 14)
INSERT INTO [EquipoCampeonato] ([id], [idcampeonato], [idequipo], [Nparticipantes]) VALUES (692, 115, 173, 16)
INSERT INTO [EquipoCampeonato] ([id], [idcampeonato], [idequipo], [Nparticipantes]) VALUES (693, 207, 221, 20)
INSERT INTO [EquipoCampeonato] ([id], [idcampeonato], [idequipo], [Nparticipantes]) VALUES (694, 118, 353, 20)
INSERT INTO [EquipoCampeonato] ([id], [idcampeonato], [idequipo], [Nparticipantes]) VALUES (695, 119, 211, 10)
INSERT INTO [EquipoCampeonato] ([id], [idcampeonato], [idequipo], [Nparticipantes]) VALUES (696, 72, 52, 8)
INSERT INTO [EquipoCampeonato] ([id], [idcampeonato], [idequipo], [Nparticipantes]) VALUES (697, 39, 358, 4)
INSERT INTO [EquipoCampeonato] ([id], [idcampeonato], [idequipo], [Nparticipantes]) VALUES (698, 99, 91, 19)
INSERT INTO [EquipoCampeonato] ([id], [idcampeonato], [idequipo], [Nparticipantes]) VALUES (699, 21, 81, 18)
INSERT INTO [EquipoCampeonato] ([id], [idcampeonato], [idequipo], [Nparticipantes]) VALUES (700, 206, 56, 12)
INSERT INTO [EquipoCampeonato] ([id], [idcampeonato], [idequipo], [Nparticipantes]) VALUES (701, 175, 110, 16)
INSERT INTO [EquipoCampeonato] ([id], [idcampeonato], [idequipo], [Nparticipantes]) VALUES (702, 50, 257, 4)
INSERT INTO [EquipoCampeonato] ([id], [idcampeonato], [idequipo], [Nparticipantes]) VALUES (703, 183, 386, 12)
INSERT INTO [EquipoCampeonato] ([id], [idcampeonato], [idequipo], [Nparticipantes]) VALUES (704, 138, 11, 3)
INSERT INTO [EquipoCampeonato] ([id], [idcampeonato], [idequipo], [Nparticipantes]) VALUES (705, 185, 215, 12)
INSERT INTO [EquipoCampeonato] ([id], [idcampeonato], [idequipo], [Nparticipantes]) VALUES (706, 50, 228, 19)
INSERT INTO [EquipoCampeonato] ([id], [idcampeonato], [idequipo], [Nparticipantes]) VALUES (707, 66, 303, 5)
INSERT INTO [EquipoCampeonato] ([id], [idcampeonato], [idequipo], [Nparticipantes]) VALUES (708, 4, 87, 20)
INSERT INTO [EquipoCampeonato] ([id], [idcampeonato], [idequipo], [Nparticipantes]) VALUES (709, 149, 247, 8)
INSERT INTO [EquipoCampeonato] ([id], [idcampeonato], [idequipo], [Nparticipantes]) VALUES (710, 30, 299, 9)
INSERT INTO [EquipoCampeonato] ([id], [idcampeonato], [idequipo], [Nparticipantes]) VALUES (711, 40, 99, 15)
INSERT INTO [EquipoCampeonato] ([id], [idcampeonato], [idequipo], [Nparticipantes]) VALUES (712, 125, 346, 19)
INSERT INTO [EquipoCampeonato] ([id], [idcampeonato], [idequipo], [Nparticipantes]) VALUES (713, 210, 144, 18)
INSERT INTO [EquipoCampeonato] ([id], [idcampeonato], [idequipo], [Nparticipantes]) VALUES (714, 155, 141, 2)
INSERT INTO [EquipoCampeonato] ([id], [idcampeonato], [idequipo], [Nparticipantes]) VALUES (715, 190, 79, 7)
INSERT INTO [EquipoCampeonato] ([id], [idcampeonato], [idequipo], [Nparticipantes]) VALUES (716, 4, 187, 4)
INSERT INTO [EquipoCampeonato] ([id], [idcampeonato], [idequipo], [Nparticipantes]) VALUES (717, 109, 278, 11)
INSERT INTO [EquipoCampeonato] ([id], [idcampeonato], [idequipo], [Nparticipantes]) VALUES (718, 33, 69, 6)
INSERT INTO [EquipoCampeonato] ([id], [idcampeonato], [idequipo], [Nparticipantes]) VALUES (719, 86, 248, 11)
INSERT INTO [EquipoCampeonato] ([id], [idcampeonato], [idequipo], [Nparticipantes]) VALUES (720, 165, 378, 3)
INSERT INTO [EquipoCampeonato] ([id], [idcampeonato], [idequipo], [Nparticipantes]) VALUES (721, 26, 188, 9)
INSERT INTO [EquipoCampeonato] ([id], [idcampeonato], [idequipo], [Nparticipantes]) VALUES (722, 47, 343, 12)
INSERT INTO [EquipoCampeonato] ([id], [idcampeonato], [idequipo], [Nparticipantes]) VALUES (723, 61, 210, 7)
INSERT INTO [EquipoCampeonato] ([id], [idcampeonato], [idequipo], [Nparticipantes]) VALUES (724, 80, 5, 17)
INSERT INTO [EquipoCampeonato] ([id], [idcampeonato], [idequipo], [Nparticipantes]) VALUES (725, 155, 360, 14)
INSERT INTO [EquipoCampeonato] ([id], [idcampeonato], [idequipo], [Nparticipantes]) VALUES (726, 4, 122, 18)
INSERT INTO [EquipoCampeonato] ([id], [idcampeonato], [idequipo], [Nparticipantes]) VALUES (727, 215, 346, 5)
INSERT INTO [EquipoCampeonato] ([id], [idcampeonato], [idequipo], [Nparticipantes]) VALUES (728, 2, 217, 12)
INSERT INTO [EquipoCampeonato] ([id], [idcampeonato], [idequipo], [Nparticipantes]) VALUES (729, 69, 113, 12)
INSERT INTO [EquipoCampeonato] ([id], [idcampeonato], [idequipo], [Nparticipantes]) VALUES (730, 143, 378, 3)
INSERT INTO [EquipoCampeonato] ([id], [idcampeonato], [idequipo], [Nparticipantes]) VALUES (731, 65, 199, 16)
INSERT INTO [EquipoCampeonato] ([id], [idcampeonato], [idequipo], [Nparticipantes]) VALUES (732, 47, 269, 5)
INSERT INTO [EquipoCampeonato] ([id], [idcampeonato], [idequipo], [Nparticipantes]) VALUES (733, 187, 44, 4)
INSERT INTO [EquipoCampeonato] ([id], [idcampeonato], [idequipo], [Nparticipantes]) VALUES (734, 112, 305, 19)
INSERT INTO [EquipoCampeonato] ([id], [idcampeonato], [idequipo], [Nparticipantes]) VALUES (735, 142, 349, 13)
INSERT INTO [EquipoCampeonato] ([id], [idcampeonato], [idequipo], [Nparticipantes]) VALUES (736, 35, 170, 9)
INSERT INTO [EquipoCampeonato] ([id], [idcampeonato], [idequipo], [Nparticipantes]) VALUES (737, 97, 42, 13)
INSERT INTO [EquipoCampeonato] ([id], [idcampeonato], [idequipo], [Nparticipantes]) VALUES (738, 31, 81, 5)
INSERT INTO [EquipoCampeonato] ([id], [idcampeonato], [idequipo], [Nparticipantes]) VALUES (739, 205, 348, 7)
INSERT INTO [EquipoCampeonato] ([id], [idcampeonato], [idequipo], [Nparticipantes]) VALUES (740, 97, 183, 8)
INSERT INTO [EquipoCampeonato] ([id], [idcampeonato], [idequipo], [Nparticipantes]) VALUES (741, 11, 93, 10)
INSERT INTO [EquipoCampeonato] ([id], [idcampeonato], [idequipo], [Nparticipantes]) VALUES (742, 144, 371, 6)
INSERT INTO [EquipoCampeonato] ([id], [idcampeonato], [idequipo], [Nparticipantes]) VALUES (743, 84, 257, 6)
INSERT INTO [EquipoCampeonato] ([id], [idcampeonato], [idequipo], [Nparticipantes]) VALUES (744, 89, 112, 5)
INSERT INTO [EquipoCampeonato] ([id], [idcampeonato], [idequipo], [Nparticipantes]) VALUES (745, 212, 76, 4)
INSERT INTO [EquipoCampeonato] ([id], [idcampeonato], [idequipo], [Nparticipantes]) VALUES (746, 49, 123, 9)
INSERT INTO [EquipoCampeonato] ([id], [idcampeonato], [idequipo], [Nparticipantes]) VALUES (747, 49, 268, 8)
INSERT INTO [EquipoCampeonato] ([id], [idcampeonato], [idequipo], [Nparticipantes]) VALUES (748, 32, 31, 2)
INSERT INTO [EquipoCampeonato] ([id], [idcampeonato], [idequipo], [Nparticipantes]) VALUES (749, 127, 12, 18)
INSERT INTO [EquipoCampeonato] ([id], [idcampeonato], [idequipo], [Nparticipantes]) VALUES (750, 92, 173, 17)
INSERT INTO [EquipoCampeonato] ([id], [idcampeonato], [idequipo], [Nparticipantes]) VALUES (751, 108, 51, 14)
INSERT INTO [EquipoCampeonato] ([id], [idcampeonato], [idequipo], [Nparticipantes]) VALUES (752, 153, 324, 4)
INSERT INTO [EquipoCampeonato] ([id], [idcampeonato], [idequipo], [Nparticipantes]) VALUES (753, 169, 74, 19)
INSERT INTO [EquipoCampeonato] ([id], [idcampeonato], [idequipo], [Nparticipantes]) VALUES (754, 83, 275, 2)
INSERT INTO [EquipoCampeonato] ([id], [idcampeonato], [idequipo], [Nparticipantes]) VALUES (755, 137, 42, 19)
INSERT INTO [EquipoCampeonato] ([id], [idcampeonato], [idequipo], [Nparticipantes]) VALUES (756, 80, 246, 2)
INSERT INTO [EquipoCampeonato] ([id], [idcampeonato], [idequipo], [Nparticipantes]) VALUES (757, 149, 134, 10)
INSERT INTO [EquipoCampeonato] ([id], [idcampeonato], [idequipo], [Nparticipantes]) VALUES (758, 176, 10, 13)
INSERT INTO [EquipoCampeonato] ([id], [idcampeonato], [idequipo], [Nparticipantes]) VALUES (759, 199, 222, 6)
INSERT INTO [EquipoCampeonato] ([id], [idcampeonato], [idequipo], [Nparticipantes]) VALUES (760, 194, 266, 20)
INSERT INTO [EquipoCampeonato] ([id], [idcampeonato], [idequipo], [Nparticipantes]) VALUES (761, 55, 60, 4)
INSERT INTO [EquipoCampeonato] ([id], [idcampeonato], [idequipo], [Nparticipantes]) VALUES (762, 145, 228, 1)
INSERT INTO [EquipoCampeonato] ([id], [idcampeonato], [idequipo], [Nparticipantes]) VALUES (763, 59, 125, 9)
INSERT INTO [EquipoCampeonato] ([id], [idcampeonato], [idequipo], [Nparticipantes]) VALUES (764, 86, 269, 13)
INSERT INTO [EquipoCampeonato] ([id], [idcampeonato], [idequipo], [Nparticipantes]) VALUES (765, 88, 65, 16)
INSERT INTO [EquipoCampeonato] ([id], [idcampeonato], [idequipo], [Nparticipantes]) VALUES (766, 164, 212, 9)
INSERT INTO [EquipoCampeonato] ([id], [idcampeonato], [idequipo], [Nparticipantes]) VALUES (767, 51, 155, 9)
INSERT INTO [EquipoCampeonato] ([id], [idcampeonato], [idequipo], [Nparticipantes]) VALUES (768, 70, 306, 2)
INSERT INTO [EquipoCampeonato] ([id], [idcampeonato], [idequipo], [Nparticipantes]) VALUES (769, 65, 229, 8)
INSERT INTO [EquipoCampeonato] ([id], [idcampeonato], [idequipo], [Nparticipantes]) VALUES (770, 154, 99, 5)
INSERT INTO [EquipoCampeonato] ([id], [idcampeonato], [idequipo], [Nparticipantes]) VALUES (771, 140, 5, 17)
INSERT INTO [EquipoCampeonato] ([id], [idcampeonato], [idequipo], [Nparticipantes]) VALUES (772, 79, 331, 16)
INSERT INTO [EquipoCampeonato] ([id], [idcampeonato], [idequipo], [Nparticipantes]) VALUES (773, 144, 81, 3)
INSERT INTO [EquipoCampeonato] ([id], [idcampeonato], [idequipo], [Nparticipantes]) VALUES (774, 18, 24, 19)
INSERT INTO [EquipoCampeonato] ([id], [idcampeonato], [idequipo], [Nparticipantes]) VALUES (775, 82, 281, 17)
INSERT INTO [EquipoCampeonato] ([id], [idcampeonato], [idequipo], [Nparticipantes]) VALUES (776, 102, 354, 3)
INSERT INTO [EquipoCampeonato] ([id], [idcampeonato], [idequipo], [Nparticipantes]) VALUES (777, 156, 271, 16)
INSERT INTO [EquipoCampeonato] ([id], [idcampeonato], [idequipo], [Nparticipantes]) VALUES (778, 93, 294, 3)
INSERT INTO [EquipoCampeonato] ([id], [idcampeonato], [idequipo], [Nparticipantes]) VALUES (779, 97, 78, 3)
INSERT INTO [EquipoCampeonato] ([id], [idcampeonato], [idequipo], [Nparticipantes]) VALUES (780, 129, 376, 9)
INSERT INTO [EquipoCampeonato] ([id], [idcampeonato], [idequipo], [Nparticipantes]) VALUES (781, 202, 77, 20)
INSERT INTO [EquipoCampeonato] ([id], [idcampeonato], [idequipo], [Nparticipantes]) VALUES (782, 103, 39, 12)
INSERT INTO [EquipoCampeonato] ([id], [idcampeonato], [idequipo], [Nparticipantes]) VALUES (783, 168, 39, 15)
INSERT INTO [EquipoCampeonato] ([id], [idcampeonato], [idequipo], [Nparticipantes]) VALUES (784, 95, 370, 6)
INSERT INTO [EquipoCampeonato] ([id], [idcampeonato], [idequipo], [Nparticipantes]) VALUES (785, 205, 298, 10)
INSERT INTO [EquipoCampeonato] ([id], [idcampeonato], [idequipo], [Nparticipantes]) VALUES (786, 211, 98, 5)
INSERT INTO [EquipoCampeonato] ([id], [idcampeonato], [idequipo], [Nparticipantes]) VALUES (787, 101, 238, 15)
INSERT INTO [EquipoCampeonato] ([id], [idcampeonato], [idequipo], [Nparticipantes]) VALUES (788, 41, 177, 7)
INSERT INTO [EquipoCampeonato] ([id], [idcampeonato], [idequipo], [Nparticipantes]) VALUES (789, 132, 268, 8)
INSERT INTO [EquipoCampeonato] ([id], [idcampeonato], [idequipo], [Nparticipantes]) VALUES (790, 181, 100, 8)
INSERT INTO [EquipoCampeonato] ([id], [idcampeonato], [idequipo], [Nparticipantes]) VALUES (791, 124, 282, 6)
INSERT INTO [EquipoCampeonato] ([id], [idcampeonato], [idequipo], [Nparticipantes]) VALUES (792, 143, 302, 14)
INSERT INTO [EquipoCampeonato] ([id], [idcampeonato], [idequipo], [Nparticipantes]) VALUES (793, 1, 225, 3)
INSERT INTO [EquipoCampeonato] ([id], [idcampeonato], [idequipo], [Nparticipantes]) VALUES (795, 80, 204, 13)
INSERT INTO [EquipoCampeonato] ([id], [idcampeonato], [idequipo], [Nparticipantes]) VALUES (796, 59, 86, 12)
INSERT INTO [EquipoCampeonato] ([id], [idcampeonato], [idequipo], [Nparticipantes]) VALUES (797, 195, 236, 2)
INSERT INTO [EquipoCampeonato] ([id], [idcampeonato], [idequipo], [Nparticipantes]) VALUES (798, 8, 194, 15)
INSERT INTO [EquipoCampeonato] ([id], [idcampeonato], [idequipo], [Nparticipantes]) VALUES (799, 147, 207, 16)
INSERT INTO [EquipoCampeonato] ([id], [idcampeonato], [idequipo], [Nparticipantes]) VALUES (800, 170, 377, 11)
INSERT INTO [EquipoCampeonato] ([id], [idcampeonato], [idequipo], [Nparticipantes]) VALUES (801, 195, 160, 7)
INSERT INTO [EquipoCampeonato] ([id], [idcampeonato], [idequipo], [Nparticipantes]) VALUES (802, 151, 354, 15)
INSERT INTO [EquipoCampeonato] ([id], [idcampeonato], [idequipo], [Nparticipantes]) VALUES (803, 134, 181, 7)
INSERT INTO [EquipoCampeonato] ([id], [idcampeonato], [idequipo], [Nparticipantes]) VALUES (804, 148, 332, 20)
INSERT INTO [EquipoCampeonato] ([id], [idcampeonato], [idequipo], [Nparticipantes]) VALUES (805, 89, 251, 15)
INSERT INTO [EquipoCampeonato] ([id], [idcampeonato], [idequipo], [Nparticipantes]) VALUES (806, 135, 309, 8)
INSERT INTO [EquipoCampeonato] ([id], [idcampeonato], [idequipo], [Nparticipantes]) VALUES (807, 97, 185, 19)
INSERT INTO [EquipoCampeonato] ([id], [idcampeonato], [idequipo], [Nparticipantes]) VALUES (808, 197, 391, 12)
INSERT INTO [EquipoCampeonato] ([id], [idcampeonato], [idequipo], [Nparticipantes]) VALUES (809, 76, 151, 20)
INSERT INTO [EquipoCampeonato] ([id], [idcampeonato], [idequipo], [Nparticipantes]) VALUES (810, 25, 283, 16)
INSERT INTO [EquipoCampeonato] ([id], [idcampeonato], [idequipo], [Nparticipantes]) VALUES (811, 11, 277, 17)
INSERT INTO [EquipoCampeonato] ([id], [idcampeonato], [idequipo], [Nparticipantes]) VALUES (812, 55, 380, 4)
INSERT INTO [EquipoCampeonato] ([id], [idcampeonato], [idequipo], [Nparticipantes]) VALUES (813, 160, 91, 15)
INSERT INTO [EquipoCampeonato] ([id], [idcampeonato], [idequipo], [Nparticipantes]) VALUES (814, 124, 49, 10)
INSERT INTO [EquipoCampeonato] ([id], [idcampeonato], [idequipo], [Nparticipantes]) VALUES (815, 22, 208, 11)
INSERT INTO [EquipoCampeonato] ([id], [idcampeonato], [idequipo], [Nparticipantes]) VALUES (816, 171, 139, 4)
INSERT INTO [EquipoCampeonato] ([id], [idcampeonato], [idequipo], [Nparticipantes]) VALUES (817, 129, 4, 2)
INSERT INTO [EquipoCampeonato] ([id], [idcampeonato], [idequipo], [Nparticipantes]) VALUES (818, 154, 59, 19)
INSERT INTO [EquipoCampeonato] ([id], [idcampeonato], [idequipo], [Nparticipantes]) VALUES (819, 152, 308, 15)
INSERT INTO [EquipoCampeonato] ([id], [idcampeonato], [idequipo], [Nparticipantes]) VALUES (820, 148, 157, 11)
INSERT INTO [EquipoCampeonato] ([id], [idcampeonato], [idequipo], [Nparticipantes]) VALUES (821, 157, 199, 6)
INSERT INTO [EquipoCampeonato] ([id], [idcampeonato], [idequipo], [Nparticipantes]) VALUES (823, 196, 247, 17)
INSERT INTO [EquipoCampeonato] ([id], [idcampeonato], [idequipo], [Nparticipantes]) VALUES (824, 11, 185, 19)
INSERT INTO [EquipoCampeonato] ([id], [idcampeonato], [idequipo], [Nparticipantes]) VALUES (825, 160, 130, 7)
INSERT INTO [EquipoCampeonato] ([id], [idcampeonato], [idequipo], [Nparticipantes]) VALUES (826, 189, 357, 6)
INSERT INTO [EquipoCampeonato] ([id], [idcampeonato], [idequipo], [Nparticipantes]) VALUES (827, 175, 377, 16)
INSERT INTO [EquipoCampeonato] ([id], [idcampeonato], [idequipo], [Nparticipantes]) VALUES (828, 43, 102, 18)
INSERT INTO [EquipoCampeonato] ([id], [idcampeonato], [idequipo], [Nparticipantes]) VALUES (829, 74, 4, 15)
INSERT INTO [EquipoCampeonato] ([id], [idcampeonato], [idequipo], [Nparticipantes]) VALUES (830, 51, 392, 19)
INSERT INTO [EquipoCampeonato] ([id], [idcampeonato], [idequipo], [Nparticipantes]) VALUES (831, 151, 190, 15)
INSERT INTO [EquipoCampeonato] ([id], [idcampeonato], [idequipo], [Nparticipantes]) VALUES (832, 209, 337, 14)
INSERT INTO [EquipoCampeonato] ([id], [idcampeonato], [idequipo], [Nparticipantes]) VALUES (833, 139, 218, 19)
INSERT INTO [EquipoCampeonato] ([id], [idcampeonato], [idequipo], [Nparticipantes]) VALUES (834, 169, 2, 20)
INSERT INTO [EquipoCampeonato] ([id], [idcampeonato], [idequipo], [Nparticipantes]) VALUES (835, 18, 55, 2)
INSERT INTO [EquipoCampeonato] ([id], [idcampeonato], [idequipo], [Nparticipantes]) VALUES (836, 196, 284, 5)
INSERT INTO [EquipoCampeonato] ([id], [idcampeonato], [idequipo], [Nparticipantes]) VALUES (837, 200, 31, 11)
INSERT INTO [EquipoCampeonato] ([id], [idcampeonato], [idequipo], [Nparticipantes]) VALUES (838, 70, 83, 12)
INSERT INTO [EquipoCampeonato] ([id], [idcampeonato], [idequipo], [Nparticipantes]) VALUES (839, 26, 20, 14)
INSERT INTO [EquipoCampeonato] ([id], [idcampeonato], [idequipo], [Nparticipantes]) VALUES (840, 51, 233, 4)
INSERT INTO [EquipoCampeonato] ([id], [idcampeonato], [idequipo], [Nparticipantes]) VALUES (841, 26, 389, 8)
INSERT INTO [EquipoCampeonato] ([id], [idcampeonato], [idequipo], [Nparticipantes]) VALUES (842, 31, 318, 20)
INSERT INTO [EquipoCampeonato] ([id], [idcampeonato], [idequipo], [Nparticipantes]) VALUES (843, 82, 55, 2)
INSERT INTO [EquipoCampeonato] ([id], [idcampeonato], [idequipo], [Nparticipantes]) VALUES (844, 161, 102, 13)
INSERT INTO [EquipoCampeonato] ([id], [idcampeonato], [idequipo], [Nparticipantes]) VALUES (845, 137, 39, 14)
INSERT INTO [EquipoCampeonato] ([id], [idcampeonato], [idequipo], [Nparticipantes]) VALUES (846, 32, 126, 3)
INSERT INTO [EquipoCampeonato] ([id], [idcampeonato], [idequipo], [Nparticipantes]) VALUES (847, 126, 272, 1)
INSERT INTO [EquipoCampeonato] ([id], [idcampeonato], [idequipo], [Nparticipantes]) VALUES (848, 7, 299, 8)
INSERT INTO [EquipoCampeonato] ([id], [idcampeonato], [idequipo], [Nparticipantes]) VALUES (849, 147, 17, 14)
INSERT INTO [EquipoCampeonato] ([id], [idcampeonato], [idequipo], [Nparticipantes]) VALUES (850, 59, 112, 3)
INSERT INTO [EquipoCampeonato] ([id], [idcampeonato], [idequipo], [Nparticipantes]) VALUES (851, 91, 319, 13)
INSERT INTO [EquipoCampeonato] ([id], [idcampeonato], [idequipo], [Nparticipantes]) VALUES (852, 44, 242, 14)
INSERT INTO [EquipoCampeonato] ([id], [idcampeonato], [idequipo], [Nparticipantes]) VALUES (853, 90, 256, 13)
INSERT INTO [EquipoCampeonato] ([id], [idcampeonato], [idequipo], [Nparticipantes]) VALUES (854, 213, 290, 16)
INSERT INTO [EquipoCampeonato] ([id], [idcampeonato], [idequipo], [Nparticipantes]) VALUES (855, 62, 349, 5)
INSERT INTO [EquipoCampeonato] ([id], [idcampeonato], [idequipo], [Nparticipantes]) VALUES (856, 215, 128, 19)
INSERT INTO [EquipoCampeonato] ([id], [idcampeonato], [idequipo], [Nparticipantes]) VALUES (857, 4, 135, 17)
INSERT INTO [EquipoCampeonato] ([id], [idcampeonato], [idequipo], [Nparticipantes]) VALUES (858, 80, 58, 9)
INSERT INTO [EquipoCampeonato] ([id], [idcampeonato], [idequipo], [Nparticipantes]) VALUES (859, 110, 199, 17)
INSERT INTO [EquipoCampeonato] ([id], [idcampeonato], [idequipo], [Nparticipantes]) VALUES (860, 86, 243, 14)
INSERT INTO [EquipoCampeonato] ([id], [idcampeonato], [idequipo], [Nparticipantes]) VALUES (861, 85, 165, 6)
INSERT INTO [EquipoCampeonato] ([id], [idcampeonato], [idequipo], [Nparticipantes]) VALUES (862, 118, 313, 11)
INSERT INTO [EquipoCampeonato] ([id], [idcampeonato], [idequipo], [Nparticipantes]) VALUES (863, 152, 233, 5)
INSERT INTO [EquipoCampeonato] ([id], [idcampeonato], [idequipo], [Nparticipantes]) VALUES (864, 86, 34, 1)
INSERT INTO [EquipoCampeonato] ([id], [idcampeonato], [idequipo], [Nparticipantes]) VALUES (865, 118, 349, 1)
INSERT INTO [EquipoCampeonato] ([id], [idcampeonato], [idequipo], [Nparticipantes]) VALUES (866, 103, 355, 11)
INSERT INTO [EquipoCampeonato] ([id], [idcampeonato], [idequipo], [Nparticipantes]) VALUES (867, 157, 215, 14)
INSERT INTO [EquipoCampeonato] ([id], [idcampeonato], [idequipo], [Nparticipantes]) VALUES (868, 84, 51, 17)
INSERT INTO [EquipoCampeonato] ([id], [idcampeonato], [idequipo], [Nparticipantes]) VALUES (869, 10, 138, 6)
INSERT INTO [EquipoCampeonato] ([id], [idcampeonato], [idequipo], [Nparticipantes]) VALUES (870, 190, 99, 18)
INSERT INTO [EquipoCampeonato] ([id], [idcampeonato], [idequipo], [Nparticipantes]) VALUES (871, 196, 201, 19)
INSERT INTO [EquipoCampeonato] ([id], [idcampeonato], [idequipo], [Nparticipantes]) VALUES (872, 67, 325, 11)
INSERT INTO [EquipoCampeonato] ([id], [idcampeonato], [idequipo], [Nparticipantes]) VALUES (873, 43, 248, 3)
INSERT INTO [EquipoCampeonato] ([id], [idcampeonato], [idequipo], [Nparticipantes]) VALUES (874, 207, 190, 8)
INSERT INTO [EquipoCampeonato] ([id], [idcampeonato], [idequipo], [Nparticipantes]) VALUES (875, 90, 389, 17)
INSERT INTO [EquipoCampeonato] ([id], [idcampeonato], [idequipo], [Nparticipantes]) VALUES (876, 39, 208, 9)
INSERT INTO [EquipoCampeonato] ([id], [idcampeonato], [idequipo], [Nparticipantes]) VALUES (877, 18, 220, 19)
INSERT INTO [EquipoCampeonato] ([id], [idcampeonato], [idequipo], [Nparticipantes]) VALUES (878, 176, 288, 15)
INSERT INTO [EquipoCampeonato] ([id], [idcampeonato], [idequipo], [Nparticipantes]) VALUES (879, 200, 48, 19)
INSERT INTO [EquipoCampeonato] ([id], [idcampeonato], [idequipo], [Nparticipantes]) VALUES (880, 60, 184, 14)
INSERT INTO [EquipoCampeonato] ([id], [idcampeonato], [idequipo], [Nparticipantes]) VALUES (881, 29, 369, 4)
INSERT INTO [EquipoCampeonato] ([id], [idcampeonato], [idequipo], [Nparticipantes]) VALUES (882, 189, 174, 6)
INSERT INTO [EquipoCampeonato] ([id], [idcampeonato], [idequipo], [Nparticipantes]) VALUES (883, 192, 336, 14)
INSERT INTO [EquipoCampeonato] ([id], [idcampeonato], [idequipo], [Nparticipantes]) VALUES (884, 139, 80, 15)
INSERT INTO [EquipoCampeonato] ([id], [idcampeonato], [idequipo], [Nparticipantes]) VALUES (885, 76, 46, 18)
INSERT INTO [EquipoCampeonato] ([id], [idcampeonato], [idequipo], [Nparticipantes]) VALUES (886, 66, 195, 1)
INSERT INTO [EquipoCampeonato] ([id], [idcampeonato], [idequipo], [Nparticipantes]) VALUES (887, 119, 195, 9)
INSERT INTO [EquipoCampeonato] ([id], [idcampeonato], [idequipo], [Nparticipantes]) VALUES (888, 50, 211, 11)
INSERT INTO [EquipoCampeonato] ([id], [idcampeonato], [idequipo], [Nparticipantes]) VALUES (889, 82, 374, 12)
INSERT INTO [EquipoCampeonato] ([id], [idcampeonato], [idequipo], [Nparticipantes]) VALUES (890, 1, 45, 14)
INSERT INTO [EquipoCampeonato] ([id], [idcampeonato], [idequipo], [Nparticipantes]) VALUES (891, 89, 306, 1)
INSERT INTO [EquipoCampeonato] ([id], [idcampeonato], [idequipo], [Nparticipantes]) VALUES (892, 3, 109, 5)
INSERT INTO [EquipoCampeonato] ([id], [idcampeonato], [idequipo], [Nparticipantes]) VALUES (893, 82, 290, 12)
INSERT INTO [EquipoCampeonato] ([id], [idcampeonato], [idequipo], [Nparticipantes]) VALUES (894, 49, 382, 8)
INSERT INTO [EquipoCampeonato] ([id], [idcampeonato], [idequipo], [Nparticipantes]) VALUES (895, 97, 353, 10)
INSERT INTO [EquipoCampeonato] ([id], [idcampeonato], [idequipo], [Nparticipantes]) VALUES (896, 15, 214, 10)
INSERT INTO [EquipoCampeonato] ([id], [idcampeonato], [idequipo], [Nparticipantes]) VALUES (897, 29, 278, 2)
INSERT INTO [EquipoCampeonato] ([id], [idcampeonato], [idequipo], [Nparticipantes]) VALUES (898, 41, 264, 6)
INSERT INTO [EquipoCampeonato] ([id], [idcampeonato], [idequipo], [Nparticipantes]) VALUES (899, 23, 333, 6)
INSERT INTO [EquipoCampeonato] ([id], [idcampeonato], [idequipo], [Nparticipantes]) VALUES (900, 30, 56, 10)
INSERT INTO [EquipoCampeonato] ([id], [idcampeonato], [idequipo], [Nparticipantes]) VALUES (901, 35, 321, 2)
INSERT INTO [EquipoCampeonato] ([id], [idcampeonato], [idequipo], [Nparticipantes]) VALUES (902, 105, 37, 10)
INSERT INTO [EquipoCampeonato] ([id], [idcampeonato], [idequipo], [Nparticipantes]) VALUES (903, 133, 240, 19)
INSERT INTO [EquipoCampeonato] ([id], [idcampeonato], [idequipo], [Nparticipantes]) VALUES (904, 44, 44, 1)
INSERT INTO [EquipoCampeonato] ([id], [idcampeonato], [idequipo], [Nparticipantes]) VALUES (905, 101, 320, 5)
INSERT INTO [EquipoCampeonato] ([id], [idcampeonato], [idequipo], [Nparticipantes]) VALUES (906, 9, 332, 17)
INSERT INTO [EquipoCampeonato] ([id], [idcampeonato], [idequipo], [Nparticipantes]) VALUES (907, 134, 385, 6)
INSERT INTO [EquipoCampeonato] ([id], [idcampeonato], [idequipo], [Nparticipantes]) VALUES (908, 84, 219, 10)
INSERT INTO [EquipoCampeonato] ([id], [idcampeonato], [idequipo], [Nparticipantes]) VALUES (909, 153, 121, 14)
INSERT INTO [EquipoCampeonato] ([id], [idcampeonato], [idequipo], [Nparticipantes]) VALUES (910, 123, 177, 17)
INSERT INTO [EquipoCampeonato] ([id], [idcampeonato], [idequipo], [Nparticipantes]) VALUES (911, 35, 146, 15)
INSERT INTO [EquipoCampeonato] ([id], [idcampeonato], [idequipo], [Nparticipantes]) VALUES (912, 8, 169, 10)
INSERT INTO [EquipoCampeonato] ([id], [idcampeonato], [idequipo], [Nparticipantes]) VALUES (913, 192, 205, 13)
INSERT INTO [EquipoCampeonato] ([id], [idcampeonato], [idequipo], [Nparticipantes]) VALUES (914, 70, 174, 1)
INSERT INTO [EquipoCampeonato] ([id], [idcampeonato], [idequipo], [Nparticipantes]) VALUES (915, 185, 224, 6)
INSERT INTO [EquipoCampeonato] ([id], [idcampeonato], [idequipo], [Nparticipantes]) VALUES (916, 49, 162, 8)
INSERT INTO [EquipoCampeonato] ([id], [idcampeonato], [idequipo], [Nparticipantes]) VALUES (917, 144, 361, 16)
INSERT INTO [EquipoCampeonato] ([id], [idcampeonato], [idequipo], [Nparticipantes]) VALUES (918, 50, 180, 12)
INSERT INTO [EquipoCampeonato] ([id], [idcampeonato], [idequipo], [Nparticipantes]) VALUES (919, 33, 26, 15)
INSERT INTO [EquipoCampeonato] ([id], [idcampeonato], [idequipo], [Nparticipantes]) VALUES (920, 167, 96, 15)
INSERT INTO [EquipoCampeonato] ([id], [idcampeonato], [idequipo], [Nparticipantes]) VALUES (921, 145, 357, 2)
INSERT INTO [EquipoCampeonato] ([id], [idcampeonato], [idequipo], [Nparticipantes]) VALUES (922, 17, 98, 14)
INSERT INTO [EquipoCampeonato] ([id], [idcampeonato], [idequipo], [Nparticipantes]) VALUES (923, 212, 94, 4)
INSERT INTO [EquipoCampeonato] ([id], [idcampeonato], [idequipo], [Nparticipantes]) VALUES (924, 77, 65, 8)
INSERT INTO [EquipoCampeonato] ([id], [idcampeonato], [idequipo], [Nparticipantes]) VALUES (925, 182, 108, 20)
INSERT INTO [EquipoCampeonato] ([id], [idcampeonato], [idequipo], [Nparticipantes]) VALUES (926, 202, 300, 3)
INSERT INTO [EquipoCampeonato] ([id], [idcampeonato], [idequipo], [Nparticipantes]) VALUES (927, 186, 52, 8)
INSERT INTO [EquipoCampeonato] ([id], [idcampeonato], [idequipo], [Nparticipantes]) VALUES (928, 11, 130, 14)
INSERT INTO [EquipoCampeonato] ([id], [idcampeonato], [idequipo], [Nparticipantes]) VALUES (929, 51, 167, 1)
INSERT INTO [EquipoCampeonato] ([id], [idcampeonato], [idequipo], [Nparticipantes]) VALUES (930, 89, 125, 4)
INSERT INTO [EquipoCampeonato] ([id], [idcampeonato], [idequipo], [Nparticipantes]) VALUES (931, 188, 156, 16)
INSERT INTO [EquipoCampeonato] ([id], [idcampeonato], [idequipo], [Nparticipantes]) VALUES (932, 106, 250, 16)
INSERT INTO [EquipoCampeonato] ([id], [idcampeonato], [idequipo], [Nparticipantes]) VALUES (933, 132, 148, 3)
INSERT INTO [EquipoCampeonato] ([id], [idcampeonato], [idequipo], [Nparticipantes]) VALUES (934, 63, 194, 2)
INSERT INTO [EquipoCampeonato] ([id], [idcampeonato], [idequipo], [Nparticipantes]) VALUES (935, 50, 293, 13)
INSERT INTO [EquipoCampeonato] ([id], [idcampeonato], [idequipo], [Nparticipantes]) VALUES (936, 49, 305, 4)
INSERT INTO [EquipoCampeonato] ([id], [idcampeonato], [idequipo], [Nparticipantes]) VALUES (938, 167, 185, 9)
INSERT INTO [EquipoCampeonato] ([id], [idcampeonato], [idequipo], [Nparticipantes]) VALUES (939, 204, 161, 14)
INSERT INTO [EquipoCampeonato] ([id], [idcampeonato], [idequipo], [Nparticipantes]) VALUES (940, 192, 58, 6)
INSERT INTO [EquipoCampeonato] ([id], [idcampeonato], [idequipo], [Nparticipantes]) VALUES (941, 142, 113, 3)
INSERT INTO [EquipoCampeonato] ([id], [idcampeonato], [idequipo], [Nparticipantes]) VALUES (942, 105, 139, 10)
INSERT INTO [EquipoCampeonato] ([id], [idcampeonato], [idequipo], [Nparticipantes]) VALUES (943, 102, 210, 16)
INSERT INTO [EquipoCampeonato] ([id], [idcampeonato], [idequipo], [Nparticipantes]) VALUES (944, 176, 308, 4)
INSERT INTO [EquipoCampeonato] ([id], [idcampeonato], [idequipo], [Nparticipantes]) VALUES (945, 198, 294, 6)
INSERT INTO [EquipoCampeonato] ([id], [idcampeonato], [idequipo], [Nparticipantes]) VALUES (946, 104, 19, 20)
INSERT INTO [EquipoCampeonato] ([id], [idcampeonato], [idequipo], [Nparticipantes]) VALUES (947, 183, 343, 18)
INSERT INTO [EquipoCampeonato] ([id], [idcampeonato], [idequipo], [Nparticipantes]) VALUES (948, 56, 127, 14)
INSERT INTO [EquipoCampeonato] ([id], [idcampeonato], [idequipo], [Nparticipantes]) VALUES (949, 74, 280, 14)
INSERT INTO [EquipoCampeonato] ([id], [idcampeonato], [idequipo], [Nparticipantes]) VALUES (950, 99, 198, 19)
INSERT INTO [EquipoCampeonato] ([id], [idcampeonato], [idequipo], [Nparticipantes]) VALUES (951, 174, 354, 15)
INSERT INTO [EquipoCampeonato] ([id], [idcampeonato], [idequipo], [Nparticipantes]) VALUES (952, 38, 22, 8)
INSERT INTO [EquipoCampeonato] ([id], [idcampeonato], [idequipo], [Nparticipantes]) VALUES (953, 31, 102, 15)
INSERT INTO [EquipoCampeonato] ([id], [idcampeonato], [idequipo], [Nparticipantes]) VALUES (954, 126, 172, 18)
INSERT INTO [EquipoCampeonato] ([id], [idcampeonato], [idequipo], [Nparticipantes]) VALUES (955, 108, 101, 5)
INSERT INTO [EquipoCampeonato] ([id], [idcampeonato], [idequipo], [Nparticipantes]) VALUES (956, 204, 251, 7)
INSERT INTO [EquipoCampeonato] ([id], [idcampeonato], [idequipo], [Nparticipantes]) VALUES (957, 79, 279, 12)
INSERT INTO [EquipoCampeonato] ([id], [idcampeonato], [idequipo], [Nparticipantes]) VALUES (958, 106, 128, 10)
INSERT INTO [EquipoCampeonato] ([id], [idcampeonato], [idequipo], [Nparticipantes]) VALUES (959, 59, 186, 3)
INSERT INTO [EquipoCampeonato] ([id], [idcampeonato], [idequipo], [Nparticipantes]) VALUES (960, 24, 168, 3)
INSERT INTO [EquipoCampeonato] ([id], [idcampeonato], [idequipo], [Nparticipantes]) VALUES (961, 138, 301, 8)
INSERT INTO [EquipoCampeonato] ([id], [idcampeonato], [idequipo], [Nparticipantes]) VALUES (962, 178, 11, 11)
INSERT INTO [EquipoCampeonato] ([id], [idcampeonato], [idequipo], [Nparticipantes]) VALUES (963, 46, 351, 13)
INSERT INTO [EquipoCampeonato] ([id], [idcampeonato], [idequipo], [Nparticipantes]) VALUES (964, 96, 120, 19)
INSERT INTO [EquipoCampeonato] ([id], [idcampeonato], [idequipo], [Nparticipantes]) VALUES (965, 206, 292, 14)
INSERT INTO [EquipoCampeonato] ([id], [idcampeonato], [idequipo], [Nparticipantes]) VALUES (966, 21, 166, 16)
INSERT INTO [EquipoCampeonato] ([id], [idcampeonato], [idequipo], [Nparticipantes]) VALUES (967, 101, 285, 18)
INSERT INTO [EquipoCampeonato] ([id], [idcampeonato], [idequipo], [Nparticipantes]) VALUES (968, 133, 227, 5)
INSERT INTO [EquipoCampeonato] ([id], [idcampeonato], [idequipo], [Nparticipantes]) VALUES (969, 7, 125, 20)
INSERT INTO [EquipoCampeonato] ([id], [idcampeonato], [idequipo], [Nparticipantes]) VALUES (970, 123, 18, 2)
INSERT INTO [EquipoCampeonato] ([id], [idcampeonato], [idequipo], [Nparticipantes]) VALUES (971, 109, 10, 18)
INSERT INTO [EquipoCampeonato] ([id], [idcampeonato], [idequipo], [Nparticipantes]) VALUES (972, 190, 255, 9)
INSERT INTO [EquipoCampeonato] ([id], [idcampeonato], [idequipo], [Nparticipantes]) VALUES (973, 26, 257, 3)
INSERT INTO [EquipoCampeonato] ([id], [idcampeonato], [idequipo], [Nparticipantes]) VALUES (974, 192, 257, 16)
INSERT INTO [EquipoCampeonato] ([id], [idcampeonato], [idequipo], [Nparticipantes]) VALUES (975, 85, 289, 11)
INSERT INTO [EquipoCampeonato] ([id], [idcampeonato], [idequipo], [Nparticipantes]) VALUES (976, 55, 309, 4)
INSERT INTO [EquipoCampeonato] ([id], [idcampeonato], [idequipo], [Nparticipantes]) VALUES (977, 193, 325, 15)
INSERT INTO [EquipoCampeonato] ([id], [idcampeonato], [idequipo], [Nparticipantes]) VALUES (978, 50, 196, 10)
INSERT INTO [EquipoCampeonato] ([id], [idcampeonato], [idequipo], [Nparticipantes]) VALUES (979, 79, 132, 9)
INSERT INTO [EquipoCampeonato] ([id], [idcampeonato], [idequipo], [Nparticipantes]) VALUES (980, 99, 281, 6)
INSERT INTO [EquipoCampeonato] ([id], [idcampeonato], [idequipo], [Nparticipantes]) VALUES (981, 121, 174, 16)
INSERT INTO [EquipoCampeonato] ([id], [idcampeonato], [idequipo], [Nparticipantes]) VALUES (982, 123, 225, 3)
INSERT INTO [EquipoCampeonato] ([id], [idcampeonato], [idequipo], [Nparticipantes]) VALUES (983, 49, 70, 7)
INSERT INTO [EquipoCampeonato] ([id], [idcampeonato], [idequipo], [Nparticipantes]) VALUES (984, 121, 28, 1)
INSERT INTO [EquipoCampeonato] ([id], [idcampeonato], [idequipo], [Nparticipantes]) VALUES (985, 10, 56, 3)
INSERT INTO [EquipoCampeonato] ([id], [idcampeonato], [idequipo], [Nparticipantes]) VALUES (986, 42, 252, 6)
INSERT INTO [EquipoCampeonato] ([id], [idcampeonato], [idequipo], [Nparticipantes]) VALUES (987, 157, 82, 12)
INSERT INTO [EquipoCampeonato] ([id], [idcampeonato], [idequipo], [Nparticipantes]) VALUES (988, 52, 365, 4)
INSERT INTO [EquipoCampeonato] ([id], [idcampeonato], [idequipo], [Nparticipantes]) VALUES (989, 69, 166, 19)
INSERT INTO [EquipoCampeonato] ([id], [idcampeonato], [idequipo], [Nparticipantes]) VALUES (990, 195, 134, 2)
INSERT INTO [EquipoCampeonato] ([id], [idcampeonato], [idequipo], [Nparticipantes]) VALUES (991, 129, 294, 19)
INSERT INTO [EquipoCampeonato] ([id], [idcampeonato], [idequipo], [Nparticipantes]) VALUES (992, 7, 177, 10)
INSERT INTO [EquipoCampeonato] ([id], [idcampeonato], [idequipo], [Nparticipantes]) VALUES (993, 70, 367, 1)
INSERT INTO [EquipoCampeonato] ([id], [idcampeonato], [idequipo], [Nparticipantes]) VALUES (994, 15, 145, 9)
INSERT INTO [EquipoCampeonato] ([id], [idcampeonato], [idequipo], [Nparticipantes]) VALUES (995, 188, 298, 20)
INSERT INTO [EquipoCampeonato] ([id], [idcampeonato], [idequipo], [Nparticipantes]) VALUES (996, 167, 288, 6)
INSERT INTO [EquipoCampeonato] ([id], [idcampeonato], [idequipo], [Nparticipantes]) VALUES (997, 141, 24, 5)
INSERT INTO [EquipoCampeonato] ([id], [idcampeonato], [idequipo], [Nparticipantes]) VALUES (998, 57, 112, 17)
INSERT INTO [EquipoCampeonato] ([id], [idcampeonato], [idequipo], [Nparticipantes]) VALUES (999, 74, 113, 20)
INSERT INTO [EquipoCampeonato] ([id], [idcampeonato], [idequipo], [Nparticipantes]) VALUES (1000, 100, 333, 4)
INSERT INTO [EquipoCampeonato] ([id], [idcampeonato], [idequipo], [Nparticipantes]) VALUES (1001, 129, 61, 2)
INSERT INTO [EquipoCampeonato] ([id], [idcampeonato], [idequipo], [Nparticipantes]) VALUES (1002, 11, 112, 6)
INSERT INTO [EquipoCampeonato] ([id], [idcampeonato], [idequipo], [Nparticipantes]) VALUES (1003, 64, 307, 7)
INSERT INTO [EquipoCampeonato] ([id], [idcampeonato], [idequipo], [Nparticipantes]) VALUES (1004, 74, 278, 20)
INSERT INTO [EquipoCampeonato] ([id], [idcampeonato], [idequipo], [Nparticipantes]) VALUES (1005, 137, 192, 4)
INSERT INTO [EquipoCampeonato] ([id], [idcampeonato], [idequipo], [Nparticipantes]) VALUES (1006, 121, 228, 10)
INSERT INTO [EquipoCampeonato] ([id], [idcampeonato], [idequipo], [Nparticipantes]) VALUES (1007, 82, 370, 15)
INSERT INTO [EquipoCampeonato] ([id], [idcampeonato], [idequipo], [Nparticipantes]) VALUES (1008, 208, 234, 5)
INSERT INTO [EquipoCampeonato] ([id], [idcampeonato], [idequipo], [Nparticipantes]) VALUES (1009, 106, 75, 7)
INSERT INTO [EquipoCampeonato] ([id], [idcampeonato], [idequipo], [Nparticipantes]) VALUES (1010, 154, 94, 2)
INSERT INTO [EquipoCampeonato] ([id], [idcampeonato], [idequipo], [Nparticipantes]) VALUES (1011, 153, 178, 15)
INSERT INTO [EquipoCampeonato] ([id], [idcampeonato], [idequipo], [Nparticipantes]) VALUES (1012, 14, 196, 10)
INSERT INTO [EquipoCampeonato] ([id], [idcampeonato], [idequipo], [Nparticipantes]) VALUES (1013, 80, 120, 18)
INSERT INTO [EquipoCampeonato] ([id], [idcampeonato], [idequipo], [Nparticipantes]) VALUES (1014, 135, 321, 15)
INSERT INTO [EquipoCampeonato] ([id], [idcampeonato], [idequipo], [Nparticipantes]) VALUES (1015, 47, 336, 10)
INSERT INTO [EquipoCampeonato] ([id], [idcampeonato], [idequipo], [Nparticipantes]) VALUES (1016, 177, 194, 17)
INSERT INTO [EquipoCampeonato] ([id], [idcampeonato], [idequipo], [Nparticipantes]) VALUES (1017, 37, 165, 19)
-- 1012 records
go


--
-- Dumping data for table 'Federacion'
--

INSERT INTO [Federacion] ([Id], [Federacion]) VALUES (1, 'ANDALUZA')
INSERT INTO [Federacion] ([Id], [Federacion]) VALUES (2, 'ARAGONESA')
INSERT INTO [Federacion] ([Id], [Federacion]) VALUES (3, 'ASTURIANA')
INSERT INTO [Federacion] ([Id], [Federacion]) VALUES (4, 'C.LEONESA')
INSERT INTO [Federacion] ([Id], [Federacion]) VALUES (5, 'C.MANCHEGA')
INSERT INTO [Federacion] ([Id], [Federacion]) VALUES (6, 'CANTABRA')
INSERT INTO [Federacion] ([Id], [Federacion]) VALUES (7, 'CATALANA')
INSERT INTO [Federacion] ([Id], [Federacion]) VALUES (8, 'ESPAÑOLA')
INSERT INTO [Federacion] ([Id], [Federacion]) VALUES (9, 'EXTREMEÑA')
INSERT INTO [Federacion] ([Id], [Federacion]) VALUES (10, 'GALLEGA')
INSERT INTO [Federacion] ([Id], [Federacion]) VALUES (11, 'MADRILEÑA')
INSERT INTO [Federacion] ([Id], [Federacion]) VALUES (12, 'MURCIANA')
INSERT INTO [Federacion] ([Id], [Federacion]) VALUES (13, 'NAVARRA')
INSERT INTO [Federacion] ([Id], [Federacion]) VALUES (14, 'RIOJANA')
INSERT INTO [Federacion] ([Id], [Federacion]) VALUES (15, 'VALENCIANA')
INSERT INTO [Federacion] ([Id], [Federacion]) VALUES (16, 'VASCA')
-- 16 records
go


--
-- Dumping data for table 'Organizador'
--

INSERT INTO [Organizador] ([Id], [Organizador]) VALUES (1, 'ACTIVO BMX C.')
INSERT INTO [Organizador] ([Id], [Organizador]) VALUES (2, 'AGUILARENSE ALBERTO FDZ, C.D.C')
INSERT INTO [Organizador] ([Id], [Organizador]) VALUES (3, 'AIZTONDO KLASIKA BATZORDEA')
INSERT INTO [Organizador] ([Id], [Organizador]) VALUES (4, 'ALCOBENDAS C.C.')
INSERT INTO [Organizador] ([Id], [Organizador]) VALUES (5, 'ALTO PALANCIA')
INSERT INTO [Organizador] ([Id], [Organizador]) VALUES (6, 'AMOREBIETA S.C.')
INSERT INTO [Organizador] ([Id], [Organizador]) VALUES (7, 'ARAMO, C.C.')
INSERT INTO [Organizador] ([Id], [Organizador]) VALUES (8, 'ARTANENC CLUB CICLISTA')
INSERT INTO [Organizador] ([Id], [Organizador]) VALUES (9, 'ASTURCON,B.T.T.')
INSERT INTO [Organizador] ([Id], [Organizador]) VALUES (10, 'BAHAMONTES PEÑA CICLISTA')
INSERT INTO [Organizador] ([Id], [Organizador]) VALUES (11, 'BALAGUER CLUB CICLISTA')
INSERT INTO [Organizador] ([Id], [Organizador]) VALUES (12, 'BALMASEDANA S.C.')
INSERT INTO [Organizador] ([Id], [Organizador]) VALUES (13, 'BAS, CLUB CICLISTA')
INSERT INTO [Organizador] ([Id], [Organizador]) VALUES (14, 'BEMBIBRE BTT, C.D.')
INSERT INTO [Organizador] ([Id], [Organizador]) VALUES (15, 'BEMBIBRE CICLISTA, C.D.')
INSERT INTO [Organizador] ([Id], [Organizador]) VALUES (16, 'BERA BERA RUGBY TALDEA')
INSERT INTO [Organizador] ([Id], [Organizador]) VALUES (17, 'BESAYA, CLUB CICLISTA')
INSERT INTO [Organizador] ([Id], [Organizador]) VALUES (18, 'BETI-GAZTE SOCIEDAD RECREATIVA')
INSERT INTO [Organizador] ([Id], [Organizador]) VALUES (19, 'BICIMONTAÑA LOPENTA, C.D.')
INSERT INTO [Organizador] ([Id], [Organizador]) VALUES (20, 'BIDASOA ITZULIA ELKARTEA')
INSERT INTO [Organizador] ([Id], [Organizador]) VALUES (21, 'BIKE CATALUNYA, CLUB ESPORTIU')
INSERT INTO [Organizador] ([Id], [Organizador]) VALUES (22, 'BIKE PATROL Co., C.')
INSERT INTO [Organizador] ([Id], [Organizador]) VALUES (23, 'BLAHI,U.C.')
INSERT INTO [Organizador] ([Id], [Organizador]) VALUES (24, 'BMX SAN VICENTE')
INSERT INTO [Organizador] ([Id], [Organizador]) VALUES (25, 'BRIDGESTONE AVENTURA, C.D.')
INSERT INTO [Organizador] ([Id], [Organizador]) VALUES (26, 'BURGALESA, C.D.U.C.')
INSERT INTO [Organizador] ([Id], [Organizador]) VALUES (27, 'C.C. ALCORISA')
INSERT INTO [Organizador] ([Id], [Organizador]) VALUES (28, 'C.C. CASPOLINO')
INSERT INTO [Organizador] ([Id], [Organizador]) VALUES (29, 'C.C. GRAUS')
INSERT INTO [Organizador] ([Id], [Organizador]) VALUES (30, 'C.C. IBERIA')
INSERT INTO [Organizador] ([Id], [Organizador]) VALUES (31, 'C.C. MAYENCOS')
INSERT INTO [Organizador] ([Id], [Organizador]) VALUES (32, 'C.C. SABIÑANIGO')
INSERT INTO [Organizador] ([Id], [Organizador]) VALUES (33, 'C.C. TUROLENSE')
INSERT INTO [Organizador] ([Id], [Organizador]) VALUES (34, 'CADALSA, C.C.')
INSERT INTO [Organizador] ([Id], [Organizador]) VALUES (35, 'CAMBRILS, PENYA CICLOTURISTA')
INSERT INTO [Organizador] ([Id], [Organizador]) VALUES (36, 'CAMPIO LLORENS')
INSERT INTO [Organizador] ([Id], [Organizador]) VALUES (37, 'CASTILLA LA MANCHA C.C.A.D.')
INSERT INTO [Organizador] ([Id], [Organizador]) VALUES (38, 'CASTREÑO, CLUB CICLISTA')
INSERT INTO [Organizador] ([Id], [Organizador]) VALUES (39, 'CHAPEL GORRI A.D.')
INSERT INTO [Organizador] ([Id], [Organizador]) VALUES (40, 'CICLISMO OIENSE, A.R.')
INSERT INTO [Organizador] ([Id], [Organizador]) VALUES (41, 'CIDADE DE LUGO, C.C.')
INSERT INTO [Organizador] ([Id], [Organizador]) VALUES (42, 'CLUB CICLISTA BARCELOSA')
INSERT INTO [Organizador] ([Id], [Organizador]) VALUES (43, 'CLUB CICLISTA BIDEBIKE')
INSERT INTO [Organizador] ([Id], [Organizador]) VALUES (44, 'CLUB CICLISTA PELIN')
INSERT INTO [Organizador] ([Id], [Organizador]) VALUES (45, 'CLUB DEPORTIVO PIRENAICA')
INSERT INTO [Organizador] ([Id], [Organizador]) VALUES (46, 'COLOMINA, PENYA CICLISTA')
INSERT INTO [Organizador] ([Id], [Organizador]) VALUES (47, 'CRT-CORDOBES RACING TEAM')
INSERT INTO [Organizador] ([Id], [Organizador]) VALUES (48, 'DAESSA SPORT, CLUB DEPORTIVO')
INSERT INTO [Organizador] ([Id], [Organizador]) VALUES (49, 'DOS ATR')
INSERT INTO [Organizador] ([Id], [Organizador]) VALUES (50, 'DURANGUESA S.C.')
INSERT INTO [Organizador] ([Id], [Organizador]) VALUES (51, 'EIBARRES C.C.')
INSERT INTO [Organizador] ([Id], [Organizador]) VALUES (52, 'EL TRAMPAL, C.D.')
INSERT INTO [Organizador] ([Id], [Organizador]) VALUES (53, 'ELORRIOKO BANAN-BANAN Z K E')
INSERT INTO [Organizador] ([Id], [Organizador]) VALUES (54, 'ERANDIOKO T.E.')
INSERT INTO [Organizador] ([Id], [Organizador]) VALUES (55, 'ESCURIALENSE C.C.')
INSERT INTO [Organizador] ([Id], [Organizador]) VALUES (56, 'ESTELLA CLUB CICLISTA')
INSERT INTO [Organizador] ([Id], [Organizador]) VALUES (57, 'EXCMA. DIPUTACION DE BURGOS')
INSERT INTO [Organizador] ([Id], [Organizador]) VALUES (58, 'EXCMA. DIPUTACION P. DE LEON')
INSERT INTO [Organizador] ([Id], [Organizador]) VALUES (59, 'F. MADRILEÑA C.')
INSERT INTO [Organizador] ([Id], [Organizador]) VALUES (60, 'FEDERACION CICLISMO REG.MURCIA')
INSERT INTO [Organizador] ([Id], [Organizador]) VALUES (61, 'FEDERACION GALLEGA CICLISMO')
INSERT INTO [Organizador] ([Id], [Organizador]) VALUES (62, 'FEDERACION RIOJANA DE CICLISMO')
INSERT INTO [Organizador] ([Id], [Organizador]) VALUES (63, 'FEDERACION VALENCIANA DE CICLI')
INSERT INTO [Organizador] ([Id], [Organizador]) VALUES (64, 'FUNDACION SAIATU C.D.')
INSERT INTO [Organizador] ([Id], [Organizador]) VALUES (65, 'GINES GARCIA P.C.A.D.')
INSERT INTO [Organizador] ([Id], [Organizador]) VALUES (66, 'GIPUZKOAKO TX. ELKARGOA')
INSERT INTO [Organizador] ([Id], [Organizador]) VALUES (67, 'GUADIANA, P.C.')
INSERT INTO [Organizador] ([Id], [Organizador]) VALUES (68, 'GUERRITA PEÑA CICLISTA')
INSERT INTO [Organizador] ([Id], [Organizador]) VALUES (69, 'HANDBIKE BARCELONA CLUB ESPORT')
INSERT INTO [Organizador] ([Id], [Organizador]) VALUES (70, 'HEMAR VELL')
INSERT INTO [Organizador] ([Id], [Organizador]) VALUES (71, 'IBENSE')
INSERT INTO [Organizador] ([Id], [Organizador]) VALUES (72, 'IPLACEA C.C.')
INSERT INTO [Organizador] ([Id], [Organizador]) VALUES (73, 'IRUNES CLUB CICLISTA')
INSERT INTO [Organizador] ([Id], [Organizador]) VALUES (74, 'IURRETAKO EMAKUMEEN BIRA Z.K.E')
INSERT INTO [Organizador] ([Id], [Organizador]) VALUES (75, 'KARRIKIRIBTT CLUB DEP CICLISTA')
INSERT INTO [Organizador] ([Id], [Organizador]) VALUES (76, 'KIROL BAT TRIATLOI TALDEA')
INSERT INTO [Organizador] ([Id], [Organizador]) VALUES (77, 'LA SAFOR')
INSERT INTO [Organizador] ([Id], [Organizador]) VALUES (78, 'LA SUFRIDA, C.D.')
INSERT INTO [Organizador] ([Id], [Organizador]) VALUES (79, 'LA TORRETA BIKE, CLUB')
INSERT INTO [Organizador] ([Id], [Organizador]) VALUES (80, 'LAESPORT C.D.')
INSERT INTO [Organizador] ([Id], [Organizador]) VALUES (81, 'LARRA-LARRAU KLUBA')
INSERT INTO [Organizador] ([Id], [Organizador]) VALUES (82, 'LLODIANA S.C.')
INSERT INTO [Organizador] ([Id], [Organizador]) VALUES (83, 'LOGROÑES, CLUB CICLISTA')
INSERT INTO [Organizador] ([Id], [Organizador]) VALUES (84, 'LOINAZ T.E.')
INSERT INTO [Organizador] ([Id], [Organizador]) VALUES (85, 'LOS 10000 DEL SOPLAO, C.D.')
INSERT INTO [Organizador] ([Id], [Organizador]) VALUES (86, 'LOS ALCAZARES G.D.')
INSERT INTO [Organizador] ([Id], [Organizador]) VALUES (87, 'MARCOS TRUEBA CLUB CICLISTA')
INSERT INTO [Organizador] ([Id], [Organizador]) VALUES (88, 'MAZARRON C.C.')
INSERT INTO [Organizador] ([Id], [Organizador]) VALUES (89, 'MONJE P.C.')
INSERT INTO [Organizador] ([Id], [Organizador]) VALUES (90, 'MONTAÑA PALENTINA, C.D.C.')
INSERT INTO [Organizador] ([Id], [Organizador]) VALUES (91, 'MORATALLA C.C.')
INSERT INTO [Organizador] ([Id], [Organizador]) VALUES (92, 'MOSSOS D''ESQUADRA CLUB ESPORT.')
INSERT INTO [Organizador] ([Id], [Organizador]) VALUES (93, 'MOUNTAIN BIKE SOMIEDO')
INSERT INTO [Organizador] ([Id], [Organizador]) VALUES (94, 'MURCHANTE CLUB CICLISTA')
INSERT INTO [Organizador] ([Id], [Organizador]) VALUES (95, 'MURCIANO ORG.C.C.CLUB')
INSERT INTO [Organizador] ([Id], [Organizador]) VALUES (96, 'NALONTEAM, CLUB CICLISTA')
INSERT INTO [Organizador] ([Id], [Organizador]) VALUES (97, 'NAVARTRIAL CLUB DEPORTIVO')
INSERT INTO [Organizador] ([Id], [Organizador]) VALUES (98, 'ONTURENSE, C.C.')
INSERT INTO [Organizador] ([Id], [Organizador]) VALUES (99, 'ORENSANO, C.C.')
INSERT INTO [Organizador] ([Id], [Organizador]) VALUES (100, 'ORG. CICLISTAS EUSKADI')
INSERT INTO [Organizador] ([Id], [Organizador]) VALUES (101, 'ORGANIZACIONES D.DEPORINTER, C')
INSERT INTO [Organizador] ([Id], [Organizador]) VALUES (102, 'P.C. EDELWEISS')
INSERT INTO [Organizador] ([Id], [Organizador]) VALUES (103, 'PADRONES, C.C.')
INSERT INTO [Organizador] ([Id], [Organizador]) VALUES (104, 'PARDINYES, CC')
INSERT INTO [Organizador] ([Id], [Organizador]) VALUES (105, 'PEDALEO, C.D.')
INSERT INTO [Organizador] ([Id], [Organizador]) VALUES (106, 'PEÑA CICLISTA DE MONTEMAYOR, C')
INSERT INTO [Organizador] ([Id], [Organizador]) VALUES (107, 'PEÑA CICLISTA MUÑOZ, C.D.')
INSERT INTO [Organizador] ([Id], [Organizador]) VALUES (108, 'PUCELA, C.D.')
INSERT INTO [Organizador] ([Id], [Organizador]) VALUES (109, 'PUNTA GALEA T.E.')
INSERT INTO [Organizador] ([Id], [Organizador]) VALUES (110, 'R.F.E.C.')
INSERT INTO [Organizador] ([Id], [Organizador]) VALUES (111, 'RIELLS VIABREA CLUB CICLISTA')
INSERT INTO [Organizador] ([Id], [Organizador]) VALUES (112, 'RIOJAVELO, SDAD. CICLISTA')
INSERT INTO [Organizador] ([Id], [Organizador]) VALUES (113, 'S.S. DE LOS REYES U.C.')
INSERT INTO [Organizador] ([Id], [Organizador]) VALUES (114, 'S2 CORDOBA, C.D.C.')
INSERT INTO [Organizador] ([Id], [Organizador]) VALUES (115, 'SAN MIGUEL, C.D.C.')
INSERT INTO [Organizador] ([Id], [Organizador]) VALUES (116, 'SANT BOI, CLUB CICLISTA')
INSERT INTO [Organizador] ([Id], [Organizador]) VALUES (117, 'SEPELACO')
INSERT INTO [Organizador] ([Id], [Organizador]) VALUES (118, 'SIN FRENOS, C.D.')
INSERT INTO [Organizador] ([Id], [Organizador]) VALUES (119, 'SINGLETRACK OUTDOOR SPORTS, C.')
INSERT INTO [Organizador] ([Id], [Organizador]) VALUES (120, 'SOL BENIDORM')
INSERT INTO [Organizador] ([Id], [Organizador]) VALUES (121, 'SPORTPUBLIC, ODC')
INSERT INTO [Organizador] ([Id], [Organizador]) VALUES (122, 'SPRINT, PEÑA CICLISTA')
INSERT INTO [Organizador] ([Id], [Organizador]) VALUES (123, 'ST.ANDREU BARCA, MOTO CLUB')
INSERT INTO [Organizador] ([Id], [Organizador]) VALUES (124, 'STA.BARBARA,CLUB UNIO CICLISTA')
INSERT INTO [Organizador] ([Id], [Organizador]) VALUES (125, 'TELLERIARTEKO TX.ELK.')
INSERT INTO [Organizador] ([Id], [Organizador]) VALUES (126, 'TENDERINA, C.C.')
INSERT INTO [Organizador] ([Id], [Organizador]) VALUES (127, 'TINO ZABALLA, CLUB DEPORTIVO')
INSERT INTO [Organizador] ([Id], [Organizador]) VALUES (128, 'TORREDONJIMENO, C.C.')
INSERT INTO [Organizador] ([Id], [Organizador]) VALUES (129, 'TRENCA CAMES,CLUB CICLISTA ELS')
INSERT INTO [Organizador] ([Id], [Organizador]) VALUES (130, 'ULTRASPORT-TEAM, C.D.')
INSERT INTO [Organizador] ([Id], [Organizador]) VALUES (131, 'UNION CICLISTA CANTIMPALOS C.D')
INSERT INTO [Organizador] ([Id], [Organizador]) VALUES (132, 'UNION CICLISTA NAVARRA CLUB DE')
INSERT INTO [Organizador] ([Id], [Organizador]) VALUES (133, 'UNION CICLISTA PALENCIA, C.D.')
INSERT INTO [Organizador] ([Id], [Organizador]) VALUES (134, 'UNION CICLISTA SEGOVIANA, C.D.')
INSERT INTO [Organizador] ([Id], [Organizador]) VALUES (135, 'UNIPUBLIC O.D.C.')
INSERT INTO [Organizador] ([Id], [Organizador]) VALUES (136, 'VALENTIN URIONA MUNGIA S.C.')
INSERT INTO [Organizador] ([Id], [Organizador]) VALUES (137, 'VALLE DE MENA, C.D.C.')
INSERT INTO [Organizador] ([Id], [Organizador]) VALUES (138, 'VIGUES, C.C.')
INSERT INTO [Organizador] ([Id], [Organizador]) VALUES (139, 'VILA-REAL')
INSERT INTO [Organizador] ([Id], [Organizador]) VALUES (140, 'VILLA DEL PRADO U.C.')
INSERT INTO [Organizador] ([Id], [Organizador]) VALUES (141, 'VILLANUEVA DE CASTELLON')
INSERT INTO [Organizador] ([Id], [Organizador]) VALUES (142, 'VILLARCAYO, C.C.')
INSERT INTO [Organizador] ([Id], [Organizador]) VALUES (143, 'VILLAVICIOSA,C.C.')
INSERT INTO [Organizador] ([Id], [Organizador]) VALUES (144, 'VINAROS')
INSERT INTO [Organizador] ([Id], [Organizador]) VALUES (145, 'VITORIANA S.C.')
INSERT INTO [Organizador] ([Id], [Organizador]) VALUES (146, 'VOLTA CICLISTA CATALUNYA A.E.')
INSERT INTO [Organizador] ([Id], [Organizador]) VALUES (147, 'YECLA C.C.')
INSERT INTO [Organizador] ([Id], [Organizador]) VALUES (148, 'ZALLA S.C.')
INSERT INTO [Organizador] ([Id], [Organizador]) VALUES (149, 'ZAMORA, C.D.C.')
-- 149 records
INSERT INTO [Organizador] ([Id], [Organizador]) VALUES (150, 'ORGANIZA1')
INSERT INTO [Organizador] ([Id], [Organizador]) VALUES (151, 'ORGANIZA2')
INSERT INTO [Organizador] ([Id], [Organizador]) VALUES (152, 'ORGANIZA3')
INSERT INTO [Organizador] ([Id], [Organizador]) VALUES (153, 'ORGANIZA4')
INSERT INTO [Organizador] ([Id], [Organizador]) VALUES (154, 'ORGANIZA5')


go


--
-- Dumping data for table 'TipoEquipo'
--

INSERT INTO [TipoEquipo] ([IdTipo], [Tipo]) VALUES (1, 'BTT-DH')
INSERT INTO [TipoEquipo] ([IdTipo], [Tipo]) VALUES (2, 'BTT-XC')
INSERT INTO [TipoEquipo] ([IdTipo], [Tipo]) VALUES (3, 'CADETES')
INSERT INTO [TipoEquipo] ([IdTipo], [Tipo]) VALUES (4, 'CADETES FEMINAS')
INSERT INTO [TipoEquipo] ([IdTipo], [Tipo]) VALUES (5, 'CICLO-CROSS')
INSERT INTO [TipoEquipo] ([IdTipo], [Tipo]) VALUES (6, 'CICLOMASTER')
INSERT INTO [TipoEquipo] ([IdTipo], [Tipo]) VALUES (7, 'ELITE UCI')
INSERT INTO [TipoEquipo] ([IdTipo], [Tipo]) VALUES (8, 'ELITE-SUB23')
INSERT INTO [TipoEquipo] ([IdTipo], [Tipo]) VALUES (9, 'ESCUELAS')
INSERT INTO [TipoEquipo] ([IdTipo], [Tipo]) VALUES (10, 'FEMINAS')
INSERT INTO [TipoEquipo] ([IdTipo], [Tipo]) VALUES (11, 'JUNIOR')
INSERT INTO [TipoEquipo] ([IdTipo], [Tipo]) VALUES (12, 'MASTERS 40, 50 Y 60')
INSERT INTO [TipoEquipo] ([IdTipo], [Tipo]) VALUES (13, 'PISTA')
INSERT INTO [TipoEquipo] ([IdTipo], [Tipo]) VALUES (14, 'SENIOR-MASTER 30-60')
-- 14 records
INSERT INTO [TipoEquipo] ([IdTipo], [Tipo]) VALUES (17, 'TIPO con equipos')
INSERT INTO [TipoEquipo] ([IdTipo], [Tipo]) VALUES (15, 'TIPO1')
INSERT INTO [TipoEquipo] ([IdTipo], [Tipo]) VALUES (16, 'TIPO2')
GO

alter table club
add constraint FK_clubfederacion
foreign key (idfederacion)
references federacion (id);
go

alter table equipo
add constraint FK_equipoclub
foreign key (idclub)
references club (idclub);
go

alter table equipo
add constraint FK_equipotipo
foreign key (idtipo)
references tipoequipo (idtipo);
go

alter table campeonato
add constraint FK_campeonatoorganizador
foreign key (idorganizador)
references organizador (id);
go

alter table equipocampeonato
add constraint FK_equipocampeonato_campeonato
foreign key (idcampeonato)
references campeonato (id);
go

alter table equipocampeonato
add constraint FK_equipocampeonato_equipo
foreign key (idequipo)
references equipo (idequipo);
go


